Info    2026-05-22 15:18:13  DevID:MV-CS016-10UC(DA5555142)  Source-Line:libMvCameraControl.so(CInterfaceManager.cpp-L1888)     Description:[StopGrabbing] return[0x80000003]     Solution:
Error   2026-05-22 15:18:13  DevID:MV-CS016-10UC(DA5555142)  Source-Line:libMvCameraControl.so(CInterfaceManager.cpp-L4492)     Description:[MV_CC_ReadMemory]Address[0x0x30048], Length[4], return[0x80000301]     Solution:
Error   2026-05-22 15:18:13  DevID:MV-CS016-10UC(DA5555142)  Source-Line:libMvCameraControl.so(XmlParse.cpp-L2242)     Description:GetNodeValue [DeviceUptime], nSdkErrCode[80000301]     Solution:
Error   2026-05-22 15:18:13  DevID:MV-CS016-10UC(DA5555142)  Source-Line:libMvCameraControl.so(CInterfaceManager.cpp-L4492)     Description:[MV_CC_ReadMemory]Address[0x0x30824], Length[4], return[0x80000301]     Solution:
Error   2026-05-22 15:18:13  DevID:MV-CS016-10UC(DA5555142)  Source-Line:libMvCameraControl.so(XmlParse.cpp-L1337)     Description:GetNodeValue [ResultingFrameRate], nSdkErrCode[80000301]     Solution:
Error   2026-05-22 15:18:13  DevID:MV-CS016-10UC(DA5555142)  Source-Line:libMvCameraControl.so(CInterfaceManager.cpp-L4492)     Description:[MV_CC_ReadMemory]Address[0x0x30b04], Length[4], return[0x80000301]     Solution:
Error   2026-05-22 15:18:13  DevID:MV-CS016-10UC(DA5555142)  Source-Line:libMvCameraControl.so(XmlParse.cpp-L2674)     Description:GetNodeValue [ExposureTime], nSdkErrCode[80000301]     Solution:
Error   2026-05-22 15:18:13  DevID:MV-CS016-10UC(DA5555142)  Source-Line:libMvCameraControl.so(CInterfaceManager.cpp-L4492)     Description:[MV_CC_ReadMemory]Address[0x0x30b08], Length[4], return[0x80000301]     Solution:
Error   2026-05-22 15:18:13  DevID:MV-CS016-10UC(DA5555142)  Source-Line:libMvCameraControl.so(XmlParse.cpp-L2414)     Description:GetNodeValue [ExposureAuto], nSdkErrCode[80000301]     Solution:
Info    2026-05-22 15:18:13  DevID:MV-CS016-10UC(DA5555142)  Source-Line:libMvCameraControl.so(CInterfaceManager.cpp-L1703)     Description:U3V, DeviceModelName[MV-CS016-10UC], DeviceFirmwareVersion[V2.1.4 2309271116552 23092502], DeviceMaxThroughput[387500]     Solution:
Info    2026-05-22 15:18:13  DevID:MV-CS016-10UC(DA5555142)  Source-Line:libMvCameraControl.so(CInterfaceManager.cpp-L1708)     Description:U3V, Width[1440], Height[1080], OffsetX[0], OffsetY[0], PixelFormat[0x1080009], AcquisitionMode[2]     Solution:
Info    2026-05-22 15:18:13  DevID:MV-CS016-10UC(DA5555142)  Source-Line:libMvCameraControl.so(CInterfaceManager.cpp-L1713)     Description:U3V, TriggerMode[0], ResultingFrameRate[0.00], ExposureTime[0.00], ExposureAuto[0], PayloadSize[1555200]     Solution:
Info    2026-05-22 15:18:13  DevID:MV-CS016-10UC(DA5555142)  Source-Line:libMvCameraControl.so(CInterfaceManager.cpp-L1800)     Description:[MV_CC_StartGrabbing] return[0x80000301]     Solution:
Error   2026-05-22 15:18:13  DevID:MV-CS016-10UC(DA5555142)  Source-Line:libMvCameraControl.so(CInterfaceManager.cpp-L4492)     Description:[MV_CC_ReadMemory]Address[0x0x30808], Length[4], return[0x80000301]     Solution:
Error   2026-05-22 15:18:13  DevID:MV-CS016-10UC(DA5555142)  Source-Line:libMvCameraControl.so(XmlParse.cpp-L3943)     Description:Set Acquisition Stop Execute Failed, ErrorCode[0x80000301]     Solution:
Info    2026-05-22 15:18:13  DevID:MV-CS016-10UC(DA5555142)  Source-Line:libMvCameraControl.so(CInterfaceManager.cpp-L1888)     Description:[StopGrabbing] return[0x80000003]     Solution:
Error   2026-05-22 15:18:13  DevID:MV-CS016-10UC(DA5555142)  Source-Line:libMvCameraControl.so(CInterfaceManager.cpp-L4492)     Description:[MV_CC_ReadMemory]Address[0x0x30048], Length[4], return[0x80000301]     Solution:
Error   2026-05-22 15:18:13  DevID:MV-CS016-10UC(DA5555142)  Source-Line:libMvCameraControl.so(XmlParse.cpp-L2242)     Description:GetNodeValue [DeviceUptime], nSdkErrCode[80000301]     Solution:
Error   2026-05-22 15:18:13  DevID:MV-CS016-10UC(DA5555142)  Source-Line:libMvCameraControl.so(CInterfaceManager.cpp-L4492)     Description:[MV_CC_ReadMemory]Address[0x0x30824], Length[4], return[0x80000301]     Solution:
Error   2026-05-22 15:18:13  DevID:MV-CS016-10UC(DA5555142)  Source-Line:libMvCameraControl.so(XmlParse.cpp-L1337)     Description:GetNodeValue [ResultingFrameRate], nSdkErrCode[80000301]     Solution:
Error   2026-05-22 15:18:13  DevID:MV-CS016-10UC(DA5555142)  Source-Line:libMvCameraControl.so(CInterfaceManager.cpp-L4492)     Description:[MV_CC_ReadMemory]Address[0x0x30b04], Length[4], return[0x80000301]     Solution:
Error   2026-05-22 15:18:13  DevID:MV-CS016-10UC(DA5555142)  Source-Line:libMvCameraControl.so(XmlParse.cpp-L2674)     Description:GetNodeValue [ExposureTime], nSdkErrCode[80000301]     Solution:
Error   2026-05-22 15:18:13  DevID:MV-CS016-10UC(DA5555142)  Source-Line:libMvCameraControl.so(CInterfaceManager.cpp-L4492)     Description:[MV_CC_ReadMemory]Address[0x0x30b08], Length[4], return[0x80000301]     Solution:
Error   2026-05-22 15:18:13  DevID:MV-CS016-10UC(DA5555142)  Source-Line:libMvCameraControl.so(XmlParse.cpp-L2414)     Description:GetNodeValue [ExposureAuto], nSdkErrCode[80000301]     Solution:
Info    2026-05-22 15:18:13  DevID:MV-CS016-10UC(DA5555142)  Source-Line:libMvCameraControl.so(CInterfaceManager.cpp-L1703)     Description:U3V, DeviceModelName[MV-CS016-10UC], DeviceFirmwareVersion[V2.1.4 2309271116552 23092502], DeviceMaxThroughput[387500]     Solution:
Info    2026-05-22 15:18:13  DevID:MV-CS016-10UC(DA5555142)  Source-Line:libMvCameraControl.so(CInterfaceManager.cpp-L1708)     Description:U3V, Width[1440], Height[1080], OffsetX[0], OffsetY[0], PixelFormat[0x1080009], AcquisitionMode[2]     Solution:
Info    2026-05-22 15:18:13  DevID:MV-CS016-10UC(DA5555142)  Source-Line:libMvCameraControl.so(CInterfaceManager.cpp-L1713)     Description:U3V, TriggerMode[0], ResultingFrameRate[0.00], ExposureTime[0.00], ExposureAuto[0], PayloadSize[1555200]     Solution:
Info    2026-05-22 15:18:13  DevID:MV-CS016-10UC(DA5555142)  Source-Line:libMvCameraControl.so(CInterfaceManager.cpp-L1800)     Description:[MV_CC_StartGrabbing] return[0x80000301]     Solution:
Error   2026-05-22 15:18:13  DevID:MV-CS016-10UC(DA5555142)  Source-Line:libMvCameraControl.so(CInterfaceManager.cpp-L4492)     Description:[MV_CC_ReadMemory]Address[0x0x30808], Length[4], return[0x80000301]     Solution:
Error   2026-05-22 15:18:13  DevID:MV-CS016-10UC(DA5555142)  Source-Line:libMvCameraControl.so(XmlParse.cpp-L3943)     Description:Set Acquisition Stop Execute Failed, ErrorCode[0x80000301]     Solution:
Info    2026-05-22 15:18:13  DevID:MV-CS016-10UC(DA5555142)  Source-Line:libMvCameraControl.so(CInterfaceManager.cpp-L1888)     Description:[StopGrabbing] return[0x80000003]     Solution:
Error   2026-05-22 15:18:13  DevID:MV-CS016-10UC(DA5555142)  Source-Line:libMvCameraControl.so(CInterfaceManager.cpp-L4492)     Description:[MV_CC_ReadMemory]Address[0x0x30048], Length[4], return[0x80000301]     Solution:
Error   2026-05-22 15:18:13  DevID:MV-CS016-10UC(DA5555142)  Source-Line:libMvCameraControl.so(XmlParse.cpp-L2242)     Description:GetNodeValue [DeviceUptime], nSdkErrCode[80000301]     Solution:
Error   2026-05-22 15:18:13  DevID:MV-CS016-10UC(DA5555142)  Source-Line:libMvCameraControl.so(CInterfaceManager.cpp-L4492)     Description:[MV_CC_ReadMemory]Address[0x0x30824], Length[4], return[0x80000301]     Solution:
Error   2026-05-22 15:18:13  DevID:MV-CS016-10UC(DA5555142)  Source-Line:libMvCameraControl.so(XmlParse.cpp-L1337)     Description:GetNodeValue [ResultingFrameRate], nSdkErrCode[80000301]     Solution:
Error   2026-05-22 15:18:13  DevID:MV-CS016-10UC(DA5555142)  Source-Line:libMvCameraControl.so(CInterfaceManager.cpp-L4492)     Description:[MV_CC_ReadMemory]Address[0x0x30b04], Length[4], return[0x80000301]     Solution:
Error   2026-05-22 15:18:13  DevID:MV-CS016-10UC(DA5555142)  Source-Line:libMvCameraControl.so(XmlParse.cpp-L2674)     Description:GetNodeValue [ExposureTime], nSdkErrCode[80000301]     Solution:
Error   2026-05-22 15:18:13  DevID:MV-CS016-10UC(DA5555142)  Source-Line:libMvCameraControl.so(CInterfaceManager.cpp-L4492)     Description:[MV_CC_ReadMemory]Address[0x0x30b08], Length[4], return[0x80000301]     Solution:
Error   2026-05-22 15:18:13  DevID:MV-CS016-10UC(DA5555142)  Source-Line:libMvCameraControl.so(XmlParse.cpp-L2414)     Description:GetNodeValue [ExposureAuto], nSdkErrCode[80000301]     Solution:
Info    2026-05-22 15:18:13  DevID:MV-CS016-10UC(DA5555142)  Source-Line:libMvCameraControl.so(CInterfaceManager.cpp-L1703)     Description:U3V, DeviceModelName[MV-CS016-10UC], DeviceFirmwareVersion[V2.1.4 2309271116552 23092502], DeviceMaxThroughput[387500]     Solution:
Info    2026-05-22 15:18:13  DevID:MV-CS016-10UC(DA5555142)  Source-Line:libMvCameraControl.so(CInterfaceManager.cpp-L1708)     Description:U3V, Width[1440], Height[1080], OffsetX[0], OffsetY[0], PixelFormat[0x1080009], AcquisitionMode[2]     Solution:
Info    2026-05-22 15:18:13  DevID:MV-CS016-10UC(DA5555142)  Source-Line:libMvCameraControl.so(CInterfaceManager.cpp-L1713)     Description:U3V, TriggerMode[0], ResultingFrameRate[0.00], ExposureTime[0.00], ExposureAuto[0], PayloadSize[1555200]     Solution:
Info    2026-05-22 15:18:13  DevID:MV-CS016-10UC(DA5555142)  Source-Line:libMvCameraControl.so(CInterfaceManager.cpp-L1800)     Description:[MV_CC_StartGrabbing] return[0x80000301]     Solution:
Error   2026-05-22 15:18:13  DevID:MV-CS016-10UC(DA5555142)  Source-Line:libMvCameraControl.so(CInterfaceManager.cpp-L4492)     Description:[MV_CC_ReadMemory]Address[0x0x30808], Length[4], return[0x80000301]     Solution:
Error   2026-05-22 15:18:13  DevID:MV-CS016-10UC(DA5555142)  Source-Line:libMvCameraControl.so(XmlParse.cpp-L3943)     Description:Set Acquisition Stop Execute Failed, ErrorCode[0x80000301]     Solution:
Info    2026-05-22 15:18:13  DevID:MV-CS016-10UC(DA5555142)  Source-Line:libMvCameraControl.so(CInterfaceManager.cpp-L1888)     Description:[StopGrabbing] return[0x80000003]     Solution:
Error   2026-05-22 15:18:13  DevID:MV-CS016-10UC(DA5555142)  Source-Line:libMvCameraControl.so(CInterfaceManager.cpp-L4492)     Description:[MV_CC_ReadMemory]Address[0x0x30048], Length[4], return[0x80000301]     Solution:
Error   2026-05-22 15:18:13  DevID:MV-CS016-10UC(DA5555142)  Source-Line:libMvCameraControl.so(XmlParse.cpp-L2242)     Description:GetNodeValue [DeviceUptime], nSdkErrCode[80000301]     Solution:
Error   2026-05-22 15:18:13  DevID:MV-CS016-10UC(DA5555142)  Source-Line:libMvCameraControl.so(CInterfaceManager.cpp-L4492)     Description:[MV_CC_ReadMemory]Address[0x0x30824], Length[4], return[0x80000301]     Solution:
Error   2026-05-22 15:18:13  DevID:MV-CS016-10UC(DA5555142)  Source-Line:libMvCameraControl.so(XmlParse.cpp-L1337)     Description:GetNodeValue [ResultingFrameRate], nSdkErrCode[80000301]     Solution:
Error   2026-05-22 15:18:13  DevID:MV-CS016-10UC(DA5555142)  Source-Line:libMvCameraControl.so(CInterfaceManager.cpp-L4492)     Description:[MV_CC_ReadMemory]Address[0x0x30b04], Length[4], return[0x80000301]     Solution:
Error   2026-05-22 15:18:13  DevID:MV-CS016-10UC(DA5555142)  Source-Line:libMvCameraControl.so(XmlParse.cpp-L2674)     Description:GetNodeValue [ExposureTime], nSdkErrCode[80000301]     Solution:
Error   2026-05-22 15:18:13  DevID:MV-CS016-10UC(DA5555142)  Source-Line:libMvCameraControl.so(CInterfaceManager.cpp-L4492)     Description:[MV_CC_ReadMemory]Address[0x0x30b08], Length[4], return[0x80000301]     Solution:
Error   2026-05-22 15:18:13  DevID:MV-CS016-10UC(DA5555142)  Source-Line:libMvCameraControl.so(XmlParse.cpp-L2414)     Description:GetNodeValue [ExposureAuto], nSdkErrCode[80000301]     Solution:
Info    2026-05-22 15:18:13  DevID:MV-CS016-10UC(DA5555142)  Source-Line:libMvCameraControl.so(CInterfaceManager.cpp-L1703)     Description:U3V, DeviceModelName[MV-CS016-10UC], DeviceFirmwareVersion[V2.1.4 2309271116552 23092502], DeviceMaxThroughput[387500]     Solution:
Info    2026-05-22 15:18:13  DevID:MV-CS016-10UC(DA5555142)  Source-Line:libMvCameraControl.so(CInterfaceManager.cpp-L1708)     Description:U3V, Width[1440], Height[1080], OffsetX[0], OffsetY[0], PixelFormat[0x1080009], AcquisitionMode[2]     Solution:
Info    2026-05-22 15:18:13  DevID:MV-CS016-10UC(DA5555142)  Source-Line:libMvCameraControl.so(CInterfaceManager.cpp-L1713)     Description:U3V, TriggerMode[0], ResultingFrameRate[0.00], ExposureTime[0.00], ExposureAuto[0], PayloadSize[1555200]     Solution:
Info    2026-05-22 15:18:13  DevID:MV-CS016-10UC(DA5555142)  Source-Line:libMvCameraControl.so(CInterfaceManager.cpp-L1800)     Description:[MV_CC_StartGrabbing] return[0x80000301]     Solution:
Error   2026-05-22 15:18:13  DevID:MV-CS016-10UC(DA5555142)  Source-Line:libMvCameraControl.so(CInterfaceManager.cpp-L4492)     Description:[MV_CC_ReadMemory]Address[0x0x30808], Length[4], return[0x80000301]     Solution:
Error   2026-05-22 15:18:13  DevID:MV-CS016-10UC(DA5555142)  Source-Line:libMvCameraControl.so(XmlParse.cpp-L3943)     Description:Set Acquisition Stop Execute Failed, ErrorCode[0x80000301]     Solution:
Info    2026-05-22 15:18:13  DevID:MV-CS016-10UC(DA5555142)  Source-Line:libMvCameraControl.so(CInterfaceManager.cpp-L1888)     Description:[StopGrabbing] return[0x80000003]     Solution:
Error   2026-05-22 15:18:13  DevID:MV-CS016-10UC(DA5555142)  Source-Line:libMvCameraControl.so(CInterfaceManager.cpp-L4492)     Description:[MV_CC_ReadMemory]Address[0x0x30048], Length[4], return[0x80000301]     Solution:
Error   2026-05-22 15:18:13  DevID:MV-CS016-10UC(DA5555142)  Source-Line:libMvCameraControl.so(XmlParse.cpp-L2242)     Description:GetNodeValue [DeviceUptime], nSdkErrCode[80000301]     Solution:
Error   2026-05-22 15:18:13  DevID:MV-CS016-10UC(DA5555142)  Source-Line:libMvCameraControl.so(CInterfaceManager.cpp-L4492)     Description:[MV_CC_ReadMemory]Address[0x0x30824], Length[4], return[0x80000301]     Solution:
Error   2026-05-22 15:18:13  DevID:MV-CS016-10UC(DA5555142)  Source-Line:libMvCameraControl.so(XmlParse.cpp-L1337)     Description:GetNodeValue [ResultingFrameRate], nSdkErrCode[80000301]     Solution:
Error   2026-05-22 15:18:13  DevID:MV-CS016-10UC(DA5555142)  Source-Line:libMvCameraControl.so(CInterfaceManager.cpp-L4492)     Description:[MV_CC_ReadMemory]Address[0x0x30b04], Length[4], return[0x80000301]     Solution:
Error   2026-05-22 15:18:13  DevID:MV-CS016-10UC(DA5555142)  Source-Line:libMvCameraControl.so(XmlParse.cpp-L2674)     Description:GetNodeValue [ExposureTime], nSdkErrCode[80000301]     Solution:
Error   2026-05-22 15:18:13  DevID:MV-CS016-10UC(DA5555142)  Source-Line:libMvCameraControl.so(CInterfaceManager.cpp-L4492)     Description:[MV_CC_ReadMemory]Address[0x0x30b08], Length[4], return[0x80000301]     Solution:
Error   2026-05-22 15:18:13  DevID:MV-CS016-10UC(DA5555142)  Source-Line:libMvCameraControl.so(XmlParse.cpp-L2414)     Description:GetNodeValue [ExposureAuto], nSdkErrCode[80000301]     Solution:
Info    2026-05-22 15:18:13  DevID:MV-CS016-10UC(DA5555142)  Source-Line:libMvCameraControl.so(CInterfaceManager.cpp-L1703)     Description:U3V, DeviceModelName[MV-CS016-10UC], DeviceFirmwareVersion[V2.1.4 2309271116552 23092502], DeviceMaxThroughput[387500]     Solution:
Info    2026-05-22 15:18:13  DevID:MV-CS016-10UC(DA5555142)  Source-Line:libMvCameraControl.so(CInterfaceManager.cpp-L1708)     Description:U3V, Width[1440], Height[1080], OffsetX[0], OffsetY[0], PixelFormat[0x1080009], AcquisitionMode[2]     Solution:
Info    2026-05-22 15:18:13  DevID:MV-CS016-10UC(DA5555142)  Source-Line:libMvCameraControl.so(CInterfaceManager.cpp-L1713)     Description:U3V, TriggerMode[0], ResultingFrameRate[0.00], ExposureTime[0.00], ExposureAuto[0], PayloadSize[1555200]     Solution:
Info    2026-05-22 15:18:13  DevID:MV-CS016-10UC(DA5555142)  Source-Line:libMvCameraControl.so(CInterfaceManager.cpp-L1800)     Description:[MV_CC_StartGrabbing] return[0x80000301]     Solution:
Error   2026-05-22 15:18:13  DevID:MV-CS016-10UC(DA5555142)  Source-Line:libMvCameraControl.so(CInterfaceManager.cpp-L4492)     Description:[MV_CC_ReadMemory]Address[0x0x30808], Length[4], return[0x80000301]     Solution:
Error   2026-05-22 15:18:13  DevID:MV-CS016-10UC(DA5555142)  Source-Line:libMvCameraControl.so(XmlParse.cpp-L3943)     Description:Set Acquisition Stop Execute Failed, ErrorCode[0x80000301]     Solution:
Info    2026-05-22 15:18:13  DevID:MV-CS016-10UC(DA5555142)  Source-Line:libMvCameraControl.so(CInterfaceManager.cpp-L1888)     Description:[StopGrabbing] return[0x80000003]     Solution:
Error   2026-05-22 15:18:13  DevID:MV-CS016-10UC(DA5555142)  Source-Line:libMvCameraControl.so(CInterfaceManager.cpp-L4492)     Description:[MV_CC_ReadMemory]Address[0x0x30048], Length[4], return[0x80000301]     Solution:
Error   2026-05-22 15:18:13  DevID:MV-CS016-10UC(DA5555142)  Source-Line:libMvCameraControl.so(XmlParse.cpp-L2242)     Description:GetNodeValue [DeviceUptime], nSdkErrCode[80000301]     Solution:
Error   2026-05-22 15:18:13  DevID:MV-CS016-10UC(DA5555142)  Source-Line:libMvCameraControl.so(CInterfaceManager.cpp-L4492)     Description:[MV_CC_ReadMemory]Address[0x0x30824], Length[4], return[0x80000301]     Solution:
Error   2026-05-22 15:18:13  DevID:MV-CS016-10UC(DA5555142)  Source-Line:libMvCameraControl.so(XmlParse.cpp-L1337)     Description:GetNodeValue [ResultingFrameRate], nSdkErrCode[80000301]     Solution:
Error   2026-05-22 15:18:13  DevID:MV-CS016-10UC(DA5555142)  Source-Line:libMvCameraControl.so(CInterfaceManager.cpp-L4492)     Description:[MV_CC_ReadMemory]Address[0x0x30b04], Length[4], return[0x80000301]     Solution:
Error   2026-05-22 15:18:13  DevID:MV-CS016-10UC(DA5555142)  Source-Line:libMvCameraControl.so(XmlParse.cpp-L2674)     Description:GetNodeValue [ExposureTime], nSdkErrCode[80000301]     Solution:
Error   2026-05-22 15:18:13  DevID:MV-CS016-10UC(DA5555142)  Source-Line:libMvCameraControl.so(CInterfaceManager.cpp-L4492)     Description:[MV_CC_ReadMemory]Address[0x0x30b08], Length[4], return[0x80000301]     Solution:
Error   2026-05-22 15:18:13  DevID:MV-CS016-10UC(DA5555142)  Source-Line:libMvCameraControl.so(XmlParse.cpp-L2414)     Description:GetNodeValue [ExposureAuto], nSdkErrCode[80000301]     Solution:
Info    2026-05-22 15:18:13  DevID:MV-CS016-10UC(DA5555142)  Source-Line:libMvCameraControl.so(CInterfaceManager.cpp-L1703)     Description:U3V, DeviceModelName[MV-CS016-10UC], DeviceFirmwareVersion[V2.1.4 2309271116552 23092502], DeviceMaxThroughput[387500]     Solution:
Info    2026-05-22 15:18:13  DevID:MV-CS016-10UC(DA5555142)  Source-Line:libMvCameraControl.so(CInterfaceManager.cpp-L1708)     Description:U3V, Width[1440], Height[1080], OffsetX[0], OffsetY[0], PixelFormat[0x1080009], AcquisitionMode[2]     Solution:
Info    2026-05-22 15:18:13  DevID:MV-CS016-10UC(DA5555142)  Source-Line:libMvCameraControl.so(CInterfaceManager.cpp-L1713)     Description:U3V, TriggerMode[0], ResultingFrameRate[0.00], ExposureTime[0.00], ExposureAuto[0], PayloadSize[1555200]     Solution:
Info    2026-05-22 15:18:13  DevID:MV-CS016-10UC(DA5555142)  Source-Line:libMvCameraControl.so(CInterfaceManager.cpp-L1800)     Description:[MV_CC_StartGrabbing] return[0x80000301]     Solution:
Error   2026-05-22 15:18:13  DevID:MV-CS016-10UC(DA5555142)  Source-Line:libMvCameraControl.so(CInterfaceManager.cpp-L4492)     Description:[MV_CC_ReadMemory]Address[0x0x30808], Length[4], return[0x80000301]     Solution:
Error   2026-05-22 15:18:13  DevID:MV-CS016-10UC(DA5555142)  Source-Line:libMvCameraControl.so(XmlParse.cpp-L3943)     Description:Set Acquisition Stop Execute Failed, ErrorCode[0x80000301]     Solution:
Info    2026-05-22 15:18:13  DevID:MV-CS016-10UC(DA5555142)  Source-Line:libMvCameraControl.so(CInterfaceManager.cpp-L1888)     Description:[StopGrabbing] return[0x80000003]     Solution:
Error   2026-05-22 15:18:13  DevID:MV-CS016-10UC(DA5555142)  Source-Line:libMvCameraControl.so(CInterfaceManager.cpp-L4492)     Description:[MV_CC_ReadMemory]Address[0x0x30048], Length[4], return[0x80000301]     Solution:
Error   2026-05-22 15:18:13  DevID:MV-CS016-10UC(DA5555142)  Source-Line:libMvCameraControl.so(XmlParse.cpp-L2242)     Description:GetNodeValue [DeviceUptime], nSdkErrCode[80000301]     Solution:
Error   2026-05-22 15:18:13  DevID:MV-CS016-10UC(DA5555142)  Source-Line:libMvCameraControl.so(CInterfaceManager.cpp-L4492)     Description:[MV_CC_ReadMemory]Address[0x0x30824], Length[4], return[0x80000301]     Solution:
Error   2026-05-22 15:18:13  DevID:MV-CS016-10UC(DA5555142)  Source-Line:libMvCameraControl.so(XmlParse.cpp-L1337)     Description:GetNodeValue [ResultingFrameRate], nSdkErrCode[80000301]     Solution:
Error   2026-05-22 15:18:13  DevID:MV-CS016-10UC(DA5555142)  Source-Line:libMvCameraControl.so(CInterfaceManager.cpp-L4492)     Description:[MV_CC_ReadMemory]Address[0x0x30b04], Length[4], return[0x80000301]     Solution:
Error   2026-05-22 15:18:13  DevID:MV-CS016-10UC(DA5555142)  Source-Line:libMvCameraControl.so(XmlParse.cpp-L2674)     Description:GetNodeValue [ExposureTime], nSdkErrCode[80000301]     Solution:
Error   2026-05-22 15:18:13  DevID:MV-CS016-10UC(DA5555142)  Source-Line:libMvCameraControl.so(CInterfaceManager.cpp-L4492)     Description:[MV_CC_ReadMemory]Address[0x0x30b08], Length[4], return[0x80000301]     Solution:
Error   2026-05-22 15:18:13  DevID:MV-CS016-10UC(DA5555142)  Source-Line:libMvCameraControl.so(XmlParse.cpp-L2414)     Description:GetNodeValue [ExposureAuto], nSdkErrCode[80000301]     Solution:
Info    2026-05-22 15:18:13  DevID:MV-CS016-10UC(DA5555142)  Source-Line:libMvCameraControl.so(CInterfaceManager.cpp-L1703)     Description:U3V, DeviceModelName[MV-CS016-10UC], DeviceFirmwareVersion[V2.1.4 2309271116552 23092502], DeviceMaxThroughput[387500]     Solution:
Info    2026-05-22 15:18:13  DevID:MV-CS016-10UC(DA5555142)  Source-Line:libMvCameraControl.so(CInterfaceManager.cpp-L1708)     Description:U3V, Width[1440], Height[1080], OffsetX[0], OffsetY[0], PixelFormat[0x1080009], AcquisitionMode[2]     Solution:
Info    2026-05-22 15:18:13  DevID:MV-CS016-10UC(DA5555142)  Source-Line:libMvCameraControl.so(CInterfaceManager.cpp-L1713)     Description:U3V, TriggerMode[0], ResultingFrameRate[0.00], ExposureTime[0.00], ExposureAuto[0], PayloadSize[1555200]     Solution:
Info    2026-05-22 15:18:13  DevID:MV-CS016-10UC(DA5555142)  Source-Line:libMvCameraControl.so(CInterfaceManager.cpp-L1800)     Description:[MV_CC_StartGrabbing] return[0x80000301]     Solution:
Error   2026-05-22 15:18:13  DevID:MV-CS016-10UC(DA5555142)  Source-Line:libMvCameraControl.so(CInterfaceManager.cpp-L4492)     Description:[MV_CC_ReadMemory]Address[0x0x30808], Length[4], return[0x80000301]     Solution:
Error   2026-05-22 15:18:13  DevID:MV-CS016-10UC(DA5555142)  Source-Line:libMvCameraControl.so(XmlParse.cpp-L3943)     Description:Set Acquisition Stop Execute Failed, ErrorCode[0x80000301]     Solution:
Info    2026-05-22 15:18:13  DevID:MV-CS016-10UC(DA5555142)  Source-Line:libMvCameraControl.so(CInterfaceManager.cpp-L1888)     Description:[StopGrabbing] return[0x80000003]     Solution:
Error   2026-05-22 15:18:13  DevID:MV-CS016-10UC(DA5555142)  Source-Line:libMvCameraControl.so(CInterfaceManager.cpp-L4492)     Description:[MV_CC_ReadMemory]Address[0x0x30048], Length[4], return[0x80000301]     Solution:
Error   2026-05-22 15:18:13  DevID:MV-CS016-10UC(DA5555142)  Source-Line:libMvCameraControl.so(XmlParse.cpp-L2242)     Description:GetNodeValue [DeviceUptime], nSdkErrCode[80000301]     Solution:
Error   2026-05-22 15:18:13  DevID:MV-CS016-10UC(DA5555142)  Source-Line:libMvCameraControl.so(CInterfaceManager.cpp-L4492)     Description:[MV_CC_ReadMemory]Address[0x0x30824], Length[4], return[0x80000301]     Solution:
Error   2026-05-22 15:18:13  DevID:MV-CS016-10UC(DA5555142)  Source-Line:libMvCameraControl.so(XmlParse.cpp-L1337)     Description:GetNodeValue [ResultingFrameRate], nSdkErrCode[80000301]     Solution:
Error   2026-05-22 15:18:13  DevID:MV-CS016-10UC(DA5555142)  Source-Line:libMvCameraControl.so(CInterfaceManager.cpp-L4492)     Description:[MV_CC_ReadMemory]Address[0x0x30b04], Length[4], return[0x80000301]     Solution:
Error   2026-05-22 15:18:13  DevID:MV-CS016-10UC(DA5555142)  Source-Line:libMvCameraControl.so(XmlParse.cpp-L2674)     Description:GetNodeValue [ExposureTime], nSdkErrCode[80000301]     Solution:
Error   2026-05-22 15:18:13  DevID:MV-CS016-10UC(DA5555142)  Source-Line:libMvCameraControl.so(CInterfaceManager.cpp-L4492)     Description:[MV_CC_ReadMemory]Address[0x0x30b08], Length[4], return[0x80000301]     Solution:
Error   2026-05-22 15:18:13  DevID:MV-CS016-10UC(DA5555142)  Source-Line:libMvCameraControl.so(XmlParse.cpp-L2414)     Description:GetNodeValue [ExposureAuto], nSdkErrCode[80000301]     Solution:
Info    2026-05-22 15:18:13  DevID:MV-CS016-10UC(DA5555142)  Source-Line:libMvCameraControl.so(CInterfaceManager.cpp-L1703)     Description:U3V, DeviceModelName[MV-CS016-10UC], DeviceFirmwareVersion[V2.1.4 2309271116552 23092502], DeviceMaxThroughput[387500]     Solution:
Info    2026-05-22 15:18:13  DevID:MV-CS016-10UC(DA5555142)  Source-Line:libMvCameraControl.so(CInterfaceManager.cpp-L1708)     Description:U3V, Width[1440], Height[1080], OffsetX[0], OffsetY[0], PixelFormat[0x1080009], AcquisitionMode[2]     Solution:
Info    2026-05-22 15:18:13  DevID:MV-CS016-10UC(DA5555142)  Source-Line:libMvCameraControl.so(CInterfaceManager.cpp-L1713)     Description:U3V, TriggerMode[0], ResultingFrameRate[0.00], ExposureTime[0.00], ExposureAuto[0], PayloadSize[1555200]     Solution:
Info    2026-05-22 15:18:13  DevID:MV-CS016-10UC(DA5555142)  Source-Line:libMvCameraControl.so(CInterfaceManager.cpp-L1800)     Description:[MV_CC_StartGrabbing] return[0x80000301]     Solution:
Error   2026-05-22 15:18:13  DevID:MV-CS016-10UC(DA5555142)  Source-Line:libMvCameraControl.so(CInterfaceManager.cpp-L4492)     Description:[MV_CC_ReadMemory]Address[0x0x30808], Length[4], return[0x80000301]     Solution:
Error   2026-05-22 15:18:13  DevID:MV-CS016-10UC(DA5555142)  Source-Line:libMvCameraControl.so(XmlParse.cpp-L3943)     Description:Set Acquisition Stop Execute Failed, ErrorCode[0x80000301]     Solution:
Info    2026-05-22 15:18:13  DevID:MV-CS016-10UC(DA5555142)  Source-Line:libMvCameraControl.so(CInterfaceManager.cpp-L1888)     Description:[StopGrabbing] return[0x80000003]     Solution:
Error   2026-05-22 15:18:13  DevID:MV-CS016-10UC(DA5555142)  Source-Line:libMvCameraControl.so(CInterfaceManager.cpp-L4492)     Description:[MV_CC_ReadMemory]Address[0x0x30048], Length[4], return[0x80000301]     Solution:
Error   2026-05-22 15:18:13  DevID:MV-CS016-10UC(DA5555142)  Source-Line:libMvCameraControl.so(XmlParse.cpp-L2242)     Description:GetNodeValue [DeviceUptime], nSdkErrCode[80000301]     Solution:
Error   2026-05-22 15:18:13  DevID:MV-CS016-10UC(DA5555142)  Source-Line:libMvCameraControl.so(CInterfaceManager.cpp-L4492)     Description:[MV_CC_ReadMemory]Address[0x0x30824], Length[4], return[0x80000301]     Solution:
Error   2026-05-22 15:18:13  DevID:MV-CS016-10UC(DA5555142)  Source-Line:libMvCameraControl.so(XmlParse.cpp-L1337)     Description:GetNodeValue [ResultingFrameRate], nSdkErrCode[80000301]     Solution:
Error   2026-05-22 15:18:13  DevID:MV-CS016-10UC(DA5555142)  Source-Line:libMvCameraControl.so(CInterfaceManager.cpp-L4492)     Description:[MV_CC_ReadMemory]Address[0x0x30b04], Length[4], return[0x80000301]     Solution:
Error   2026-05-22 15:18:13  DevID:MV-CS016-10UC(DA5555142)  Source-Line:libMvCameraControl.so(XmlParse.cpp-L2674)     Description:GetNodeValue [ExposureTime], nSdkErrCode[80000301]     Solution:
Error   2026-05-22 15:18:13  DevID:MV-CS016-10UC(DA5555142)  Source-Line:libMvCameraControl.so(CInterfaceManager.cpp-L4492)     Description:[MV_CC_ReadMemory]Address[0x0x30b08], Length[4], return[0x80000301]     Solution:
Error   2026-05-22 15:18:13  DevID:MV-CS016-10UC(DA5555142)  Source-Line:libMvCameraControl.so(XmlParse.cpp-L2414)     Description:GetNodeValue [ExposureAuto], nSdkErrCode[80000301]     Solution:
Info    2026-05-22 15:18:13  DevID:MV-CS016-10UC(DA5555142)  Source-Line:libMvCameraControl.so(CInterfaceManager.cpp-L1703)     Description:U3V, DeviceModelName[MV-CS016-10UC], DeviceFirmwareVersion[V2.1.4 2309271116552 23092502], DeviceMaxThroughput[387500]     Solution:
Info    2026-05-22 15:18:13  DevID:MV-CS016-10UC(DA5555142)  Source-Line:libMvCameraControl.so(CInterfaceManager.cpp-L1708)     Description:U3V, Width[1440], Height[1080], OffsetX[0], OffsetY[0], PixelFormat[0x1080009], AcquisitionMode[2]     Solution:
Info    2026-05-22 15:18:13  DevID:MV-CS016-10UC(DA5555142)  Source-Line:libMvCameraControl.so(CInterfaceManager.cpp-L1713)     Description:U3V, TriggerMode[0], ResultingFrameRate[0.00], ExposureTime[0.00], ExposureAuto[0], PayloadSize[1555200]     Solution:
Info    2026-05-22 15:18:13  DevID:MV-CS016-10UC(DA5555142)  Source-Line:libMvCameraControl.so(CInterfaceManager.cpp-L1800)     Description:[MV_CC_StartGrabbing] return[0x80000301]     Solution:
Error   2026-05-22 15:18:13  DevID:MV-CS016-10UC(DA5555142)  Source-Line:libMvCameraControl.so(CInterfaceManager.cpp-L4492)     Description:[MV_CC_ReadMemory]Address[0x0x30808], Length[4], return[0x80000301]     Solution:
Error   2026-05-22 15:18:13  DevID:MV-CS016-10UC(DA5555142)  Source-Line:libMvCameraControl.so(XmlParse.cpp-L3943)     Description:Set Acquisition Stop Execute Failed, ErrorCode[0x80000301]     Solution:
Info    2026-05-22 15:18:13  DevID:MV-CS016-10UC(DA5555142)  Source-Line:libMvCameraControl.so(CInterfaceManager.cpp-L1888)     Description:[StopGrabbing] return[0x80000003]     Solution:
Error   2026-05-22 15:18:13  DevID:MV-CS016-10UC(DA5555142)  Source-Line:libMvCameraControl.so(CInterfaceManager.cpp-L4492)     Description:[MV_CC_ReadMemory]Address[0x0x30048], Length[4], return[0x80000301]     Solution:
Error   2026-05-22 15:18:13  DevID:MV-CS016-10UC(DA5555142)  Source-Line:libMvCameraControl.so(XmlParse.cpp-L2242)     Description:GetNodeValue [DeviceUptime], nSdkErrCode[80000301]     Solution:
Error   2026-05-22 15:18:13  DevID:MV-CS016-10UC(DA5555142)  Source-Line:libMvCameraControl.so(CInterfaceManager.cpp-L4492)     Description:[MV_CC_ReadMemory]Address[0x0x30824], Length[4], return[0x80000301]     Solution:
Error   2026-05-22 15:18:13  DevID:MV-CS016-10UC(DA5555142)  Source-Line:libMvCameraControl.so(XmlParse.cpp-L1337)     Description:GetNodeValue [ResultingFrameRate], nSdkErrCode[80000301]     Solution:
Error   2026-05-22 15:18:13  DevID:MV-CS016-10UC(DA5555142)  Source-Line:libMvCameraControl.so(CInterfaceManager.cpp-L4492)     Description:[MV_CC_ReadMemory]Address[0x0x30b04], Length[4], return[0x80000301]     Solution:
Error   2026-05-22 15:18:13  DevID:MV-CS016-10UC(DA5555142)  Source-Line:libMvCameraControl.so(XmlParse.cpp-L2674)     Description:GetNodeValue [ExposureTime], nSdkErrCode[80000301]     Solution:
Error   2026-05-22 15:18:13  DevID:MV-CS016-10UC(DA5555142)  Source-Line:libMvCameraControl.so(CInterfaceManager.cpp-L4492)     Description:[MV_CC_ReadMemory]Address[0x0x30b08], Length[4], return[0x80000301]     Solution:
Error   2026-05-22 15:18:13  DevID:MV-CS016-10UC(DA5555142)  Source-Line:libMvCameraControl.so(XmlParse.cpp-L2414)     Description:GetNodeValue [ExposureAuto], nSdkErrCode[80000301]     Solution:
Info    2026-05-22 15:18:13  DevID:MV-CS016-10UC(DA5555142)  Source-Line:libMvCameraControl.so(CInterfaceManager.cpp-L1703)     Description:U3V, DeviceModelName[MV-CS016-10UC], DeviceFirmwareVersion[V2.1.4 2309271116552 23092502], DeviceMaxThroughput[387500]     Solution:
Info    2026-05-22 15:18:13  DevID:MV-CS016-10UC(DA5555142)  Source-Line:libMvCameraControl.so(CInterfaceManager.cpp-L1708)     Description:U3V, Width[1440], Height[1080], OffsetX[0], OffsetY[0], PixelFormat[0x1080009], AcquisitionMode[2]     Solution:
Info    2026-05-22 15:18:13  DevID:MV-CS016-10UC(DA5555142)  Source-Line:libMvCameraControl.so(CInterfaceManager.cpp-L1713)     Description:U3V, TriggerMode[0], ResultingFrameRate[0.00], ExposureTime[0.00], ExposureAuto[0], PayloadSize[1555200]     Solution:
Info    2026-05-22 15:18:13  DevID:MV-CS016-10UC(DA5555142)  Source-Line:libMvCameraControl.so(CInterfaceManager.cpp-L1800)     Description:[MV_CC_StartGrabbing] return[0x80000301]     Solution:
Error   2026-05-22 15:18:13  DevID:MV-CS016-10UC(DA5555142)  Source-Line:libMvCameraControl.so(CInterfaceManager.cpp-L4492)     Description:[MV_CC_ReadMemory]Address[0x0x30808], Length[4], return[0x80000301]     Solution:
Error   2026-05-22 15:18:13  DevID:MV-CS016-10UC(DA5555142)  Source-Line:libMvCameraControl.so(XmlParse.cpp-L3943)     Description:Set Acquisition Stop Execute Failed, ErrorCode[0x80000301]     Solution:
Info    2026-05-22 15:18:13  DevID:MV-CS016-10UC(DA5555142)  Source-Line:libMvCameraControl.so(CInterfaceManager.cpp-L1888)     Description:[StopGrabbing] return[0x80000003]     Solution:
Error   2026-05-22 15:18:13  DevID:MV-CS016-10UC(DA5555142)  Source-Line:libMvCameraControl.so(CInterfaceManager.cpp-L4492)     Description:[MV_CC_ReadMemory]Address[0x0x30048], Length[4], return[0x80000301]     Solution:
Error   2026-05-22 15:18:13  DevID:MV-CS016-10UC(DA5555142)  Source-Line:libMvCameraControl.so(XmlParse.cpp-L2242)     Description:GetNodeValue [DeviceUptime], nSdkErrCode[80000301]     Solution:
Error   2026-05-22 15:18:13  DevID:MV-CS016-10UC(DA5555142)  Source-Line:libMvCameraControl.so(CInterfaceManager.cpp-L4492)     Description:[MV_CC_ReadMemory]Address[0x0x30824], Length[4], return[0x80000301]     Solution:
Error   2026-05-22 15:18:13  DevID:MV-CS016-10UC(DA5555142)  Source-Line:libMvCameraControl.so(XmlParse.cpp-L1337)     Description:GetNodeValue [ResultingFrameRate], nSdkErrCode[80000301]     Solution:
Error   2026-05-22 15:18:13  DevID:MV-CS016-10UC(DA5555142)  Source-Line:libMvCameraControl.so(CInterfaceManager.cpp-L4492)     Description:[MV_CC_ReadMemory]Address[0x0x30b04], Length[4], return[0x80000301]     Solution:
Error   2026-05-22 15:18:13  DevID:MV-CS016-10UC(DA5555142)  Source-Line:libMvCameraControl.so(XmlParse.cpp-L2674)     Description:GetNodeValue [ExposureTime], nSdkErrCode[80000301]     Solution:
Error   2026-05-22 15:18:13  DevID:MV-CS016-10UC(DA5555142)  Source-Line:libMvCameraControl.so(CInterfaceManager.cpp-L4492)     Description:[MV_CC_ReadMemory]Address[0x0x30b08], Length[4], return[0x80000301]     Solution:
Error   2026-05-22 15:18:13  DevID:MV-CS016-10UC(DA5555142)  Source-Line:libMvCameraControl.so(XmlParse.cpp-L2414)     Description:GetNodeValue [ExposureAuto], nSdkErrCode[80000301]     Solution:
Info    2026-05-22 15:18:13  DevID:MV-CS016-10UC(DA5555142)  Source-Line:libMvCameraControl.so(CInterfaceManager.cpp-L1703)     Description:U3V, DeviceModelName[MV-CS016-10UC], DeviceFirmwareVersion[V2.1.4 2309271116552 23092502], DeviceMaxThroughput[387500]     Solution:
Info    2026-05-22 15:18:13  DevID:MV-CS016-10UC(DA5555142)  Source-Line:libMvCameraControl.so(CInterfaceManager.cpp-L1708)     Description:U3V, Width[1440], Height[1080], OffsetX[0], OffsetY[0], PixelFormat[0x1080009], AcquisitionMode[2]     Solution:
Info    2026-05-22 15:18:13  DevID:MV-CS016-10UC(DA5555142)  Source-Line:libMvCameraControl.so(CInterfaceManager.cpp-L1713)     Description:U3V, TriggerMode[0], ResultingFrameRate[0.00], ExposureTime[0.00], ExposureAuto[0], PayloadSize[1555200]     Solution:
Info    2026-05-22 15:18:13  DevID:MV-CS016-10UC(DA5555142)  Source-Line:libMvCameraControl.so(CInterfaceManager.cpp-L1800)     Description:[MV_CC_StartGrabbing] return[0x80000301]     Solution:
Error   2026-05-22 15:18:13  DevID:MV-CS016-10UC(DA5555142)  Source-Line:libMvCameraControl.so(CInterfaceManager.cpp-L4492)     Description:[MV_CC_ReadMemory]Address[0x0x30808], Length[4], return[0x80000301]     Solution:
Error   2026-05-22 15:18:13  DevID:MV-CS016-10UC(DA5555142)  Source-Line:libMvCameraControl.so(XmlParse.cpp-L3943)     Description:Set Acquisition Stop Execute Failed, ErrorCode[0x80000301]     Solution:
Info    2026-05-22 15:18:13  DevID:MV-CS016-10UC(DA5555142)  Source-Line:libMvCameraControl.so(CInterfaceManager.cpp-L1888)     Description:[StopGrabbing] return[0x80000003]     Solution:
Error   2026-05-22 15:18:13  DevID:MV-CS016-10UC(DA5555142)  Source-Line:libMvCameraControl.so(CInterfaceManager.cpp-L4492)     Description:[MV_CC_ReadMemory]Address[0x0x30048], Length[4], return[0x80000301]     Solution:
Error   2026-05-22 15:18:13  DevID:MV-CS016-10UC(DA5555142)  Source-Line:libMvCameraControl.so(XmlParse.cpp-L2242)     Description:GetNodeValue [DeviceUptime], nSdkErrCode[80000301]     Solution:
Error   2026-05-22 15:18:13  DevID:MV-CS016-10UC(DA5555142)  Source-Line:libMvCameraControl.so(CInterfaceManager.cpp-L4492)     Description:[MV_CC_ReadMemory]Address[0x0x30824], Length[4], return[0x80000301]     Solution:
Error   2026-05-22 15:18:13  DevID:MV-CS016-10UC(DA5555142)  Source-Line:libMvCameraControl.so(XmlParse.cpp-L1337)     Description:GetNodeValue [ResultingFrameRate], nSdkErrCode[80000301]     Solution:
Error   2026-05-22 15:18:13  DevID:MV-CS016-10UC(DA5555142)  Source-Line:libMvCameraControl.so(CInterfaceManager.cpp-L4492)     Description:[MV_CC_ReadMemory]Address[0x0x30b04], Length[4], return[0x80000301]     Solution:
Error   2026-05-22 15:18:13  DevID:MV-CS016-10UC(DA5555142)  Source-Line:libMvCameraControl.so(XmlParse.cpp-L2674)     Description:GetNodeValue [ExposureTime], nSdkErrCode[80000301]     Solution:
Error   2026-05-22 15:18:13  DevID:MV-CS016-10UC(DA5555142)  Source-Line:libMvCameraControl.so(CInterfaceManager.cpp-L4492)     Description:[MV_CC_ReadMemory]Address[0x0x30b08], Length[4], return[0x80000301]     Solution:
Error   2026-05-22 15:18:13  DevID:MV-CS016-10UC(DA5555142)  Source-Line:libMvCameraControl.so(XmlParse.cpp-L2414)     Description:GetNodeValue [ExposureAuto], nSdkErrCode[80000301]     Solution:
Info    2026-05-22 15:18:13  DevID:MV-CS016-10UC(DA5555142)  Source-Line:libMvCameraControl.so(CInterfaceManager.cpp-L1703)     Description:U3V, DeviceModelName[MV-CS016-10UC], DeviceFirmwareVersion[V2.1.4 2309271116552 23092502], DeviceMaxThroughput[387500]     Solution:
Info    2026-05-22 15:18:13  DevID:MV-CS016-10UC(DA5555142)  Source-Line:libMvCameraControl.so(CInterfaceManager.cpp-L1708)     Description:U3V, Width[1440], Height[1080], OffsetX[0], OffsetY[0], PixelFormat[0x1080009], AcquisitionMode[2]     Solution:
Info    2026-05-22 15:18:13  DevID:MV-CS016-10UC(DA5555142)  Source-Line:libMvCameraControl.so(CInterfaceManager.cpp-L1713)     Description:U3V, TriggerMode[0], ResultingFrameRate[0.00], ExposureTime[0.00], ExposureAuto[0], PayloadSize[1555200]     Solution:
Info    2026-05-22 15:18:13  DevID:MV-CS016-10UC(DA5555142)  Source-Line:libMvCameraControl.so(CInterfaceManager.cpp-L1800)     Description:[MV_CC_StartGrabbing] return[0x80000301]     Solution:
Error   2026-05-22 15:18:13  DevID:MV-CS016-10UC(DA5555142)  Source-Line:libMvCameraControl.so(CInterfaceManager.cpp-L4492)     Description:[MV_CC_ReadMemory]Address[0x0x30808], Length[4], return[0x80000301]     Solution:
Error   2026-05-22 15:18:13  DevID:MV-CS016-10UC(DA5555142)  Source-Line:libMvCameraControl.so(XmlParse.cpp-L3943)     Description:Set Acquisition Stop Execute Failed, ErrorCode[0x80000301]     Solution:
Info    2026-05-22 15:18:13  DevID:MV-CS016-10UC(DA5555142)  Source-Line:libMvCameraControl.so(CInterfaceManager.cpp-L1888)     Description:[StopGrabbing] return[0x80000003]     Solution:
Error   2026-05-22 15:18:13  DevID:MV-CS016-10UC(DA5555142)  Source-Line:libMvCameraControl.so(CInterfaceManager.cpp-L4492)     Description:[MV_CC_ReadMemory]Address[0x0x30048], Length[4], return[0x80000301]     Solution:
Error   2026-05-22 15:18:13  DevID:MV-CS016-10UC(DA5555142)  Source-Line:libMvCameraControl.so(XmlParse.cpp-L2242)     Description:GetNodeValue [DeviceUptime], nSdkErrCode[80000301]     Solution:
Error   2026-05-22 15:18:13  DevID:MV-CS016-10UC(DA5555142)  Source-Line:libMvCameraControl.so(CInterfaceManager.cpp-L4492)     Description:[MV_CC_ReadMemory]Address[0x0x30824], Length[4], return[0x80000301]     Solution:
Error   2026-05-22 15:18:13  DevID:MV-CS016-10UC(DA5555142)  Source-Line:libMvCameraControl.so(XmlParse.cpp-L1337)     Description:GetNodeValue [ResultingFrameRate], nSdkErrCode[80000301]     Solution:
Error   2026-05-22 15:18:13  DevID:MV-CS016-10UC(DA5555142)  Source-Line:libMvCameraControl.so(CInterfaceManager.cpp-L4492)     Description:[MV_CC_ReadMemory]Address[0x0x30b04], Length[4], return[0x80000301]     Solution:
Error   2026-05-22 15:18:13  DevID:MV-CS016-10UC(DA5555142)  Source-Line:libMvCameraControl.so(XmlParse.cpp-L2674)     Description:GetNodeValue [ExposureTime], nSdkErrCode[80000301]     Solution:
Error   2026-05-22 15:18:13  DevID:MV-CS016-10UC(DA5555142)  Source-Line:libMvCameraControl.so(CInterfaceManager.cpp-L4492)     Description:[MV_CC_ReadMemory]Address[0x0x30b08], Length[4], return[0x80000301]     Solution:
Error   2026-05-22 15:18:13  DevID:MV-CS016-10UC(DA5555142)  Source-Line:libMvCameraControl.so(XmlParse.cpp-L2414)     Description:GetNodeValue [ExposureAuto], nSdkErrCode[80000301]     Solution:
Info    2026-05-22 15:18:13  DevID:MV-CS016-10UC(DA5555142)  Source-Line:libMvCameraControl.so(CInterfaceManager.cpp-L1703)     Description:U3V, DeviceModelName[MV-CS016-10UC], DeviceFirmwareVersion[V2.1.4 2309271116552 23092502], DeviceMaxThroughput[387500]     Solution:
Info    2026-05-22 15:18:13  DevID:MV-CS016-10UC(DA5555142)  Source-Line:libMvCameraControl.so(CInterfaceManager.cpp-L1708)     Description:U3V, Width[1440], Height[1080], OffsetX[0], OffsetY[0], PixelFormat[0x1080009], AcquisitionMode[2]     Solution:
Info    2026-05-22 15:18:13  DevID:MV-CS016-10UC(DA5555142)  Source-Line:libMvCameraControl.so(CInterfaceManager.cpp-L1713)     Description:U3V, TriggerMode[0], ResultingFrameRate[0.00], ExposureTime[0.00], ExposureAuto[0], PayloadSize[1555200]     Solution:
Info    2026-05-22 15:18:13  DevID:MV-CS016-10UC(DA5555142)  Source-Line:libMvCameraControl.so(CInterfaceManager.cpp-L1800)     Description:[MV_CC_StartGrabbing] return[0x80000301]     Solution:
Error   2026-05-22 15:18:13  DevID:MV-CS016-10UC(DA5555142)  Source-Line:libMvCameraControl.so(CInterfaceManager.cpp-L4492)     Description:[MV_CC_ReadMemory]Address[0x0x30808], Length[4], return[0x80000301]     Solution:
Error   2026-05-22 15:18:13  DevID:MV-CS016-10UC(DA5555142)  Source-Line:libMvCameraControl.so(XmlParse.cpp-L3943)     Description:Set Acquisition Stop Execute Failed, ErrorCode[0x80000301]     Solution:
Info    2026-05-22 15:18:13  DevID:MV-CS016-10UC(DA5555142)  Source-Line:libMvCameraControl.so(CInterfaceManager.cpp-L1888)     Description:[StopGrabbing] return[0x80000003]     Solution:
Error   2026-05-22 15:18:13  DevID:MV-CS016-10UC(DA5555142)  Source-Line:libMvCameraControl.so(CInterfaceManager.cpp-L4492)     Description:[MV_CC_ReadMemory]Address[0x0x30048], Length[4], return[0x80000301]     Solution:
Error   2026-05-22 15:18:13  DevID:MV-CS016-10UC(DA5555142)  Source-Line:libMvCameraControl.so(XmlParse.cpp-L2242)     Description:GetNodeValue [DeviceUptime], nSdkErrCode[80000301]     Solution:
Error   2026-05-22 15:18:13  DevID:MV-CS016-10UC(DA5555142)  Source-Line:libMvCameraControl.so(CInterfaceManager.cpp-L4492)     Description:[MV_CC_ReadMemory]Address[0x0x30824], Length[4], return[0x80000301]     Solution:
Error   2026-05-22 15:18:13  DevID:MV-CS016-10UC(DA5555142)  Source-Line:libMvCameraControl.so(XmlParse.cpp-L1337)     Description:GetNodeValue [ResultingFrameRate], nSdkErrCode[80000301]     Solution:
Error   2026-05-22 15:18:13  DevID:MV-CS016-10UC(DA5555142)  Source-Line:libMvCameraControl.so(CInterfaceManager.cpp-L4492)     Description:[MV_CC_ReadMemory]Address[0x0x30b04], Length[4], return[0x80000301]     Solution:
Error   2026-05-22 15:18:13  DevID:MV-CS016-10UC(DA5555142)  Source-Line:libMvCameraControl.so(XmlParse.cpp-L2674)     Description:GetNodeValue [ExposureTime], nSdkErrCode[80000301]     Solution:
Error   2026-05-22 15:18:13  DevID:MV-CS016-10UC(DA5555142)  Source-Line:libMvCameraControl.so(CInterfaceManager.cpp-L4492)     Description:[MV_CC_ReadMemory]Address[0x0x30b08], Length[4], return[0x80000301]     Solution:
Error   2026-05-22 15:18:13  DevID:MV-CS016-10UC(DA5555142)  Source-Line:libMvCameraControl.so(XmlParse.cpp-L2414)     Description:GetNodeValue [ExposureAuto], nSdkErrCode[80000301]     Solution:
Info    2026-05-22 15:18:13  DevID:MV-CS016-10UC(DA5555142)  Source-Line:libMvCameraControl.so(CInterfaceManager.cpp-L1703)     Description:U3V, DeviceModelName[MV-CS016-10UC], DeviceFirmwareVersion[V2.1.4 2309271116552 23092502], DeviceMaxThroughput[387500]     Solution:
Info    2026-05-22 15:18:13  DevID:MV-CS016-10UC(DA5555142)  Source-Line:libMvCameraControl.so(CInterfaceManager.cpp-L1708)     Description:U3V, Width[1440], Height[1080], OffsetX[0], OffsetY[0], PixelFormat[0x1080009], AcquisitionMode[2]     Solution:
Info    2026-05-22 15:18:13  DevID:MV-CS016-10UC(DA5555142)  Source-Line:libMvCameraControl.so(CInterfaceManager.cpp-L1713)     Description:U3V, TriggerMode[0], ResultingFrameRate[0.00], ExposureTime[0.00], ExposureAuto[0], PayloadSize[1555200]     Solution:
Info    2026-05-22 15:18:13  DevID:MV-CS016-10UC(DA5555142)  Source-Line:libMvCameraControl.so(CInterfaceManager.cpp-L1800)     Description:[MV_CC_StartGrabbing] return[0x80000301]     Solution:
Error   2026-05-22 15:18:13  DevID:MV-CS016-10UC(DA5555142)  Source-Line:libMvCameraControl.so(CInterfaceManager.cpp-L4492)     Description:[MV_CC_ReadMemory]Address[0x0x30808], Length[4], return[0x80000301]     Solution:
Error   2026-05-22 15:18:13  DevID:MV-CS016-10UC(DA5555142)  Source-Line:libMvCameraControl.so(XmlParse.cpp-L3943)     Description:Set Acquisition Stop Execute Failed, ErrorCode[0x80000301]     Solution:
Info    2026-05-22 15:18:13  DevID:MV-CS016-10UC(DA5555142)  Source-Line:libMvCameraControl.so(CInterfaceManager.cpp-L1888)     Description:[StopGrabbing] return[0x80000003]     Solution:
Error   2026-05-22 15:18:13  DevID:MV-CS016-10UC(DA5555142)  Source-Line:libMvCameraControl.so(CInterfaceManager.cpp-L4492)     Description:[MV_CC_ReadMemory]Address[0x0x30048], Length[4], return[0x80000301]     Solution:
Error   2026-05-22 15:18:13  DevID:MV-CS016-10UC(DA5555142)  Source-Line:libMvCameraControl.so(XmlParse.cpp-L2242)     Description:GetNodeValue [DeviceUptime], nSdkErrCode[80000301]     Solution:
Error   2026-05-22 15:18:13  DevID:MV-CS016-10UC(DA5555142)  Source-Line:libMvCameraControl.so(CInterfaceManager.cpp-L4492)     Description:[MV_CC_ReadMemory]Address[0x0x30824], Length[4], return[0x80000301]     Solution:
Error   2026-05-22 15:18:13  DevID:MV-CS016-10UC(DA5555142)  Source-Line:libMvCameraControl.so(XmlParse.cpp-L1337)     Description:GetNodeValue [ResultingFrameRate], nSdkErrCode[80000301]     Solution:
Error   2026-05-22 15:18:13  DevID:MV-CS016-10UC(DA5555142)  Source-Line:libMvCameraControl.so(CInterfaceManager.cpp-L4492)     Description:[MV_CC_ReadMemory]Address[0x0x30b04], Length[4], return[0x80000301]     Solution:
Error   2026-05-22 15:18:13  DevID:MV-CS016-10UC(DA5555142)  Source-Line:libMvCameraControl.so(XmlParse.cpp-L2674)     Description:GetNodeValue [ExposureTime], nSdkErrCode[80000301]     Solution:
Error   2026-05-22 15:18:13  DevID:MV-CS016-10UC(DA5555142)  Source-Line:libMvCameraControl.so(CInterfaceManager.cpp-L4492)     Description:[MV_CC_ReadMemory]Address[0x0x30b08], Length[4], return[0x80000301]     Solution:
Error   2026-05-22 15:18:13  DevID:MV-CS016-10UC(DA5555142)  Source-Line:libMvCameraControl.so(XmlParse.cpp-L2414)     Description:GetNodeValue [ExposureAuto], nSdkErrCode[80000301]     Solution:
Info    2026-05-22 15:18:13  DevID:MV-CS016-10UC(DA5555142)  Source-Line:libMvCameraControl.so(CInterfaceManager.cpp-L1703)     Description:U3V, DeviceModelName[MV-CS016-10UC], DeviceFirmwareVersion[V2.1.4 2309271116552 23092502], DeviceMaxThroughput[387500]     Solution:
Info    2026-05-22 15:18:13  DevID:MV-CS016-10UC(DA5555142)  Source-Line:libMvCameraControl.so(CInterfaceManager.cpp-L1708)     Description:U3V, Width[1440], Height[1080], OffsetX[0], OffsetY[0], PixelFormat[0x1080009], AcquisitionMode[2]     Solution:
Info    2026-05-22 15:18:13  DevID:MV-CS016-10UC(DA5555142)  Source-Line:libMvCameraControl.so(CInterfaceManager.cpp-L1713)     Description:U3V, TriggerMode[0], ResultingFrameRate[0.00], ExposureTime[0.00], ExposureAuto[0], PayloadSize[1555200]     Solution:
Info    2026-05-22 15:18:13  DevID:MV-CS016-10UC(DA5555142)  Source-Line:libMvCameraControl.so(CInterfaceManager.cpp-L1800)     Description:[MV_CC_StartGrabbing] return[0x80000301]     Solution:
Error   2026-05-22 15:18:13  DevID:MV-CS016-10UC(DA5555142)  Source-Line:libMvCameraControl.so(CInterfaceManager.cpp-L4492)     Description:[MV_CC_ReadMemory]Address[0x0x30808], Length[4], return[0x80000301]     Solution:
Error   2026-05-22 15:18:13  DevID:MV-CS016-10UC(DA5555142)  Source-Line:libMvCameraControl.so(XmlParse.cpp-L3943)     Description:Set Acquisition Stop Execute Failed, ErrorCode[0x80000301]     Solution:
Info    2026-05-22 15:18:13  DevID:MV-CS016-10UC(DA5555142)  Source-Line:libMvCameraControl.so(CInterfaceManager.cpp-L1888)     Description:[StopGrabbing] return[0x80000003]     Solution:
Error   2026-05-22 15:18:13  DevID:MV-CS016-10UC(DA5555142)  Source-Line:libMvCameraControl.so(CInterfaceManager.cpp-L4492)     Description:[MV_CC_ReadMemory]Address[0x0x30048], Length[4], return[0x80000301]     Solution:
Error   2026-05-22 15:18:13  DevID:MV-CS016-10UC(DA5555142)  Source-Line:libMvCameraControl.so(XmlParse.cpp-L2242)     Description:GetNodeValue [DeviceUptime], nSdkErrCode[80000301]     Solution:
Error   2026-05-22 15:18:13  DevID:MV-CS016-10UC(DA5555142)  Source-Line:libMvCameraControl.so(CInterfaceManager.cpp-L4492)     Description:[MV_CC_ReadMemory]Address[0x0x30824], Length[4], return[0x80000301]     Solution:
Error   2026-05-22 15:18:13  DevID:MV-CS016-10UC(DA5555142)  Source-Line:libMvCameraControl.so(XmlParse.cpp-L1337)     Description:GetNodeValue [ResultingFrameRate], nSdkErrCode[80000301]     Solution:
Error   2026-05-22 15:18:13  DevID:MV-CS016-10UC(DA5555142)  Source-Line:libMvCameraControl.so(CInterfaceManager.cpp-L4492)     Description:[MV_CC_ReadMemory]Address[0x0x30b04], Length[4], return[0x80000301]     Solution:
Error   2026-05-22 15:18:13  DevID:MV-CS016-10UC(DA5555142)  Source-Line:libMvCameraControl.so(XmlParse.cpp-L2674)     Description:GetNodeValue [ExposureTime], nSdkErrCode[80000301]     Solution:
Error   2026-05-22 15:18:13  DevID:MV-CS016-10UC(DA5555142)  Source-Line:libMvCameraControl.so(CInterfaceManager.cpp-L4492)     Description:[MV_CC_ReadMemory]Address[0x0x30b08], Length[4], return[0x80000301]     Solution:
Error   2026-05-22 15:18:13  DevID:MV-CS016-10UC(DA5555142)  Source-Line:libMvCameraControl.so(XmlParse.cpp-L2414)     Description:GetNodeValue [ExposureAuto], nSdkErrCode[80000301]     Solution:
Info    2026-05-22 15:18:13  DevID:MV-CS016-10UC(DA5555142)  Source-Line:libMvCameraControl.so(CInterfaceManager.cpp-L1703)     Description:U3V, DeviceModelName[MV-CS016-10UC], DeviceFirmwareVersion[V2.1.4 2309271116552 23092502], DeviceMaxThroughput[387500]     Solution:
Info    2026-05-22 15:18:13  DevID:MV-CS016-10UC(DA5555142)  Source-Line:libMvCameraControl.so(CInterfaceManager.cpp-L1708)     Description:U3V, Width[1440], Height[1080], OffsetX[0], OffsetY[0], PixelFormat[0x1080009], AcquisitionMode[2]     Solution:
Info    2026-05-22 15:18:13  DevID:MV-CS016-10UC(DA5555142)  Source-Line:libMvCameraControl.so(CInterfaceManager.cpp-L1713)     Description:U3V, TriggerMode[0], ResultingFrameRate[0.00], ExposureTime[0.00], ExposureAuto[0], PayloadSize[1555200]     Solution:
Info    2026-05-22 15:18:13  DevID:MV-CS016-10UC(DA5555142)  Source-Line:libMvCameraControl.so(CInterfaceManager.cpp-L1800)     Description:[MV_CC_StartGrabbing] return[0x80000301]     Solution:
Error   2026-05-22 15:18:13  DevID:MV-CS016-10UC(DA5555142)  Source-Line:libMvCameraControl.so(CInterfaceManager.cpp-L4492)     Description:[MV_CC_ReadMemory]Address[0x0x30808], Length[4], return[0x80000301]     Solution:
Error   2026-05-22 15:18:13  DevID:MV-CS016-10UC(DA5555142)  Source-Line:libMvCameraControl.so(XmlParse.cpp-L3943)     Description:Set Acquisition Stop Execute Failed, ErrorCode[0x80000301]     Solution:
Info    2026-05-22 15:18:13  DevID:MV-CS016-10UC(DA5555142)  Source-Line:libMvCameraControl.so(CInterfaceManager.cpp-L1888)     Description:[StopGrabbing] return[0x80000003]     Solution:
Error   2026-05-22 15:18:13  DevID:MV-CS016-10UC(DA5555142)  Source-Line:libMvCameraControl.so(CInterfaceManager.cpp-L4492)     Description:[MV_CC_ReadMemory]Address[0x0x30048], Length[4], return[0x80000301]     Solution:
Error   2026-05-22 15:18:13  DevID:MV-CS016-10UC(DA5555142)  Source-Line:libMvCameraControl.so(XmlParse.cpp-L2242)     Description:GetNodeValue [DeviceUptime], nSdkErrCode[80000301]     Solution:
Error   2026-05-22 15:18:13  DevID:MV-CS016-10UC(DA5555142)  Source-Line:libMvCameraControl.so(CInterfaceManager.cpp-L4492)     Description:[MV_CC_ReadMemory]Address[0x0x30824], Length[4], return[0x80000301]     Solution:
Error   2026-05-22 15:18:13  DevID:MV-CS016-10UC(DA5555142)  Source-Line:libMvCameraControl.so(XmlParse.cpp-L1337)     Description:GetNodeValue [ResultingFrameRate], nSdkErrCode[80000301]     Solution:
Error   2026-05-22 15:18:13  DevID:MV-CS016-10UC(DA5555142)  Source-Line:libMvCameraControl.so(CInterfaceManager.cpp-L4492)     Description:[MV_CC_ReadMemory]Address[0x0x30b04], Length[4], return[0x80000301]     Solution:
Error   2026-05-22 15:18:13  DevID:MV-CS016-10UC(DA5555142)  Source-Line:libMvCameraControl.so(XmlParse.cpp-L2674)     Description:GetNodeValue [ExposureTime], nSdkErrCode[80000301]     Solution:
Error   2026-05-22 15:18:13  DevID:MV-CS016-10UC(DA5555142)  Source-Line:libMvCameraControl.so(CInterfaceManager.cpp-L4492)     Description:[MV_CC_ReadMemory]Address[0x0x30b08], Length[4], return[0x80000301]     Solution:
Error   2026-05-22 15:18:13  DevID:MV-CS016-10UC(DA5555142)  Source-Line:libMvCameraControl.so(XmlParse.cpp-L2414)     Description:GetNodeValue [ExposureAuto], nSdkErrCode[80000301]     Solution:
Info    2026-05-22 15:18:13  DevID:MV-CS016-10UC(DA5555142)  Source-Line:libMvCameraControl.so(CInterfaceManager.cpp-L1703)     Description:U3V, DeviceModelName[MV-CS016-10UC], DeviceFirmwareVersion[V2.1.4 2309271116552 23092502], DeviceMaxThroughput[387500]     Solution:
Info    2026-05-22 15:18:13  DevID:MV-CS016-10UC(DA5555142)  Source-Line:libMvCameraControl.so(CInterfaceManager.cpp-L1708)     Description:U3V, Width[1440], Height[1080], OffsetX[0], OffsetY[0], PixelFormat[0x1080009], AcquisitionMode[2]     Solution:
Info    2026-05-22 15:18:13  DevID:MV-CS016-10UC(DA5555142)  Source-Line:libMvCameraControl.so(CInterfaceManager.cpp-L1713)     Description:U3V, TriggerMode[0], ResultingFrameRate[0.00], ExposureTime[0.00], ExposureAuto[0], PayloadSize[1555200]     Solution:
Info    2026-05-22 15:18:13  DevID:MV-CS016-10UC(DA5555142)  Source-Line:libMvCameraControl.so(CInterfaceManager.cpp-L1800)     Description:[MV_CC_StartGrabbing] return[0x80000301]     Solution:
Error   2026-05-22 15:18:13  DevID:MV-CS016-10UC(DA5555142)  Source-Line:libMvCameraControl.so(CInterfaceManager.cpp-L4492)     Description:[MV_CC_ReadMemory]Address[0x0x30808], Length[4], return[0x80000301]     Solution:
Error   2026-05-22 15:18:13  DevID:MV-CS016-10UC(DA5555142)  Source-Line:libMvCameraControl.so(XmlParse.cpp-L3943)     Description:Set Acquisition Stop Execute Failed, ErrorCode[0x80000301]     Solution:
Info    2026-05-22 15:18:13  DevID:MV-CS016-10UC(DA5555142)  Source-Line:libMvCameraControl.so(CInterfaceManager.cpp-L1888)     Description:[StopGrabbing] return[0x80000003]     Solution:
Error   2026-05-22 15:18:13  DevID:MV-CS016-10UC(DA5555142)  Source-Line:libMvCameraControl.so(CInterfaceManager.cpp-L4492)     Description:[MV_CC_ReadMemory]Address[0x0x30048], Length[4], return[0x80000301]     Solution:
Error   2026-05-22 15:18:13  DevID:MV-CS016-10UC(DA5555142)  Source-Line:libMvCameraControl.so(XmlParse.cpp-L2242)     Description:GetNodeValue [DeviceUptime], nSdkErrCode[80000301]     Solution:
Error   2026-05-22 15:18:13  DevID:MV-CS016-10UC(DA5555142)  Source-Line:libMvCameraControl.so(CInterfaceManager.cpp-L4492)     Description:[MV_CC_ReadMemory]Address[0x0x30824], Length[4], return[0x80000301]     Solution:
Error   2026-05-22 15:18:13  DevID:MV-CS016-10UC(DA5555142)  Source-Line:libMvCameraControl.so(XmlParse.cpp-L1337)     Description:GetNodeValue [ResultingFrameRate], nSdkErrCode[80000301]     Solution:
Error   2026-05-22 15:18:13  DevID:MV-CS016-10UC(DA5555142)  Source-Line:libMvCameraControl.so(CInterfaceManager.cpp-L4492)     Description:[MV_CC_ReadMemory]Address[0x0x30b04], Length[4], return[0x80000301]     Solution:
Error   2026-05-22 15:18:13  DevID:MV-CS016-10UC(DA5555142)  Source-Line:libMvCameraControl.so(XmlParse.cpp-L2674)     Description:GetNodeValue [ExposureTime], nSdkErrCode[80000301]     Solution:
Error   2026-05-22 15:18:13  DevID:MV-CS016-10UC(DA5555142)  Source-Line:libMvCameraControl.so(CInterfaceManager.cpp-L4492)     Description:[MV_CC_ReadMemory]Address[0x0x30b08], Length[4], return[0x80000301]     Solution:
Error   2026-05-22 15:18:13  DevID:MV-CS016-10UC(DA5555142)  Source-Line:libMvCameraControl.so(XmlParse.cpp-L2414)     Description:GetNodeValue [ExposureAuto], nSdkErrCode[80000301]     Solution:
Info    2026-05-22 15:18:13  DevID:MV-CS016-10UC(DA5555142)  Source-Line:libMvCameraControl.so(CInterfaceManager.cpp-L1703)     Description:U3V, DeviceModelName[MV-CS016-10UC], DeviceFirmwareVersion[V2.1.4 2309271116552 23092502], DeviceMaxThroughput[387500]     Solution:
Info    2026-05-22 15:18:13  DevID:MV-CS016-10UC(DA5555142)  Source-Line:libMvCameraControl.so(CInterfaceManager.cpp-L1708)     Description:U3V, Width[1440], Height[1080], OffsetX[0], OffsetY[0], PixelFormat[0x1080009], AcquisitionMode[2]     Solution:
Info    2026-05-22 15:18:13  DevID:MV-CS016-10UC(DA5555142)  Source-Line:libMvCameraControl.so(CInterfaceManager.cpp-L1713)     Description:U3V, TriggerMode[0], ResultingFrameRate[0.00], ExposureTime[0.00], ExposureAuto[0], PayloadSize[1555200]     Solution:
Info    2026-05-22 15:18:13  DevID:MV-CS016-10UC(DA5555142)  Source-Line:libMvCameraControl.so(CInterfaceManager.cpp-L1800)     Description:[MV_CC_StartGrabbing] return[0x80000301]     Solution:
Error   2026-05-22 15:18:13  DevID:MV-CS016-10UC(DA5555142)  Source-Line:libMvCameraControl.so(CInterfaceManager.cpp-L4492)     Description:[MV_CC_ReadMemory]Address[0x0x30808], Length[4], return[0x80000301]     Solution:
Error   2026-05-22 15:18:13  DevID:MV-CS016-10UC(DA5555142)  Source-Line:libMvCameraControl.so(XmlParse.cpp-L3943)     Description:Set Acquisition Stop Execute Failed, ErrorCode[0x80000301]     Solution:
Info    2026-05-22 15:18:13  DevID:MV-CS016-10UC(DA5555142)  Source-Line:libMvCameraControl.so(CInterfaceManager.cpp-L1888)     Description:[StopGrabbing] return[0x80000003]     Solution:
Error   2026-05-22 15:18:13  DevID:MV-CS016-10UC(DA5555142)  Source-Line:libMvCameraControl.so(CInterfaceManager.cpp-L4492)     Description:[MV_CC_ReadMemory]Address[0x0x30048], Length[4], return[0x80000301]     Solution:
Error   2026-05-22 15:18:13  DevID:MV-CS016-10UC(DA5555142)  Source-Line:libMvCameraControl.so(XmlParse.cpp-L2242)     Description:GetNodeValue [DeviceUptime], nSdkErrCode[80000301]     Solution:
Error   2026-05-22 15:18:13  DevID:MV-CS016-10UC(DA5555142)  Source-Line:libMvCameraControl.so(CInterfaceManager.cpp-L4492)     Description:[MV_CC_ReadMemory]Address[0x0x30824], Length[4], return[0x80000301]     Solution:
Error   2026-05-22 15:18:13  DevID:MV-CS016-10UC(DA5555142)  Source-Line:libMvCameraControl.so(XmlParse.cpp-L1337)     Description:GetNodeValue [ResultingFrameRate], nSdkErrCode[80000301]     Solution:
Error   2026-05-22 15:18:13  DevID:MV-CS016-10UC(DA5555142)  Source-Line:libMvCameraControl.so(CInterfaceManager.cpp-L4492)     Description:[MV_CC_ReadMemory]Address[0x0x30b04], Length[4], return[0x80000301]     Solution:
Error   2026-05-22 15:18:13  DevID:MV-CS016-10UC(DA5555142)  Source-Line:libMvCameraControl.so(XmlParse.cpp-L2674)     Description:GetNodeValue [ExposureTime], nSdkErrCode[80000301]     Solution:
Error   2026-05-22 15:18:13  DevID:MV-CS016-10UC(DA5555142)  Source-Line:libMvCameraControl.so(CInterfaceManager.cpp-L4492)     Description:[MV_CC_ReadMemory]Address[0x0x30b08], Length[4], return[0x80000301]     Solution:
Error   2026-05-22 15:18:13  DevID:MV-CS016-10UC(DA5555142)  Source-Line:libMvCameraControl.so(XmlParse.cpp-L2414)     Description:GetNodeValue [ExposureAuto], nSdkErrCode[80000301]     Solution:
Info    2026-05-22 15:18:13  DevID:MV-CS016-10UC(DA5555142)  Source-Line:libMvCameraControl.so(CInterfaceManager.cpp-L1703)     Description:U3V, DeviceModelName[MV-CS016-10UC], DeviceFirmwareVersion[V2.1.4 2309271116552 23092502], DeviceMaxThroughput[387500]     Solution:
Info    2026-05-22 15:18:13  DevID:MV-CS016-10UC(DA5555142)  Source-Line:libMvCameraControl.so(CInterfaceManager.cpp-L1708)     Description:U3V, Width[1440], Height[1080], OffsetX[0], OffsetY[0], PixelFormat[0x1080009], AcquisitionMode[2]     Solution:
Info    2026-05-22 15:18:13  DevID:MV-CS016-10UC(DA5555142)  Source-Line:libMvCameraControl.so(CInterfaceManager.cpp-L1713)     Description:U3V, TriggerMode[0], ResultingFrameRate[0.00], ExposureTime[0.00], ExposureAuto[0], PayloadSize[1555200]     Solution:
Info    2026-05-22 15:18:13  DevID:MV-CS016-10UC(DA5555142)  Source-Line:libMvCameraControl.so(CInterfaceManager.cpp-L1800)     Description:[MV_CC_StartGrabbing] return[0x80000301]     Solution:
Error   2026-05-22 15:18:13  DevID:MV-CS016-10UC(DA5555142)  Source-Line:libMvCameraControl.so(CInterfaceManager.cpp-L4492)     Description:[MV_CC_ReadMemory]Address[0x0x30808], Length[4], return[0x80000301]     Solution:
Error   2026-05-22 15:18:13  DevID:MV-CS016-10UC(DA5555142)  Source-Line:libMvCameraControl.so(XmlParse.cpp-L3943)     Description:Set Acquisition Stop Execute Failed, ErrorCode[0x80000301]     Solution:
Info    2026-05-22 15:18:13  DevID:MV-CS016-10UC(DA5555142)  Source-Line:libMvCameraControl.so(CInterfaceManager.cpp-L1888)     Description:[StopGrabbing] return[0x80000003]     Solution:
Error   2026-05-22 15:18:13  DevID:MV-CS016-10UC(DA5555142)  Source-Line:libMvCameraControl.so(CInterfaceManager.cpp-L4492)     Description:[MV_CC_ReadMemory]Address[0x0x30048], Length[4], return[0x80000301]     Solution:
Error   2026-05-22 15:18:13  DevID:MV-CS016-10UC(DA5555142)  Source-Line:libMvCameraControl.so(XmlParse.cpp-L2242)     Description:GetNodeValue [DeviceUptime], nSdkErrCode[80000301]     Solution:
Error   2026-05-22 15:18:13  DevID:MV-CS016-10UC(DA5555142)  Source-Line:libMvCameraControl.so(CInterfaceManager.cpp-L4492)     Description:[MV_CC_ReadMemory]Address[0x0x30824], Length[4], return[0x80000301]     Solution:
Error   2026-05-22 15:18:13  DevID:MV-CS016-10UC(DA5555142)  Source-Line:libMvCameraControl.so(XmlParse.cpp-L1337)     Description:GetNodeValue [ResultingFrameRate], nSdkErrCode[80000301]     Solution:
Error   2026-05-22 15:18:13  DevID:MV-CS016-10UC(DA5555142)  Source-Line:libMvCameraControl.so(CInterfaceManager.cpp-L4492)     Description:[MV_CC_ReadMemory]Address[0x0x30b04], Length[4], return[0x80000301]     Solution:
Error   2026-05-22 15:18:13  DevID:MV-CS016-10UC(DA5555142)  Source-Line:libMvCameraControl.so(XmlParse.cpp-L2674)     Description:GetNodeValue [ExposureTime], nSdkErrCode[80000301]     Solution:
Error   2026-05-22 15:18:13  DevID:MV-CS016-10UC(DA5555142)  Source-Line:libMvCameraControl.so(CInterfaceManager.cpp-L4492)     Description:[MV_CC_ReadMemory]Address[0x0x30b08], Length[4], return[0x80000301]     Solution:
Error   2026-05-22 15:18:13  DevID:MV-CS016-10UC(DA5555142)  Source-Line:libMvCameraControl.so(XmlParse.cpp-L2414)     Description:GetNodeValue [ExposureAuto], nSdkErrCode[80000301]     Solution:
Info    2026-05-22 15:18:13  DevID:MV-CS016-10UC(DA5555142)  Source-Line:libMvCameraControl.so(CInterfaceManager.cpp-L1703)     Description:U3V, DeviceModelName[MV-CS016-10UC], DeviceFirmwareVersion[V2.1.4 2309271116552 23092502], DeviceMaxThroughput[387500]     Solution:
Info    2026-05-22 15:18:13  DevID:MV-CS016-10UC(DA5555142)  Source-Line:libMvCameraControl.so(CInterfaceManager.cpp-L1708)     Description:U3V, Width[1440], Height[1080], OffsetX[0], OffsetY[0], PixelFormat[0x1080009], AcquisitionMode[2]     Solution:
Info    2026-05-22 15:18:13  DevID:MV-CS016-10UC(DA5555142)  Source-Line:libMvCameraControl.so(CInterfaceManager.cpp-L1713)     Description:U3V, TriggerMode[0], ResultingFrameRate[0.00], ExposureTime[0.00], ExposureAuto[0], PayloadSize[1555200]     Solution:
Info    2026-05-22 15:18:13  DevID:MV-CS016-10UC(DA5555142)  Source-Line:libMvCameraControl.so(CInterfaceManager.cpp-L1800)     Description:[MV_CC_StartGrabbing] return[0x80000301]     Solution:
Error   2026-05-22 15:18:13  DevID:MV-CS016-10UC(DA5555142)  Source-Line:libMvCameraControl.so(CInterfaceManager.cpp-L4492)     Description:[MV_CC_ReadMemory]Address[0x0x30808], Length[4], return[0x80000301]     Solution:
Error   2026-05-22 15:18:13  DevID:MV-CS016-10UC(DA5555142)  Source-Line:libMvCameraControl.so(XmlParse.cpp-L3943)     Description:Set Acquisition Stop Execute Failed, ErrorCode[0x80000301]     Solution:
Info    2026-05-22 15:18:13  DevID:MV-CS016-10UC(DA5555142)  Source-Line:libMvCameraControl.so(CInterfaceManager.cpp-L1888)     Description:[StopGrabbing] return[0x80000003]     Solution:
Error   2026-05-22 15:18:13  DevID:MV-CS016-10UC(DA5555142)  Source-Line:libMvCameraControl.so(CInterfaceManager.cpp-L4492)     Description:[MV_CC_ReadMemory]Address[0x0x30048], Length[4], return[0x80000301]     Solution:
Error   2026-05-22 15:18:13  DevID:MV-CS016-10UC(DA5555142)  Source-Line:libMvCameraControl.so(XmlParse.cpp-L2242)     Description:GetNodeValue [DeviceUptime], nSdkErrCode[80000301]     Solution:
Error   2026-05-22 15:18:13  DevID:MV-CS016-10UC(DA5555142)  Source-Line:libMvCameraControl.so(CInterfaceManager.cpp-L4492)     Description:[MV_CC_ReadMemory]Address[0x0x30824], Length[4], return[0x80000301]     Solution:
Error   2026-05-22 15:18:13  DevID:MV-CS016-10UC(DA5555142)  Source-Line:libMvCameraControl.so(XmlParse.cpp-L1337)     Description:GetNodeValue [ResultingFrameRate], nSdkErrCode[80000301]     Solution:
Error   2026-05-22 15:18:13  DevID:MV-CS016-10UC(DA5555142)  Source-Line:libMvCameraControl.so(CInterfaceManager.cpp-L4492)     Description:[MV_CC_ReadMemory]Address[0x0x30b04], Length[4], return[0x80000301]     Solution:
Error   2026-05-22 15:18:13  DevID:MV-CS016-10UC(DA5555142)  Source-Line:libMvCameraControl.so(XmlParse.cpp-L2674)     Description:GetNodeValue [ExposureTime], nSdkErrCode[80000301]     Solution:
Error   2026-05-22 15:18:13  DevID:MV-CS016-10UC(DA5555142)  Source-Line:libMvCameraControl.so(CInterfaceManager.cpp-L4492)     Description:[MV_CC_ReadMemory]Address[0x0x30b08], Length[4], return[0x80000301]     Solution:
Error   2026-05-22 15:18:13  DevID:MV-CS016-10UC(DA5555142)  Source-Line:libMvCameraControl.so(XmlParse.cpp-L2414)     Description:GetNodeValue [ExposureAuto], nSdkErrCode[80000301]     Solution:
Info    2026-05-22 15:18:13  DevID:MV-CS016-10UC(DA5555142)  Source-Line:libMvCameraControl.so(CInterfaceManager.cpp-L1703)     Description:U3V, DeviceModelName[MV-CS016-10UC], DeviceFirmwareVersion[V2.1.4 2309271116552 23092502], DeviceMaxThroughput[387500]     Solution:
Info    2026-05-22 15:18:13  DevID:MV-CS016-10UC(DA5555142)  Source-Line:libMvCameraControl.so(CInterfaceManager.cpp-L1708)     Description:U3V, Width[1440], Height[1080], OffsetX[0], OffsetY[0], PixelFormat[0x1080009], AcquisitionMode[2]     Solution:
Info    2026-05-22 15:18:13  DevID:MV-CS016-10UC(DA5555142)  Source-Line:libMvCameraControl.so(CInterfaceManager.cpp-L1713)     Description:U3V, TriggerMode[0], ResultingFrameRate[0.00], ExposureTime[0.00], ExposureAuto[0], PayloadSize[1555200]     Solution:
Info    2026-05-22 15:18:13  DevID:MV-CS016-10UC(DA5555142)  Source-Line:libMvCameraControl.so(CInterfaceManager.cpp-L1800)     Description:[MV_CC_StartGrabbing] return[0x80000301]     Solution:
Error   2026-05-22 15:18:13  DevID:MV-CS016-10UC(DA5555142)  Source-Line:libMvCameraControl.so(CInterfaceManager.cpp-L4492)     Description:[MV_CC_ReadMemory]Address[0x0x30808], Length[4], return[0x80000301]     Solution:
Error   2026-05-22 15:18:13  DevID:MV-CS016-10UC(DA5555142)  Source-Line:libMvCameraControl.so(XmlParse.cpp-L3943)     Description:Set Acquisition Stop Execute Failed, ErrorCode[0x80000301]     Solution:
Info    2026-05-22 15:18:13  DevID:MV-CS016-10UC(DA5555142)  Source-Line:libMvCameraControl.so(CInterfaceManager.cpp-L1888)     Description:[StopGrabbing] return[0x80000003]     Solution:
Error   2026-05-22 15:18:13  DevID:MV-CS016-10UC(DA5555142)  Source-Line:libMvCameraControl.so(CInterfaceManager.cpp-L4492)     Description:[MV_CC_ReadMemory]Address[0x0x30048], Length[4], return[0x80000301]     Solution:
Error   2026-05-22 15:18:13  DevID:MV-CS016-10UC(DA5555142)  Source-Line:libMvCameraControl.so(XmlParse.cpp-L2242)     Description:GetNodeValue [DeviceUptime], nSdkErrCode[80000301]     Solution:
Error   2026-05-22 15:18:13  DevID:MV-CS016-10UC(DA5555142)  Source-Line:libMvCameraControl.so(CInterfaceManager.cpp-L4492)     Description:[MV_CC_ReadMemory]Address[0x0x30824], Length[4], return[0x80000301]     Solution:
Error   2026-05-22 15:18:13  DevID:MV-CS016-10UC(DA5555142)  Source-Line:libMvCameraControl.so(XmlParse.cpp-L1337)     Description:GetNodeValue [ResultingFrameRate], nSdkErrCode[80000301]     Solution:
Error   2026-05-22 15:18:13  DevID:MV-CS016-10UC(DA5555142)  Source-Line:libMvCameraControl.so(CInterfaceManager.cpp-L4492)     Description:[MV_CC_ReadMemory]Address[0x0x30b04], Length[4], return[0x80000301]     Solution:
Error   2026-05-22 15:18:13  DevID:MV-CS016-10UC(DA5555142)  Source-Line:libMvCameraControl.so(XmlParse.cpp-L2674)     Description:GetNodeValue [ExposureTime], nSdkErrCode[80000301]     Solution:
Error   2026-05-22 15:18:13  DevID:MV-CS016-10UC(DA5555142)  Source-Line:libMvCameraControl.so(CInterfaceManager.cpp-L4492)     Description:[MV_CC_ReadMemory]Address[0x0x30b08], Length[4], return[0x80000301]     Solution:
Error   2026-05-22 15:18:13  DevID:MV-CS016-10UC(DA5555142)  Source-Line:libMvCameraControl.so(XmlParse.cpp-L2414)     Description:GetNodeValue [ExposureAuto], nSdkErrCode[80000301]     Solution:
Info    2026-05-22 15:18:13  DevID:MV-CS016-10UC(DA5555142)  Source-Line:libMvCameraControl.so(CInterfaceManager.cpp-L1703)     Description:U3V, DeviceModelName[MV-CS016-10UC], DeviceFirmwareVersion[V2.1.4 2309271116552 23092502], DeviceMaxThroughput[387500]     Solution:
Info    2026-05-22 15:18:13  DevID:MV-CS016-10UC(DA5555142)  Source-Line:libMvCameraControl.so(CInterfaceManager.cpp-L1708)     Description:U3V, Width[1440], Height[1080], OffsetX[0], OffsetY[0], PixelFormat[0x1080009], AcquisitionMode[2]     Solution:
Info    2026-05-22 15:18:13  DevID:MV-CS016-10UC(DA5555142)  Source-Line:libMvCameraControl.so(CInterfaceManager.cpp-L1713)     Description:U3V, TriggerMode[0], ResultingFrameRate[0.00], ExposureTime[0.00], ExposureAuto[0], PayloadSize[1555200]     Solution:
Info    2026-05-22 15:18:13  DevID:MV-CS016-10UC(DA5555142)  Source-Line:libMvCameraControl.so(CInterfaceManager.cpp-L1800)     Description:[MV_CC_StartGrabbing] return[0x80000301]     Solution:
Error   2026-05-22 15:18:13  DevID:MV-CS016-10UC(DA5555142)  Source-Line:libMvCameraControl.so(CInterfaceManager.cpp-L4492)     Description:[MV_CC_ReadMemory]Address[0x0x30808], Length[4], return[0x80000301]     Solution:
Error   2026-05-22 15:18:13  DevID:MV-CS016-10UC(DA5555142)  Source-Line:libMvCameraControl.so(XmlParse.cpp-L3943)     Description:Set Acquisition Stop Execute Failed, ErrorCode[0x80000301]     Solution:
Info    2026-05-22 15:18:13  DevID:MV-CS016-10UC(DA5555142)  Source-Line:libMvCameraControl.so(CInterfaceManager.cpp-L1888)     Description:[StopGrabbing] return[0x80000003]     Solution:
Error   2026-05-22 15:18:13  DevID:MV-CS016-10UC(DA5555142)  Source-Line:libMvCameraControl.so(CInterfaceManager.cpp-L4492)     Description:[MV_CC_ReadMemory]Address[0x0x30048], Length[4], return[0x80000301]     Solution:
Error   2026-05-22 15:18:13  DevID:MV-CS016-10UC(DA5555142)  Source-Line:libMvCameraControl.so(XmlParse.cpp-L2242)     Description:GetNodeValue [DeviceUptime], nSdkErrCode[80000301]     Solution:
Error   2026-05-22 15:18:13  DevID:MV-CS016-10UC(DA5555142)  Source-Line:libMvCameraControl.so(CInterfaceManager.cpp-L4492)     Description:[MV_CC_ReadMemory]Address[0x0x30824], Length[4], return[0x80000301]     Solution:
Error   2026-05-22 15:18:13  DevID:MV-CS016-10UC(DA5555142)  Source-Line:libMvCameraControl.so(XmlParse.cpp-L1337)     Description:GetNodeValue [ResultingFrameRate], nSdkErrCode[80000301]     Solution:
Error   2026-05-22 15:18:13  DevID:MV-CS016-10UC(DA5555142)  Source-Line:libMvCameraControl.so(CInterfaceManager.cpp-L4492)     Description:[MV_CC_ReadMemory]Address[0x0x30b04], Length[4], return[0x80000301]     Solution:
Error   2026-05-22 15:18:13  DevID:MV-CS016-10UC(DA5555142)  Source-Line:libMvCameraControl.so(XmlParse.cpp-L2674)     Description:GetNodeValue [ExposureTime], nSdkErrCode[80000301]     Solution:
Error   2026-05-22 15:18:13  DevID:MV-CS016-10UC(DA5555142)  Source-Line:libMvCameraControl.so(CInterfaceManager.cpp-L4492)     Description:[MV_CC_ReadMemory]Address[0x0x30b08], Length[4], return[0x80000301]     Solution:
Error   2026-05-22 15:18:13  DevID:MV-CS016-10UC(DA5555142)  Source-Line:libMvCameraControl.so(XmlParse.cpp-L2414)     Description:GetNodeValue [ExposureAuto], nSdkErrCode[80000301]     Solution:
Info    2026-05-22 15:18:13  DevID:MV-CS016-10UC(DA5555142)  Source-Line:libMvCameraControl.so(CInterfaceManager.cpp-L1703)     Description:U3V, DeviceModelName[MV-CS016-10UC], DeviceFirmwareVersion[V2.1.4 2309271116552 23092502], DeviceMaxThroughput[387500]     Solution:
Info    2026-05-22 15:18:13  DevID:MV-CS016-10UC(DA5555142)  Source-Line:libMvCameraControl.so(CInterfaceManager.cpp-L1708)     Description:U3V, Width[1440], Height[1080], OffsetX[0], OffsetY[0], PixelFormat[0x1080009], AcquisitionMode[2]     Solution:
Info    2026-05-22 15:18:13  DevID:MV-CS016-10UC(DA5555142)  Source-Line:libMvCameraControl.so(CInterfaceManager.cpp-L1713)     Description:U3V, TriggerMode[0], ResultingFrameRate[0.00], ExposureTime[0.00], ExposureAuto[0], PayloadSize[1555200]     Solution:
Info    2026-05-22 15:18:13  DevID:MV-CS016-10UC(DA5555142)  Source-Line:libMvCameraControl.so(CInterfaceManager.cpp-L1800)     Description:[MV_CC_StartGrabbing] return[0x80000301]     Solution:
Error   2026-05-22 15:18:13  DevID:MV-CS016-10UC(DA5555142)  Source-Line:libMvCameraControl.so(CInterfaceManager.cpp-L4492)     Description:[MV_CC_ReadMemory]Address[0x0x30808], Length[4], return[0x80000301]     Solution:
Error   2026-05-22 15:18:13  DevID:MV-CS016-10UC(DA5555142)  Source-Line:libMvCameraControl.so(XmlParse.cpp-L3943)     Description:Set Acquisition Stop Execute Failed, ErrorCode[0x80000301]     Solution:
Info    2026-05-22 15:18:13  DevID:MV-CS016-10UC(DA5555142)  Source-Line:libMvCameraControl.so(CInterfaceManager.cpp-L1888)     Description:[StopGrabbing] return[0x80000003]     Solution:
Error   2026-05-22 15:18:13  DevID:MV-CS016-10UC(DA5555142)  Source-Line:libMvCameraControl.so(CInterfaceManager.cpp-L4492)     Description:[MV_CC_ReadMemory]Address[0x0x30048], Length[4], return[0x80000301]     Solution:
Error   2026-05-22 15:18:13  DevID:MV-CS016-10UC(DA5555142)  Source-Line:libMvCameraControl.so(XmlParse.cpp-L2242)     Description:GetNodeValue [DeviceUptime], nSdkErrCode[80000301]     Solution:
Error   2026-05-22 15:18:13  DevID:MV-CS016-10UC(DA5555142)  Source-Line:libMvCameraControl.so(CInterfaceManager.cpp-L4492)     Description:[MV_CC_ReadMemory]Address[0x0x30824], Length[4], return[0x80000301]     Solution:
Error   2026-05-22 15:18:13  DevID:MV-CS016-10UC(DA5555142)  Source-Line:libMvCameraControl.so(XmlParse.cpp-L1337)     Description:GetNodeValue [ResultingFrameRate], nSdkErrCode[80000301]     Solution:
Error   2026-05-22 15:18:13  DevID:MV-CS016-10UC(DA5555142)  Source-Line:libMvCameraControl.so(CInterfaceManager.cpp-L4492)     Description:[MV_CC_ReadMemory]Address[0x0x30b04], Length[4], return[0x80000301]     Solution:
Error   2026-05-22 15:18:13  DevID:MV-CS016-10UC(DA5555142)  Source-Line:libMvCameraControl.so(XmlParse.cpp-L2674)     Description:GetNodeValue [ExposureTime], nSdkErrCode[80000301]     Solution:
Error   2026-05-22 15:18:13  DevID:MV-CS016-10UC(DA5555142)  Source-Line:libMvCameraControl.so(CInterfaceManager.cpp-L4492)     Description:[MV_CC_ReadMemory]Address[0x0x30b08], Length[4], return[0x80000301]     Solution:
Error   2026-05-22 15:18:13  DevID:MV-CS016-10UC(DA5555142)  Source-Line:libMvCameraControl.so(XmlParse.cpp-L2414)     Description:GetNodeValue [ExposureAuto], nSdkErrCode[80000301]     Solution:
Info    2026-05-22 15:18:13  DevID:MV-CS016-10UC(DA5555142)  Source-Line:libMvCameraControl.so(CInterfaceManager.cpp-L1703)     Description:U3V, DeviceModelName[MV-CS016-10UC], DeviceFirmwareVersion[V2.1.4 2309271116552 23092502], DeviceMaxThroughput[387500]     Solution:
Info    2026-05-22 15:18:13  DevID:MV-CS016-10UC(DA5555142)  Source-Line:libMvCameraControl.so(CInterfaceManager.cpp-L1708)     Description:U3V, Width[1440], Height[1080], OffsetX[0], OffsetY[0], PixelFormat[0x1080009], AcquisitionMode[2]     Solution:
Info    2026-05-22 15:18:13  DevID:MV-CS016-10UC(DA5555142)  Source-Line:libMvCameraControl.so(CInterfaceManager.cpp-L1713)     Description:U3V, TriggerMode[0], ResultingFrameRate[0.00], ExposureTime[0.00], ExposureAuto[0], PayloadSize[1555200]     Solution:
Info    2026-05-22 15:18:13  DevID:MV-CS016-10UC(DA5555142)  Source-Line:libMvCameraControl.so(CInterfaceManager.cpp-L1800)     Description:[MV_CC_StartGrabbing] return[0x80000301]     Solution:
Error   2026-05-22 15:18:13  DevID:MV-CS016-10UC(DA5555142)  Source-Line:libMvCameraControl.so(CInterfaceManager.cpp-L4492)     Description:[MV_CC_ReadMemory]Address[0x0x30808], Length[4], return[0x80000301]     Solution:
Error   2026-05-22 15:18:13  DevID:MV-CS016-10UC(DA5555142)  Source-Line:libMvCameraControl.so(XmlParse.cpp-L3943)     Description:Set Acquisition Stop Execute Failed, ErrorCode[0x80000301]     Solution:
Info    2026-05-22 15:18:13  DevID:MV-CS016-10UC(DA5555142)  Source-Line:libMvCameraControl.so(CInterfaceManager.cpp-L1888)     Description:[StopGrabbing] return[0x80000003]     Solution:
Error   2026-05-22 15:18:13  DevID:MV-CS016-10UC(DA5555142)  Source-Line:libMvCameraControl.so(CInterfaceManager.cpp-L4492)     Description:[MV_CC_ReadMemory]Address[0x0x30048], Length[4], return[0x80000301]     Solution:
Error   2026-05-22 15:18:13  DevID:MV-CS016-10UC(DA5555142)  Source-Line:libMvCameraControl.so(XmlParse.cpp-L2242)     Description:GetNodeValue [DeviceUptime], nSdkErrCode[80000301]     Solution:
Error   2026-05-22 15:18:13  DevID:MV-CS016-10UC(DA5555142)  Source-Line:libMvCameraControl.so(CInterfaceManager.cpp-L4492)     Description:[MV_CC_ReadMemory]Address[0x0x30824], Length[4], return[0x80000301]     Solution:
Error   2026-05-22 15:18:13  DevID:MV-CS016-10UC(DA5555142)  Source-Line:libMvCameraControl.so(XmlParse.cpp-L1337)     Description:GetNodeValue [ResultingFrameRate], nSdkErrCode[80000301]     Solution:
Error   2026-05-22 15:18:13  DevID:MV-CS016-10UC(DA5555142)  Source-Line:libMvCameraControl.so(CInterfaceManager.cpp-L4492)     Description:[MV_CC_ReadMemory]Address[0x0x30b04], Length[4], return[0x80000301]     Solution:
Error   2026-05-22 15:18:13  DevID:MV-CS016-10UC(DA5555142)  Source-Line:libMvCameraControl.so(XmlParse.cpp-L2674)     Description:GetNodeValue [ExposureTime], nSdkErrCode[80000301]     Solution:
Error   2026-05-22 15:18:13  DevID:MV-CS016-10UC(DA5555142)  Source-Line:libMvCameraControl.so(CInterfaceManager.cpp-L4492)     Description:[MV_CC_ReadMemory]Address[0x0x30b08], Length[4], return[0x80000301]     Solution:
Error   2026-05-22 15:18:13  DevID:MV-CS016-10UC(DA5555142)  Source-Line:libMvCameraControl.so(XmlParse.cpp-L2414)     Description:GetNodeValue [ExposureAuto], nSdkErrCode[80000301]     Solution:
Info    2026-05-22 15:18:13  DevID:MV-CS016-10UC(DA5555142)  Source-Line:libMvCameraControl.so(CInterfaceManager.cpp-L1703)     Description:U3V, DeviceModelName[MV-CS016-10UC], DeviceFirmwareVersion[V2.1.4 2309271116552 23092502], DeviceMaxThroughput[387500]     Solution:
Info    2026-05-22 15:18:13  DevID:MV-CS016-10UC(DA5555142)  Source-Line:libMvCameraControl.so(CInterfaceManager.cpp-L1708)     Description:U3V, Width[1440], Height[1080], OffsetX[0], OffsetY[0], PixelFormat[0x1080009], AcquisitionMode[2]     Solution:
Info    2026-05-22 15:18:13  DevID:MV-CS016-10UC(DA5555142)  Source-Line:libMvCameraControl.so(CInterfaceManager.cpp-L1713)     Description:U3V, TriggerMode[0], ResultingFrameRate[0.00], ExposureTime[0.00], ExposureAuto[0], PayloadSize[1555200]     Solution:
Info    2026-05-22 15:18:13  DevID:MV-CS016-10UC(DA5555142)  Source-Line:libMvCameraControl.so(CInterfaceManager.cpp-L1800)     Description:[MV_CC_StartGrabbing] return[0x80000301]     Solution:
Error   2026-05-22 15:18:13  DevID:MV-CS016-10UC(DA5555142)  Source-Line:libMvCameraControl.so(CInterfaceManager.cpp-L4492)     Description:[MV_CC_ReadMemory]Address[0x0x30808], Length[4], return[0x80000301]     Solution:
Error   2026-05-22 15:18:13  DevID:MV-CS016-10UC(DA5555142)  Source-Line:libMvCameraControl.so(XmlParse.cpp-L3943)     Description:Set Acquisition Stop Execute Failed, ErrorCode[0x80000301]     Solution:
Info    2026-05-22 15:18:13  DevID:MV-CS016-10UC(DA5555142)  Source-Line:libMvCameraControl.so(CInterfaceManager.cpp-L1888)     Description:[StopGrabbing] return[0x80000003]     Solution:
Error   2026-05-22 15:18:13  DevID:MV-CS016-10UC(DA5555142)  Source-Line:libMvCameraControl.so(CInterfaceManager.cpp-L4492)     Description:[MV_CC_ReadMemory]Address[0x0x30048], Length[4], return[0x80000301]     Solution:
Error   2026-05-22 15:18:13  DevID:MV-CS016-10UC(DA5555142)  Source-Line:libMvCameraControl.so(XmlParse.cpp-L2242)     Description:GetNodeValue [DeviceUptime], nSdkErrCode[80000301]     Solution:
Error   2026-05-22 15:18:13  DevID:MV-CS016-10UC(DA5555142)  Source-Line:libMvCameraControl.so(CInterfaceManager.cpp-L4492)     Description:[MV_CC_ReadMemory]Address[0x0x30824], Length[4], return[0x80000301]     Solution:
Error   2026-05-22 15:18:13  DevID:MV-CS016-10UC(DA5555142)  Source-Line:libMvCameraControl.so(XmlParse.cpp-L1337)     Description:GetNodeValue [ResultingFrameRate], nSdkErrCode[80000301]     Solution:
Error   2026-05-22 15:18:13  DevID:MV-CS016-10UC(DA5555142)  Source-Line:libMvCameraControl.so(CInterfaceManager.cpp-L4492)     Description:[MV_CC_ReadMemory]Address[0x0x30b04], Length[4], return[0x80000301]     Solution:
Error   2026-05-22 15:18:13  DevID:MV-CS016-10UC(DA5555142)  Source-Line:libMvCameraControl.so(XmlParse.cpp-L2674)     Description:GetNodeValue [ExposureTime], nSdkErrCode[80000301]     Solution:
Error   2026-05-22 15:18:13  DevID:MV-CS016-10UC(DA5555142)  Source-Line:libMvCameraControl.so(CInterfaceManager.cpp-L4492)     Description:[MV_CC_ReadMemory]Address[0x0x30b08], Length[4], return[0x80000301]     Solution:
Error   2026-05-22 15:18:13  DevID:MV-CS016-10UC(DA5555142)  Source-Line:libMvCameraControl.so(XmlParse.cpp-L2414)     Description:GetNodeValue [ExposureAuto], nSdkErrCode[80000301]     Solution:
Info    2026-05-22 15:18:13  DevID:MV-CS016-10UC(DA5555142)  Source-Line:libMvCameraControl.so(CInterfaceManager.cpp-L1703)     Description:U3V, DeviceModelName[MV-CS016-10UC], DeviceFirmwareVersion[V2.1.4 2309271116552 23092502], DeviceMaxThroughput[387500]     Solution:
Info    2026-05-22 15:18:13  DevID:MV-CS016-10UC(DA5555142)  Source-Line:libMvCameraControl.so(CInterfaceManager.cpp-L1708)     Description:U3V, Width[1440], Height[1080], OffsetX[0], OffsetY[0], PixelFormat[0x1080009], AcquisitionMode[2]     Solution:
Info    2026-05-22 15:18:13  DevID:MV-CS016-10UC(DA5555142)  Source-Line:libMvCameraControl.so(CInterfaceManager.cpp-L1713)     Description:U3V, TriggerMode[0], ResultingFrameRate[0.00], ExposureTime[0.00], ExposureAuto[0], PayloadSize[1555200]     Solution:
Info    2026-05-22 15:18:13  DevID:MV-CS016-10UC(DA5555142)  Source-Line:libMvCameraControl.so(CInterfaceManager.cpp-L1800)     Description:[MV_CC_StartGrabbing] return[0x80000301]     Solution:
Error   2026-05-22 15:18:13  DevID:MV-CS016-10UC(DA5555142)  Source-Line:libMvCameraControl.so(CInterfaceManager.cpp-L4492)     Description:[MV_CC_ReadMemory]Address[0x0x30808], Length[4], return[0x80000301]     Solution:
Error   2026-05-22 15:18:13  DevID:MV-CS016-10UC(DA5555142)  Source-Line:libMvCameraControl.so(XmlParse.cpp-L3943)     Description:Set Acquisition Stop Execute Failed, ErrorCode[0x80000301]     Solution:
Info    2026-05-22 15:18:13  DevID:MV-CS016-10UC(DA5555142)  Source-Line:libMvCameraControl.so(CInterfaceManager.cpp-L1888)     Description:[StopGrabbing] return[0x80000003]     Solution:
Error   2026-05-22 15:18:13  DevID:MV-CS016-10UC(DA5555142)  Source-Line:libMvCameraControl.so(CInterfaceManager.cpp-L4492)     Description:[MV_CC_ReadMemory]Address[0x0x30048], Length[4], return[0x80000301]     Solution:
Error   2026-05-22 15:18:13  DevID:MV-CS016-10UC(DA5555142)  Source-Line:libMvCameraControl.so(XmlParse.cpp-L2242)     Description:GetNodeValue [DeviceUptime], nSdkErrCode[80000301]     Solution:
Error   2026-05-22 15:18:13  DevID:MV-CS016-10UC(DA5555142)  Source-Line:libMvCameraControl.so(CInterfaceManager.cpp-L4492)     Description:[MV_CC_ReadMemory]Address[0x0x30824], Length[4], return[0x80000301]     Solution:
Error   2026-05-22 15:18:13  DevID:MV-CS016-10UC(DA5555142)  Source-Line:libMvCameraControl.so(XmlParse.cpp-L1337)     Description:GetNodeValue [ResultingFrameRate], nSdkErrCode[80000301]     Solution:
Error   2026-05-22 15:18:13  DevID:MV-CS016-10UC(DA5555142)  Source-Line:libMvCameraControl.so(CInterfaceManager.cpp-L4492)     Description:[MV_CC_ReadMemory]Address[0x0x30b04], Length[4], return[0x80000301]     Solution:
Error   2026-05-22 15:18:13  DevID:MV-CS016-10UC(DA5555142)  Source-Line:libMvCameraControl.so(XmlParse.cpp-L2674)     Description:GetNodeValue [ExposureTime], nSdkErrCode[80000301]     Solution:
Error   2026-05-22 15:18:13  DevID:MV-CS016-10UC(DA5555142)  Source-Line:libMvCameraControl.so(CInterfaceManager.cpp-L4492)     Description:[MV_CC_ReadMemory]Address[0x0x30b08], Length[4], return[0x80000301]     Solution:
Error   2026-05-22 15:18:13  DevID:MV-CS016-10UC(DA5555142)  Source-Line:libMvCameraControl.so(XmlParse.cpp-L2414)     Description:GetNodeValue [ExposureAuto], nSdkErrCode[80000301]     Solution:
Info    2026-05-22 15:18:13  DevID:MV-CS016-10UC(DA5555142)  Source-Line:libMvCameraControl.so(CInterfaceManager.cpp-L1703)     Description:U3V, DeviceModelName[MV-CS016-10UC], DeviceFirmwareVersion[V2.1.4 2309271116552 23092502], DeviceMaxThroughput[387500]     Solution:
Info    2026-05-22 15:18:13  DevID:MV-CS016-10UC(DA5555142)  Source-Line:libMvCameraControl.so(CInterfaceManager.cpp-L1708)     Description:U3V, Width[1440], Height[1080], OffsetX[0], OffsetY[0], PixelFormat[0x1080009], AcquisitionMode[2]     Solution:
Info    2026-05-22 15:18:13  DevID:MV-CS016-10UC(DA5555142)  Source-Line:libMvCameraControl.so(CInterfaceManager.cpp-L1713)     Description:U3V, TriggerMode[0], ResultingFrameRate[0.00], ExposureTime[0.00], ExposureAuto[0], PayloadSize[1555200]     Solution:
Info    2026-05-22 15:18:13  DevID:MV-CS016-10UC(DA5555142)  Source-Line:libMvCameraControl.so(CInterfaceManager.cpp-L1800)     Description:[MV_CC_StartGrabbing] return[0x80000301]     Solution:
Error   2026-05-22 15:18:13  DevID:MV-CS016-10UC(DA5555142)  Source-Line:libMvCameraControl.so(CInterfaceManager.cpp-L4492)     Description:[MV_CC_ReadMemory]Address[0x0x30808], Length[4], return[0x80000301]     Solution:
Error   2026-05-22 15:18:13  DevID:MV-CS016-10UC(DA5555142)  Source-Line:libMvCameraControl.so(XmlParse.cpp-L3943)     Description:Set Acquisition Stop Execute Failed, ErrorCode[0x80000301]     Solution:
Info    2026-05-22 15:18:13  DevID:MV-CS016-10UC(DA5555142)  Source-Line:libMvCameraControl.so(CInterfaceManager.cpp-L1888)     Description:[StopGrabbing] return[0x80000003]     Solution:
Error   2026-05-22 15:18:13  DevID:MV-CS016-10UC(DA5555142)  Source-Line:libMvCameraControl.so(CInterfaceManager.cpp-L4492)     Description:[MV_CC_ReadMemory]Address[0x0x30048], Length[4], return[0x80000301]     Solution:
Error   2026-05-22 15:18:13  DevID:MV-CS016-10UC(DA5555142)  Source-Line:libMvCameraControl.so(XmlParse.cpp-L2242)     Description:GetNodeValue [DeviceUptime], nSdkErrCode[80000301]     Solution:
Error   2026-05-22 15:18:13  DevID:MV-CS016-10UC(DA5555142)  Source-Line:libMvCameraControl.so(CInterfaceManager.cpp-L4492)     Description:[MV_CC_ReadMemory]Address[0x0x30824], Length[4], return[0x80000301]     Solution:
Error   2026-05-22 15:18:13  DevID:MV-CS016-10UC(DA5555142)  Source-Line:libMvCameraControl.so(XmlParse.cpp-L1337)     Description:GetNodeValue [ResultingFrameRate], nSdkErrCode[80000301]     Solution:
Error   2026-05-22 15:18:13  DevID:MV-CS016-10UC(DA5555142)  Source-Line:libMvCameraControl.so(CInterfaceManager.cpp-L4492)     Description:[MV_CC_ReadMemory]Address[0x0x30b04], Length[4], return[0x80000301]     Solution:
Error   2026-05-22 15:18:13  DevID:MV-CS016-10UC(DA5555142)  Source-Line:libMvCameraControl.so(XmlParse.cpp-L2674)     Description:GetNodeValue [ExposureTime], nSdkErrCode[80000301]     Solution:
Error   2026-05-22 15:18:13  DevID:MV-CS016-10UC(DA5555142)  Source-Line:libMvCameraControl.so(CInterfaceManager.cpp-L4492)     Description:[MV_CC_ReadMemory]Address[0x0x30b08], Length[4], return[0x80000301]     Solution:
Error   2026-05-22 15:18:13  DevID:MV-CS016-10UC(DA5555142)  Source-Line:libMvCameraControl.so(XmlParse.cpp-L2414)     Description:GetNodeValue [ExposureAuto], nSdkErrCode[80000301]     Solution:
Info    2026-05-22 15:18:13  DevID:MV-CS016-10UC(DA5555142)  Source-Line:libMvCameraControl.so(CInterfaceManager.cpp-L1703)     Description:U3V, DeviceModelName[MV-CS016-10UC], DeviceFirmwareVersion[V2.1.4 2309271116552 23092502], DeviceMaxThroughput[387500]     Solution:
Info    2026-05-22 15:18:13  DevID:MV-CS016-10UC(DA5555142)  Source-Line:libMvCameraControl.so(CInterfaceManager.cpp-L1708)     Description:U3V, Width[1440], Height[1080], OffsetX[0], OffsetY[0], PixelFormat[0x1080009], AcquisitionMode[2]     Solution:
Info    2026-05-22 15:18:13  DevID:MV-CS016-10UC(DA5555142)  Source-Line:libMvCameraControl.so(CInterfaceManager.cpp-L1713)     Description:U3V, TriggerMode[0], ResultingFrameRate[0.00], ExposureTime[0.00], ExposureAuto[0], PayloadSize[1555200]     Solution:
Info    2026-05-22 15:18:13  DevID:MV-CS016-10UC(DA5555142)  Source-Line:libMvCameraControl.so(CInterfaceManager.cpp-L1800)     Description:[MV_CC_StartGrabbing] return[0x80000301]     Solution:
Error   2026-05-22 15:18:13  DevID:MV-CS016-10UC(DA5555142)  Source-Line:libMvCameraControl.so(CInterfaceManager.cpp-L4492)     Description:[MV_CC_ReadMemory]Address[0x0x30808], Length[4], return[0x80000301]     Solution:
Error   2026-05-22 15:18:13  DevID:MV-CS016-10UC(DA5555142)  Source-Line:libMvCameraControl.so(XmlParse.cpp-L3943)     Description:Set Acquisition Stop Execute Failed, ErrorCode[0x80000301]     Solution:
Info    2026-05-22 15:18:13  DevID:MV-CS016-10UC(DA5555142)  Source-Line:libMvCameraControl.so(CInterfaceManager.cpp-L1888)     Description:[StopGrabbing] return[0x80000003]     Solution:
Error   2026-05-22 15:18:13  DevID:MV-CS016-10UC(DA5555142)  Source-Line:libMvCameraControl.so(CInterfaceManager.cpp-L4492)     Description:[MV_CC_ReadMemory]Address[0x0x30048], Length[4], return[0x80000301]     Solution:
Error   2026-05-22 15:18:13  DevID:MV-CS016-10UC(DA5555142)  Source-Line:libMvCameraControl.so(XmlParse.cpp-L2242)     Description:GetNodeValue [DeviceUptime], nSdkErrCode[80000301]     Solution:
Error   2026-05-22 15:18:13  DevID:MV-CS016-10UC(DA5555142)  Source-Line:libMvCameraControl.so(CInterfaceManager.cpp-L4492)     Description:[MV_CC_ReadMemory]Address[0x0x30824], Length[4], return[0x80000301]     Solution:
Error   2026-05-22 15:18:13  DevID:MV-CS016-10UC(DA5555142)  Source-Line:libMvCameraControl.so(XmlParse.cpp-L1337)     Description:GetNodeValue [ResultingFrameRate], nSdkErrCode[80000301]     Solution:
Error   2026-05-22 15:18:13  DevID:MV-CS016-10UC(DA5555142)  Source-Line:libMvCameraControl.so(CInterfaceManager.cpp-L4492)     Description:[MV_CC_ReadMemory]Address[0x0x30b04], Length[4], return[0x80000301]     Solution:
Error   2026-05-22 15:18:13  DevID:MV-CS016-10UC(DA5555142)  Source-Line:libMvCameraControl.so(XmlParse.cpp-L2674)     Description:GetNodeValue [ExposureTime], nSdkErrCode[80000301]     Solution:
Error   2026-05-22 15:18:13  DevID:MV-CS016-10UC(DA5555142)  Source-Line:libMvCameraControl.so(CInterfaceManager.cpp-L4492)     Description:[MV_CC_ReadMemory]Address[0x0x30b08], Length[4], return[0x80000301]     Solution:
Error   2026-05-22 15:18:13  DevID:MV-CS016-10UC(DA5555142)  Source-Line:libMvCameraControl.so(XmlParse.cpp-L2414)     Description:GetNodeValue [ExposureAuto], nSdkErrCode[80000301]     Solution:
Info    2026-05-22 15:18:13  DevID:MV-CS016-10UC(DA5555142)  Source-Line:libMvCameraControl.so(CInterfaceManager.cpp-L1703)     Description:U3V, DeviceModelName[MV-CS016-10UC], DeviceFirmwareVersion[V2.1.4 2309271116552 23092502], DeviceMaxThroughput[387500]     Solution:
Info    2026-05-22 15:18:13  DevID:MV-CS016-10UC(DA5555142)  Source-Line:libMvCameraControl.so(CInterfaceManager.cpp-L1708)     Description:U3V, Width[1440], Height[1080], OffsetX[0], OffsetY[0], PixelFormat[0x1080009], AcquisitionMode[2]     Solution:
Info    2026-05-22 15:18:13  DevID:MV-CS016-10UC(DA5555142)  Source-Line:libMvCameraControl.so(CInterfaceManager.cpp-L1713)     Description:U3V, TriggerMode[0], ResultingFrameRate[0.00], ExposureTime[0.00], ExposureAuto[0], PayloadSize[1555200]     Solution:
Info    2026-05-22 15:18:13  DevID:MV-CS016-10UC(DA5555142)  Source-Line:libMvCameraControl.so(CInterfaceManager.cpp-L1800)     Description:[MV_CC_StartGrabbing] return[0x80000301]     Solution:
Error   2026-05-22 15:18:13  DevID:MV-CS016-10UC(DA5555142)  Source-Line:libMvCameraControl.so(CInterfaceManager.cpp-L4492)     Description:[MV_CC_ReadMemory]Address[0x0x30808], Length[4], return[0x80000301]     Solution:
Error   2026-05-22 15:18:13  DevID:MV-CS016-10UC(DA5555142)  Source-Line:libMvCameraControl.so(XmlParse.cpp-L3943)     Description:Set Acquisition Stop Execute Failed, ErrorCode[0x80000301]     Solution:
Info    2026-05-22 15:18:13  DevID:MV-CS016-10UC(DA5555142)  Source-Line:libMvCameraControl.so(CInterfaceManager.cpp-L1888)     Description:[StopGrabbing] return[0x80000003]     Solution:
Error   2026-05-22 15:18:13  DevID:MV-CS016-10UC(DA5555142)  Source-Line:libMvCameraControl.so(CInterfaceManager.cpp-L4492)     Description:[MV_CC_ReadMemory]Address[0x0x30048], Length[4], return[0x80000301]     Solution:
Error   2026-05-22 15:18:13  DevID:MV-CS016-10UC(DA5555142)  Source-Line:libMvCameraControl.so(XmlParse.cpp-L2242)     Description:GetNodeValue [DeviceUptime], nSdkErrCode[80000301]     Solution:
Error   2026-05-22 15:18:13  DevID:MV-CS016-10UC(DA5555142)  Source-Line:libMvCameraControl.so(CInterfaceManager.cpp-L4492)     Description:[MV_CC_ReadMemory]Address[0x0x30824], Length[4], return[0x80000301]     Solution:
Error   2026-05-22 15:18:13  DevID:MV-CS016-10UC(DA5555142)  Source-Line:libMvCameraControl.so(XmlParse.cpp-L1337)     Description:GetNodeValue [ResultingFrameRate], nSdkErrCode[80000301]     Solution:
Error   2026-05-22 15:18:13  DevID:MV-CS016-10UC(DA5555142)  Source-Line:libMvCameraControl.so(CInterfaceManager.cpp-L4492)     Description:[MV_CC_ReadMemory]Address[0x0x30b04], Length[4], return[0x80000301]     Solution:
Error   2026-05-22 15:18:13  DevID:MV-CS016-10UC(DA5555142)  Source-Line:libMvCameraControl.so(XmlParse.cpp-L2674)     Description:GetNodeValue [ExposureTime], nSdkErrCode[80000301]     Solution:
Error   2026-05-22 15:18:13  DevID:MV-CS016-10UC(DA5555142)  Source-Line:libMvCameraControl.so(CInterfaceManager.cpp-L4492)     Description:[MV_CC_ReadMemory]Address[0x0x30b08], Length[4], return[0x80000301]     Solution:
Error   2026-05-22 15:18:13  DevID:MV-CS016-10UC(DA5555142)  Source-Line:libMvCameraControl.so(XmlParse.cpp-L2414)     Description:GetNodeValue [ExposureAuto], nSdkErrCode[80000301]     Solution:
Info    2026-05-22 15:18:13  DevID:MV-CS016-10UC(DA5555142)  Source-Line:libMvCameraControl.so(CInterfaceManager.cpp-L1703)     Description:U3V, DeviceModelName[MV-CS016-10UC], DeviceFirmwareVersion[V2.1.4 2309271116552 23092502], DeviceMaxThroughput[387500]     Solution:
Info    2026-05-22 15:18:13  DevID:MV-CS016-10UC(DA5555142)  Source-Line:libMvCameraControl.so(CInterfaceManager.cpp-L1708)     Description:U3V, Width[1440], Height[1080], OffsetX[0], OffsetY[0], PixelFormat[0x1080009], AcquisitionMode[2]     Solution:
Info    2026-05-22 15:18:13  DevID:MV-CS016-10UC(DA5555142)  Source-Line:libMvCameraControl.so(CInterfaceManager.cpp-L1713)     Description:U3V, TriggerMode[0], ResultingFrameRate[0.00], ExposureTime[0.00], ExposureAuto[0], PayloadSize[1555200]     Solution:
Info    2026-05-22 15:18:13  DevID:MV-CS016-10UC(DA5555142)  Source-Line:libMvCameraControl.so(CInterfaceManager.cpp-L1800)     Description:[MV_CC_StartGrabbing] return[0x80000301]     Solution:
Error   2026-05-22 15:18:13  DevID:MV-CS016-10UC(DA5555142)  Source-Line:libMvCameraControl.so(CInterfaceManager.cpp-L4492)     Description:[MV_CC_ReadMemory]Address[0x0x30808], Length[4], return[0x80000301]     Solution:
Error   2026-05-22 15:18:13  DevID:MV-CS016-10UC(DA5555142)  Source-Line:libMvCameraControl.so(XmlParse.cpp-L3943)     Description:Set Acquisition Stop Execute Failed, ErrorCode[0x80000301]     Solution:
Info    2026-05-22 15:18:13  DevID:MV-CS016-10UC(DA5555142)  Source-Line:libMvCameraControl.so(CInterfaceManager.cpp-L1888)     Description:[StopGrabbing] return[0x80000003]     Solution:
Error   2026-05-22 15:18:13  DevID:MV-CS016-10UC(DA5555142)  Source-Line:libMvCameraControl.so(CInterfaceManager.cpp-L4492)     Description:[MV_CC_ReadMemory]Address[0x0x30048], Length[4], return[0x80000301]     Solution:
Error   2026-05-22 15:18:13  DevID:MV-CS016-10UC(DA5555142)  Source-Line:libMvCameraControl.so(XmlParse.cpp-L2242)     Description:GetNodeValue [DeviceUptime], nSdkErrCode[80000301]     Solution:
Error   2026-05-22 15:18:13  DevID:MV-CS016-10UC(DA5555142)  Source-Line:libMvCameraControl.so(CInterfaceManager.cpp-L4492)     Description:[MV_CC_ReadMemory]Address[0x0x30824], Length[4], return[0x80000301]     Solution:
Error   2026-05-22 15:18:13  DevID:MV-CS016-10UC(DA5555142)  Source-Line:libMvCameraControl.so(XmlParse.cpp-L1337)     Description:GetNodeValue [ResultingFrameRate], nSdkErrCode[80000301]     Solution:
Error   2026-05-22 15:18:13  DevID:MV-CS016-10UC(DA5555142)  Source-Line:libMvCameraControl.so(CInterfaceManager.cpp-L4492)     Description:[MV_CC_ReadMemory]Address[0x0x30b04], Length[4], return[0x80000301]     Solution:
Error   2026-05-22 15:18:13  DevID:MV-CS016-10UC(DA5555142)  Source-Line:libMvCameraControl.so(XmlParse.cpp-L2674)     Description:GetNodeValue [ExposureTime], nSdkErrCode[80000301]     Solution:
Error   2026-05-22 15:18:13  DevID:MV-CS016-10UC(DA5555142)  Source-Line:libMvCameraControl.so(CInterfaceManager.cpp-L4492)     Description:[MV_CC_ReadMemory]Address[0x0x30b08], Length[4], return[0x80000301]     Solution:
Error   2026-05-22 15:18:13  DevID:MV-CS016-10UC(DA5555142)  Source-Line:libMvCameraControl.so(XmlParse.cpp-L2414)     Description:GetNodeValue [ExposureAuto], nSdkErrCode[80000301]     Solution:
Info    2026-05-22 15:18:13  DevID:MV-CS016-10UC(DA5555142)  Source-Line:libMvCameraControl.so(CInterfaceManager.cpp-L1703)     Description:U3V, DeviceModelName[MV-CS016-10UC], DeviceFirmwareVersion[V2.1.4 2309271116552 23092502], DeviceMaxThroughput[387500]     Solution:
Info    2026-05-22 15:18:13  DevID:MV-CS016-10UC(DA5555142)  Source-Line:libMvCameraControl.so(CInterfaceManager.cpp-L1708)     Description:U3V, Width[1440], Height[1080], OffsetX[0], OffsetY[0], PixelFormat[0x1080009], AcquisitionMode[2]     Solution:
Info    2026-05-22 15:18:13  DevID:MV-CS016-10UC(DA5555142)  Source-Line:libMvCameraControl.so(CInterfaceManager.cpp-L1713)     Description:U3V, TriggerMode[0], ResultingFrameRate[0.00], ExposureTime[0.00], ExposureAuto[0], PayloadSize[1555200]     Solution:
Info    2026-05-22 15:18:13  DevID:MV-CS016-10UC(DA5555142)  Source-Line:libMvCameraControl.so(CInterfaceManager.cpp-L1800)     Description:[MV_CC_StartGrabbing] return[0x80000301]     Solution:
Error   2026-05-22 15:18:13  DevID:MV-CS016-10UC(DA5555142)  Source-Line:libMvCameraControl.so(CInterfaceManager.cpp-L4492)     Description:[MV_CC_ReadMemory]Address[0x0x30808], Length[4], return[0x80000301]     Solution:
Error   2026-05-22 15:18:13  DevID:MV-CS016-10UC(DA5555142)  Source-Line:libMvCameraControl.so(XmlParse.cpp-L3943)     Description:Set Acquisition Stop Execute Failed, ErrorCode[0x80000301]     Solution:
Info    2026-05-22 15:18:13  DevID:MV-CS016-10UC(DA5555142)  Source-Line:libMvCameraControl.so(CInterfaceManager.cpp-L1888)     Description:[StopGrabbing] return[0x80000003]     Solution:
Error   2026-05-22 15:18:13  DevID:MV-CS016-10UC(DA5555142)  Source-Line:libMvCameraControl.so(CInterfaceManager.cpp-L4492)     Description:[MV_CC_ReadMemory]Address[0x0x30048], Length[4], return[0x80000301]     Solution:
Error   2026-05-22 15:18:13  DevID:MV-CS016-10UC(DA5555142)  Source-Line:libMvCameraControl.so(XmlParse.cpp-L2242)     Description:GetNodeValue [DeviceUptime], nSdkErrCode[80000301]     Solution:
Error   2026-05-22 15:18:13  DevID:MV-CS016-10UC(DA5555142)  Source-Line:libMvCameraControl.so(CInterfaceManager.cpp-L4492)     Description:[MV_CC_ReadMemory]Address[0x0x30824], Length[4], return[0x80000301]     Solution:
Error   2026-05-22 15:18:13  DevID:MV-CS016-10UC(DA5555142)  Source-Line:libMvCameraControl.so(XmlParse.cpp-L1337)     Description:GetNodeValue [ResultingFrameRate], nSdkErrCode[80000301]     Solution:
Error   2026-05-22 15:18:13  DevID:MV-CS016-10UC(DA5555142)  Source-Line:libMvCameraControl.so(CInterfaceManager.cpp-L4492)     Description:[MV_CC_ReadMemory]Address[0x0x30b04], Length[4], return[0x80000301]     Solution:
Error   2026-05-22 15:18:13  DevID:MV-CS016-10UC(DA5555142)  Source-Line:libMvCameraControl.so(XmlParse.cpp-L2674)     Description:GetNodeValue [ExposureTime], nSdkErrCode[80000301]     Solution:
Error   2026-05-22 15:18:13  DevID:MV-CS016-10UC(DA5555142)  Source-Line:libMvCameraControl.so(CInterfaceManager.cpp-L4492)     Description:[MV_CC_ReadMemory]Address[0x0x30b08], Length[4], return[0x80000301]     Solution:
Error   2026-05-22 15:18:13  DevID:MV-CS016-10UC(DA5555142)  Source-Line:libMvCameraControl.so(XmlParse.cpp-L2414)     Description:GetNodeValue [ExposureAuto], nSdkErrCode[80000301]     Solution:
Info    2026-05-22 15:18:13  DevID:MV-CS016-10UC(DA5555142)  Source-Line:libMvCameraControl.so(CInterfaceManager.cpp-L1703)     Description:U3V, DeviceModelName[MV-CS016-10UC], DeviceFirmwareVersion[V2.1.4 2309271116552 23092502], DeviceMaxThroughput[387500]     Solution:
Info    2026-05-22 15:18:13  DevID:MV-CS016-10UC(DA5555142)  Source-Line:libMvCameraControl.so(CInterfaceManager.cpp-L1708)     Description:U3V, Width[1440], Height[1080], OffsetX[0], OffsetY[0], PixelFormat[0x1080009], AcquisitionMode[2]     Solution:
Info    2026-05-22 15:18:13  DevID:MV-CS016-10UC(DA5555142)  Source-Line:libMvCameraControl.so(CInterfaceManager.cpp-L1713)     Description:U3V, TriggerMode[0], ResultingFrameRate[0.00], ExposureTime[0.00], ExposureAuto[0], PayloadSize[1555200]     Solution:
Info    2026-05-22 15:18:13  DevID:MV-CS016-10UC(DA5555142)  Source-Line:libMvCameraControl.so(CInterfaceManager.cpp-L1800)     Description:[MV_CC_StartGrabbing] return[0x80000301]     Solution:
Error   2026-05-22 15:18:13  DevID:MV-CS016-10UC(DA5555142)  Source-Line:libMvCameraControl.so(CInterfaceManager.cpp-L4492)     Description:[MV_CC_ReadMemory]Address[0x0x30808], Length[4], return[0x80000301]     Solution:
Error   2026-05-22 15:18:13  DevID:MV-CS016-10UC(DA5555142)  Source-Line:libMvCameraControl.so(XmlParse.cpp-L3943)     Description:Set Acquisition Stop Execute Failed, ErrorCode[0x80000301]     Solution:
Info    2026-05-22 15:18:13  DevID:MV-CS016-10UC(DA5555142)  Source-Line:libMvCameraControl.so(CInterfaceManager.cpp-L1888)     Description:[StopGrabbing] return[0x80000003]     Solution:
Error   2026-05-22 15:18:13  DevID:MV-CS016-10UC(DA5555142)  Source-Line:libMvCameraControl.so(CInterfaceManager.cpp-L4492)     Description:[MV_CC_ReadMemory]Address[0x0x30048], Length[4], return[0x80000301]     Solution:
Error   2026-05-22 15:18:13  DevID:MV-CS016-10UC(DA5555142)  Source-Line:libMvCameraControl.so(XmlParse.cpp-L2242)     Description:GetNodeValue [DeviceUptime], nSdkErrCode[80000301]     Solution:
Error   2026-05-22 15:18:13  DevID:MV-CS016-10UC(DA5555142)  Source-Line:libMvCameraControl.so(CInterfaceManager.cpp-L4492)     Description:[MV_CC_ReadMemory]Address[0x0x30824], Length[4], return[0x80000301]     Solution:
Error   2026-05-22 15:18:13  DevID:MV-CS016-10UC(DA5555142)  Source-Line:libMvCameraControl.so(XmlParse.cpp-L1337)     Description:GetNodeValue [ResultingFrameRate], nSdkErrCode[80000301]     Solution:
Error   2026-05-22 15:18:13  DevID:MV-CS016-10UC(DA5555142)  Source-Line:libMvCameraControl.so(CInterfaceManager.cpp-L4492)     Description:[MV_CC_ReadMemory]Address[0x0x30b04], Length[4], return[0x80000301]     Solution:
Error   2026-05-22 15:18:13  DevID:MV-CS016-10UC(DA5555142)  Source-Line:libMvCameraControl.so(XmlParse.cpp-L2674)     Description:GetNodeValue [ExposureTime], nSdkErrCode[80000301]     Solution:
Error   2026-05-22 15:18:13  DevID:MV-CS016-10UC(DA5555142)  Source-Line:libMvCameraControl.so(CInterfaceManager.cpp-L4492)     Description:[MV_CC_ReadMemory]Address[0x0x30b08], Length[4], return[0x80000301]     Solution:
Error   2026-05-22 15:18:13  DevID:MV-CS016-10UC(DA5555142)  Source-Line:libMvCameraControl.so(XmlParse.cpp-L2414)     Description:GetNodeValue [ExposureAuto], nSdkErrCode[80000301]     Solution:
Info    2026-05-22 15:18:13  DevID:MV-CS016-10UC(DA5555142)  Source-Line:libMvCameraControl.so(CInterfaceManager.cpp-L1703)     Description:U3V, DeviceModelName[MV-CS016-10UC], DeviceFirmwareVersion[V2.1.4 2309271116552 23092502], DeviceMaxThroughput[387500]     Solution:
Info    2026-05-22 15:18:13  DevID:MV-CS016-10UC(DA5555142)  Source-Line:libMvCameraControl.so(CInterfaceManager.cpp-L1708)     Description:U3V, Width[1440], Height[1080], OffsetX[0], OffsetY[0], PixelFormat[0x1080009], AcquisitionMode[2]     Solution:
Info    2026-05-22 15:18:13  DevID:MV-CS016-10UC(DA5555142)  Source-Line:libMvCameraControl.so(CInterfaceManager.cpp-L1713)     Description:U3V, TriggerMode[0], ResultingFrameRate[0.00], ExposureTime[0.00], ExposureAuto[0], PayloadSize[1555200]     Solution:
Info    2026-05-22 15:18:13  DevID:MV-CS016-10UC(DA5555142)  Source-Line:libMvCameraControl.so(CInterfaceManager.cpp-L1800)     Description:[MV_CC_StartGrabbing] return[0x80000301]     Solution:
Error   2026-05-22 15:18:13  DevID:MV-CS016-10UC(DA5555142)  Source-Line:libMvCameraControl.so(CInterfaceManager.cpp-L4492)     Description:[MV_CC_ReadMemory]Address[0x0x30808], Length[4], return[0x80000301]     Solution:
Error   2026-05-22 15:18:13  DevID:MV-CS016-10UC(DA5555142)  Source-Line:libMvCameraControl.so(XmlParse.cpp-L3943)     Description:Set Acquisition Stop Execute Failed, ErrorCode[0x80000301]     Solution:
Info    2026-05-22 15:18:13  DevID:MV-CS016-10UC(DA5555142)  Source-Line:libMvCameraControl.so(CInterfaceManager.cpp-L1888)     Description:[StopGrabbing] return[0x80000003]     Solution:
Info    2026-05-22 15:18:13  DevID:MV-CS016-10UC(DA5555142)  Source-Line:libMvCameraControl.so(CInterfaceManager.cpp-L6545)     Description:RecvThread Process Exit     Solution:
Info    2026-05-22 15:18:14  DevID:MV-CS016-10UC(DA5555142)  Source-Line:libMvCameraControl.so(CInterfaceManager.cpp-L6299)     Description:Display process exit     Solution:
Info    2026-05-22 15:18:19  DevID:MV-CS016-10UC(DA5555142)  Source-Line:libMvCameraControl.so(CInterfaceManager.cpp-L1166)     Description:[CloseDevice] return[0x0]     Solution:
Info    2026-05-22 15:18:26  DevID:MV-CS016-10UC(DA5555142)  Source-Line:libMvCameraControl.so(CInterfaceManager.cpp-L0809)     Description:Current dynamic library path[/home/whiteink/RM_PKA_Sentry_RMUC/install/rm_hik_camera_driver/lib/libMvCameraControl.so]     Solution:
Info    2026-05-22 15:18:26  DevID:MV-CS016-10UC(DA5555142)  Source-Line:libMvCameraControl.so(CInterfaceManager.cpp-L0812)     Description:CamCtl_Version: 3.2.1.0     Solution:
Info    2026-05-22 15:18:26  DevID:MV-CS016-10UC(DA5555142)  Source-Line:libMvCameraControl.so(CInterfaceManager.cpp-L0813)     Description:CamCtl_Description: BaseLine Build 20211203     Solution:
Info    2026-05-22 15:18:26  DevID:MV-CS016-10UC(DA5555142)  Source-Line:libMvCameraControl.so(CInterfaceManager.cpp-L0815)     Description:[MV_CC_CreateHandle] return[0x0]     Solution:
Info    2026-05-22 15:18:26  DevID:MV-CS016-10UC(DA5555142)  Source-Line:libMvCameraControl.so(CInterfaceManager.cpp-L6710)     Description:CamCtrl[0x3020100], U3V SDKVersion[0x3020100], DriverVersion[0x0]     Solution:
Info    2026-05-22 15:18:27  DevID:MV-CS016-10UC(DA5555142)  Source-Line:libMvCameraControl.so(CInterfaceManager.cpp-L4236)     Description:[MV_CC_InvalidateNodes] return[0x0]     Solution:
Info    2026-05-22 15:18:27  DevID:MV-CS016-10UC(DA5555142)  Source-Line:libMvCameraControl.so(CInterfaceManager.cpp-L1086)     Description:[MV_CC_OpenDevice] nPrivilegeMode[1], nSwitchoverKey[0], return[0x0]     Solution:
Info    2026-05-22 15:18:27  DevID:MV-CS016-10UC(DA5555142)  Source-Line:libMvCameraControl.so(CInterfaceManager.cpp-L3684)     Description:[MV_CC_GetImageInfo] return[0x0]     Solution:
Info    2026-05-22 15:18:27  DevID:MV-CS016-10UC(DA5555142)  Source-Line:libMvCameraControl.so(CInterfaceManager.cpp-L1703)     Description:U3V, DeviceModelName[MV-CS016-10UC], DeviceFirmwareVersion[V2.1.4 2309271116552 23092502], DeviceMaxThroughput[387500]     Solution:
Info    2026-05-22 15:18:27  DevID:MV-CS016-10UC(DA5555142)  Source-Line:libMvCameraControl.so(CInterfaceManager.cpp-L1708)     Description:U3V, Width[1440], Height[1080], OffsetX[0], OffsetY[0], PixelFormat[0x1080009], AcquisitionMode[2]     Solution:
Info    2026-05-22 15:18:27  DevID:MV-CS016-10UC(DA5555142)  Source-Line:libMvCameraControl.so(CInterfaceManager.cpp-L1713)     Description:U3V, TriggerMode[0], ResultingFrameRate[165.52], ExposureTime[5000.00], ExposureAuto[0], PayloadSize[1555200]     Solution:
Info    2026-05-22 15:18:27  DevID:MV-CS016-10UC(DA5555142)  Source-Line:libMvCameraControl.so(CInterfaceManager.cpp-L6315)     Description:CamCtrl RecvThread Start, ThreadId[-268437952]     Solution:
Info    2026-05-22 15:18:27  DevID:MV-CS016-10UC(DA5555142)  Source-Line:libMvCameraControl.so(CInterfaceManager.cpp-L6083)     Description:CamCtrl Display Thread Start, ThreadId[-276830656]     Solution:
Info    2026-05-22 15:18:27  DevID:MV-CS016-10UC(DA5555142)  Source-Line:libMvCameraControl.so(CInterfaceManager.cpp-L1795)     Description:There is no registration callback     Solution:
Info    2026-05-22 15:18:27  DevID:MV-CS016-10UC(DA5555142)  Source-Line:libMvCameraControl.so(CInterfaceManager.cpp-L1800)     Description:[MV_CC_StartGrabbing] return[0x0]     Solution:
Info    2026-05-22 23:12:51  DevID:MV-CS016-10UC(DA5555142)  Source-Line:libMvCameraControl.so(CInterfaceManager.cpp-L0809)     Description:Current dynamic library path[/home/whiteink/RM_PKA_Sentry_RMUC/install/rm_hik_camera_driver/lib/libMvCameraControl.so]     Solution:
Info    2026-05-22 23:12:51  DevID:MV-CS016-10UC(DA5555142)  Source-Line:libMvCameraControl.so(CInterfaceManager.cpp-L0812)     Description:CamCtl_Version: 3.2.1.0     Solution:
Info    2026-05-22 23:12:51  DevID:MV-CS016-10UC(DA5555142)  Source-Line:libMvCameraControl.so(CInterfaceManager.cpp-L0813)     Description:CamCtl_Description: BaseLine Build 20211203     Solution:
Info    2026-05-22 23:12:51  DevID:MV-CS016-10UC(DA5555142)  Source-Line:libMvCameraControl.so(CInterfaceManager.cpp-L0815)     Description:[MV_CC_CreateHandle] return[0x0]     Solution:
Info    2026-05-22 23:12:51  DevID:MV-CS016-10UC(DA5555142)  Source-Line:libMvCameraControl.so(CInterfaceManager.cpp-L6710)     Description:CamCtrl[0x3020100], U3V SDKVersion[0x3020100], DriverVersion[0x0]     Solution:
Info    2026-05-22 23:12:51  DevID:MV-CS016-10UC(DA5555142)  Source-Line:libMvCameraControl.so(CInterfaceManager.cpp-L4236)     Description:[MV_CC_InvalidateNodes] return[0x0]     Solution:
Info    2026-05-22 23:12:51  DevID:MV-CS016-10UC(DA5555142)  Source-Line:libMvCameraControl.so(CInterfaceManager.cpp-L1086)     Description:[MV_CC_OpenDevice] nPrivilegeMode[1], nSwitchoverKey[0], return[0x0]     Solution:
Info    2026-05-22 23:12:51  DevID:MV-CS016-10UC(DA5555142)  Source-Line:libMvCameraControl.so(CInterfaceManager.cpp-L3684)     Description:[MV_CC_GetImageInfo] return[0x0]     Solution:
Info    2026-05-22 23:12:51  DevID:MV-CS016-10UC(DA5555142)  Source-Line:libMvCameraControl.so(CInterfaceManager.cpp-L1703)     Description:U3V, DeviceModelName[MV-CS016-10UC], DeviceFirmwareVersion[V2.1.4 2309271116552 23092502], DeviceMaxThroughput[387500]     Solution:
Info    2026-05-22 23:12:51  DevID:MV-CS016-10UC(DA5555142)  Source-Line:libMvCameraControl.so(CInterfaceManager.cpp-L1708)     Description:U3V, Width[1440], Height[1080], OffsetX[0], OffsetY[0], PixelFormat[0x1080009], AcquisitionMode[2]     Solution:
Info    2026-05-22 23:12:51  DevID:MV-CS016-10UC(DA5555142)  Source-Line:libMvCameraControl.so(CInterfaceManager.cpp-L1713)     Description:U3V, TriggerMode[0], ResultingFrameRate[165.52], ExposureTime[5000.00], ExposureAuto[0], PayloadSize[1555200]     Solution:
Info    2026-05-22 23:12:51  DevID:MV-CS016-10UC(DA5555142)  Source-Line:libMvCameraControl.so(CInterfaceManager.cpp-L6315)     Description:CamCtrl RecvThread Start, ThreadId[89560640]     Solution:
Info    2026-05-22 23:12:51  DevID:MV-CS016-10UC(DA5555142)  Source-Line:libMvCameraControl.so(CInterfaceManager.cpp-L6083)     Description:CamCtrl Display Thread Start, ThreadId[81167936]     Solution:
Info    2026-05-22 23:12:51  DevID:MV-CS016-10UC(DA5555142)  Source-Line:libMvCameraControl.so(CInterfaceManager.cpp-L1795)     Description:There is no registration callback     Solution:
Info    2026-05-22 23:12:51  DevID:MV-CS016-10UC(DA5555142)  Source-Line:libMvCameraControl.so(CInterfaceManager.cpp-L1800)     Description:[MV_CC_StartGrabbing] return[0x0]     Solution:
Info    2026-05-22 23:41:23  DevID:MV-CS016-10UC(DA5555142)  Source-Line:libMvCameraControl.so(CInterfaceManager.cpp-L0809)     Description:Current dynamic library path[/home/whiteink/RM_PKA_Sentry_RMUC/install/rm_hik_camera_driver/lib/libMvCameraControl.so]     Solution:
Info    2026-05-22 23:41:23  DevID:MV-CS016-10UC(DA5555142)  Source-Line:libMvCameraControl.so(CInterfaceManager.cpp-L0812)     Description:CamCtl_Version: 3.2.1.0     Solution:
Info    2026-05-22 23:41:23  DevID:MV-CS016-10UC(DA5555142)  Source-Line:libMvCameraControl.so(CInterfaceManager.cpp-L0813)     Description:CamCtl_Description: BaseLine Build 20211203     Solution:
Info    2026-05-22 23:41:23  DevID:MV-CS016-10UC(DA5555142)  Source-Line:libMvCameraControl.so(CInterfaceManager.cpp-L0815)     Description:[MV_CC_CreateHandle] return[0x0]     Solution:
Info    2026-05-22 23:41:23  DevID:MV-CS016-10UC(DA5555142)  Source-Line:libMvCameraControl.so(CInterfaceManager.cpp-L6710)     Description:CamCtrl[0x3020100], U3V SDKVersion[0x3020100], DriverVersion[0x0]     Solution:
Info    2026-05-22 23:41:23  DevID:MV-CS016-10UC(DA5555142)  Source-Line:libMvCameraControl.so(CInterfaceManager.cpp-L4236)     Description:[MV_CC_InvalidateNodes] return[0x0]     Solution:
Info    2026-05-22 23:41:23  DevID:MV-CS016-10UC(DA5555142)  Source-Line:libMvCameraControl.so(CInterfaceManager.cpp-L1086)     Description:[MV_CC_OpenDevice] nPrivilegeMode[1], nSwitchoverKey[0], return[0x0]     Solution:
Info    2026-05-22 23:41:23  DevID:MV-CS016-10UC(DA5555142)  Source-Line:libMvCameraControl.so(CInterfaceManager.cpp-L3684)     Description:[MV_CC_GetImageInfo] return[0x0]     Solution:
Info    2026-05-22 23:41:23  DevID:MV-CS016-10UC(DA5555142)  Source-Line:libMvCameraControl.so(CInterfaceManager.cpp-L1703)     Description:U3V, DeviceModelName[MV-CS016-10UC], DeviceFirmwareVersion[V2.1.4 2309271116552 23092502], DeviceMaxThroughput[387500]     Solution:
Info    2026-05-22 23:41:23  DevID:MV-CS016-10UC(DA5555142)  Source-Line:libMvCameraControl.so(CInterfaceManager.cpp-L1708)     Description:U3V, Width[1440], Height[1080], OffsetX[0], OffsetY[0], PixelFormat[0x1080009], AcquisitionMode[2]     Solution:
Info    2026-05-22 23:41:23  DevID:MV-CS016-10UC(DA5555142)  Source-Line:libMvCameraControl.so(CInterfaceManager.cpp-L1713)     Description:U3V, TriggerMode[0], ResultingFrameRate[165.52], ExposureTime[5000.00], ExposureAuto[0], PayloadSize[1555200]     Solution:
Info    2026-05-22 23:41:23  DevID:MV-CS016-10UC(DA5555142)  Source-Line:libMvCameraControl.so(CInterfaceManager.cpp-L6315)     Description:CamCtrl RecvThread Start, ThreadId[-1073744320]     Solution:
Info    2026-05-22 23:41:23  DevID:MV-CS016-10UC(DA5555142)  Source-Line:libMvCameraControl.so(CInterfaceManager.cpp-L6083)     Description:CamCtrl Display Thread Start, ThreadId[-1082137024]     Solution:
Info    2026-05-22 23:41:23  DevID:MV-CS016-10UC(DA5555142)  Source-Line:libMvCameraControl.so(CInterfaceManager.cpp-L1795)     Description:There is no registration callback     Solution:
Info    2026-05-22 23:41:23  DevID:MV-CS016-10UC(DA5555142)  Source-Line:libMvCameraControl.so(CInterfaceManager.cpp-L1800)     Description:[MV_CC_StartGrabbing] return[0x0]     Solution:
Info    2026-05-23 00:13:40  DevID:MV-CS016-10UC(DA5555142)  Source-Line:libMvCameraControl.so(CInterfaceManager.cpp-L1888)     Description:[StopGrabbing] return[0x0]     Solution:
Info    2026-05-23 00:13:40  DevID:MV-CS016-10UC(DA5555142)  Source-Line:libMvCameraControl.so(CInterfaceManager.cpp-L6299)     Description:Display process exit     Solution:
Info    2026-05-23 00:13:40  DevID:MV-CS016-10UC(DA5555142)  Source-Line:libMvCameraControl.so(CInterfaceManager.cpp-L6545)     Description:RecvThread Process Exit     Solution:
Info    2026-05-23 00:13:41  DevID:MV-CS016-10UC(DA5555142)  Source-Line:libMvCameraControl.so(CInterfaceManager.cpp-L1166)     Description:[CloseDevice] return[0x0]     Solution:
Info    2026-05-23 00:14:01  DevID:MV-CS016-10UC(DA5555142)  Source-Line:libMvCameraControl.so(CInterfaceManager.cpp-L0809)     Description:Current dynamic library path[/home/whiteink/RM_PKA_Sentry_RMUC/install/rm_hik_camera_driver/lib/libMvCameraControl.so]     Solution:
Info    2026-05-23 00:14:01  DevID:MV-CS016-10UC(DA5555142)  Source-Line:libMvCameraControl.so(CInterfaceManager.cpp-L0812)     Description:CamCtl_Version: 3.2.1.0     Solution:
Info    2026-05-23 00:14:01  DevID:MV-CS016-10UC(DA5555142)  Source-Line:libMvCameraControl.so(CInterfaceManager.cpp-L0813)     Description:CamCtl_Description: BaseLine Build 20211203     Solution:
Info    2026-05-23 00:14:01  DevID:MV-CS016-10UC(DA5555142)  Source-Line:libMvCameraControl.so(CInterfaceManager.cpp-L0815)     Description:[MV_CC_CreateHandle] return[0x0]     Solution:
Info    2026-05-23 00:14:01  DevID:MV-CS016-10UC(DA5555142)  Source-Line:libMvCameraControl.so(CInterfaceManager.cpp-L6710)     Description:CamCtrl[0x3020100], U3V SDKVersion[0x3020100], DriverVersion[0x0]     Solution:
Info    2026-05-23 00:14:02  DevID:MV-CS016-10UC(DA5555142)  Source-Line:libMvCameraControl.so(CInterfaceManager.cpp-L4236)     Description:[MV_CC_InvalidateNodes] return[0x0]     Solution:
Info    2026-05-23 00:14:02  DevID:MV-CS016-10UC(DA5555142)  Source-Line:libMvCameraControl.so(CInterfaceManager.cpp-L1086)     Description:[MV_CC_OpenDevice] nPrivilegeMode[1], nSwitchoverKey[0], return[0x0]     Solution:
Info    2026-05-23 00:14:02  DevID:MV-CS016-10UC(DA5555142)  Source-Line:libMvCameraControl.so(CInterfaceManager.cpp-L3684)     Description:[MV_CC_GetImageInfo] return[0x0]     Solution:
Info    2026-05-23 00:14:02  DevID:MV-CS016-10UC(DA5555142)  Source-Line:libMvCameraControl.so(CInterfaceManager.cpp-L1703)     Description:U3V, DeviceModelName[MV-CS016-10UC], DeviceFirmwareVersion[V2.1.4 2309271116552 23092502], DeviceMaxThroughput[387500]     Solution:
Info    2026-05-23 00:14:02  DevID:MV-CS016-10UC(DA5555142)  Source-Line:libMvCameraControl.so(CInterfaceManager.cpp-L1708)     Description:U3V, Width[1440], Height[1080], OffsetX[0], OffsetY[0], PixelFormat[0x1080009], AcquisitionMode[2]     Solution:
Info    2026-05-23 00:14:02  DevID:MV-CS016-10UC(DA5555142)  Source-Line:libMvCameraControl.so(CInterfaceManager.cpp-L1713)     Description:U3V, TriggerMode[0], ResultingFrameRate[165.52], ExposureTime[5000.00], ExposureAuto[0], PayloadSize[1555200]     Solution:
Info    2026-05-23 00:14:02  DevID:MV-CS016-10UC(DA5555142)  Source-Line:libMvCameraControl.so(CInterfaceManager.cpp-L6315)     Description:CamCtrl RecvThread Start, ThreadId[-1596660160]     Solution:
Info    2026-05-23 00:14:02  DevID:MV-CS016-10UC(DA5555142)  Source-Line:libMvCameraControl.so(CInterfaceManager.cpp-L6083)     Description:CamCtrl Display Thread Start, ThreadId[-1879050688]     Solution:
Info    2026-05-23 00:14:02  DevID:MV-CS016-10UC(DA5555142)  Source-Line:libMvCameraControl.so(CInterfaceManager.cpp-L1795)     Description:There is no registration callback     Solution:
Info    2026-05-23 00:14:02  DevID:MV-CS016-10UC(DA5555142)  Source-Line:libMvCameraControl.so(CInterfaceManager.cpp-L1800)     Description:[MV_CC_StartGrabbing] return[0x0]     Solution:
Info    2026-05-23 00:17:50  DevID:MV-CS016-10UC(DA5555142)  Source-Line:libMvCameraControl.so(CInterfaceManager.cpp-L1888)     Description:[StopGrabbing] return[0x0]     Solution:
Info    2026-05-23 00:17:50  DevID:MV-CS016-10UC(DA5555142)  Source-Line:libMvCameraControl.so(CInterfaceManager.cpp-L6545)     Description:RecvThread Process Exit     Solution:
Info    2026-05-23 00:17:50  DevID:MV-CS016-10UC(DA5555142)  Source-Line:libMvCameraControl.so(CInterfaceManager.cpp-L6299)     Description:Display process exit     Solution:
Info    2026-05-23 00:17:52  DevID:MV-CS016-10UC(DA5555142)  Source-Line:libMvCameraControl.so(CInterfaceManager.cpp-L1166)     Description:[CloseDevice] return[0x0]     Solution:
Info    2026-05-23 00:18:01  DevID:MV-CS016-10UC(DA5555142)  Source-Line:libMvCameraControl.so(CInterfaceManager.cpp-L0809)     Description:Current dynamic library path[/home/whiteink/RM_PKA_Sentry_RMUC/install/rm_hik_camera_driver/lib/libMvCameraControl.so]     Solution:
Info    2026-05-23 00:18:01  DevID:MV-CS016-10UC(DA5555142)  Source-Line:libMvCameraControl.so(CInterfaceManager.cpp-L0812)     Description:CamCtl_Version: 3.2.1.0     Solution:
Info    2026-05-23 00:18:01  DevID:MV-CS016-10UC(DA5555142)  Source-Line:libMvCameraControl.so(CInterfaceManager.cpp-L0813)     Description:CamCtl_Description: BaseLine Build 20211203     Solution:
Info    2026-05-23 00:18:01  DevID:MV-CS016-10UC(DA5555142)  Source-Line:libMvCameraControl.so(CInterfaceManager.cpp-L0815)     Description:[MV_CC_CreateHandle] return[0x0]     Solution:
Info    2026-05-23 00:18:01  DevID:MV-CS016-10UC(DA5555142)  Source-Line:libMvCameraControl.so(CInterfaceManager.cpp-L6710)     Description:CamCtrl[0x3020100], U3V SDKVersion[0x3020100], DriverVersion[0x0]     Solution:
Info    2026-05-23 00:18:01  DevID:MV-CS016-10UC(DA5555142)  Source-Line:libMvCameraControl.so(CInterfaceManager.cpp-L4236)     Description:[MV_CC_InvalidateNodes] return[0x0]     Solution:
Info    2026-05-23 00:18:01  DevID:MV-CS016-10UC(DA5555142)  Source-Line:libMvCameraControl.so(CInterfaceManager.cpp-L1086)     Description:[MV_CC_OpenDevice] nPrivilegeMode[1], nSwitchoverKey[0], return[0x0]     Solution:
Info    2026-05-23 00:18:01  DevID:MV-CS016-10UC(DA5555142)  Source-Line:libMvCameraControl.so(CInterfaceManager.cpp-L3684)     Description:[MV_CC_GetImageInfo] return[0x0]     Solution:
Info    2026-05-23 00:18:02  DevID:MV-CS016-10UC(DA5555142)  Source-Line:libMvCameraControl.so(CInterfaceManager.cpp-L1703)     Description:U3V, DeviceModelName[MV-CS016-10UC], DeviceFirmwareVersion[V2.1.4 2309271116552 23092502], DeviceMaxThroughput[387500]     Solution:
Info    2026-05-23 00:18:02  DevID:MV-CS016-10UC(DA5555142)  Source-Line:libMvCameraControl.so(CInterfaceManager.cpp-L1708)     Description:U3V, Width[1440], Height[1080], OffsetX[0], OffsetY[0], PixelFormat[0x1080009], AcquisitionMode[2]     Solution:
Info    2026-05-23 00:18:02  DevID:MV-CS016-10UC(DA5555142)  Source-Line:libMvCameraControl.so(CInterfaceManager.cpp-L1713)     Description:U3V, TriggerMode[0], ResultingFrameRate[165.52], ExposureTime[5000.00], ExposureAuto[0], PayloadSize[1555200]     Solution:
Info    2026-05-23 00:18:02  DevID:MV-CS016-10UC(DA5555142)  Source-Line:libMvCameraControl.so(CInterfaceManager.cpp-L6315)     Description:CamCtrl RecvThread Start, ThreadId[1852896832]     Solution:
Info    2026-05-23 00:18:02  DevID:MV-CS016-10UC(DA5555142)  Source-Line:libMvCameraControl.so(CInterfaceManager.cpp-L6083)     Description:CamCtrl Display Thread Start, ThreadId[1844504128]     Solution:
Info    2026-05-23 00:18:02  DevID:MV-CS016-10UC(DA5555142)  Source-Line:libMvCameraControl.so(CInterfaceManager.cpp-L1795)     Description:There is no registration callback     Solution:
Info    2026-05-23 00:18:02  DevID:MV-CS016-10UC(DA5555142)  Source-Line:libMvCameraControl.so(CInterfaceManager.cpp-L1800)     Description:[MV_CC_StartGrabbing] return[0x0]     Solution:
Info    2026-05-23 00:19:04  DevID:MV-CS016-10UC(DA5555142)  Source-Line:libMvCameraControl.so(CInterfaceManager.cpp-L1888)     Description:[StopGrabbing] return[0x0]     Solution:
Info    2026-05-23 00:19:04  DevID:MV-CS016-10UC(DA5555142)  Source-Line:libMvCameraControl.so(CInterfaceManager.cpp-L6299)     Description:Display process exit     Solution:
Info    2026-05-23 00:19:04  DevID:MV-CS016-10UC(DA5555142)  Source-Line:libMvCameraControl.so(CInterfaceManager.cpp-L6545)     Description:RecvThread Process Exit     Solution:
Info    2026-05-23 00:19:05  DevID:MV-CS016-10UC(DA5555142)  Source-Line:libMvCameraControl.so(CInterfaceManager.cpp-L1166)     Description:[CloseDevice] return[0x0]     Solution:
Info    2026-05-23 00:19:13  DevID:MV-CS016-10UC(DA5555142)  Source-Line:libMvCameraControl.so(CInterfaceManager.cpp-L0809)     Description:Current dynamic library path[/home/whiteink/RM_PKA_Sentry_RMUC/install/rm_hik_camera_driver/lib/libMvCameraControl.so]     Solution:
Info    2026-05-23 00:19:13  DevID:MV-CS016-10UC(DA5555142)  Source-Line:libMvCameraControl.so(CInterfaceManager.cpp-L0812)     Description:CamCtl_Version: 3.2.1.0     Solution:
Info    2026-05-23 00:19:13  DevID:MV-CS016-10UC(DA5555142)  Source-Line:libMvCameraControl.so(CInterfaceManager.cpp-L0813)     Description:CamCtl_Description: BaseLine Build 20211203     Solution:
Info    2026-05-23 00:19:13  DevID:MV-CS016-10UC(DA5555142)  Source-Line:libMvCameraControl.so(CInterfaceManager.cpp-L0815)     Description:[MV_CC_CreateHandle] return[0x0]     Solution:
Info    2026-05-23 00:19:13  DevID:MV-CS016-10UC(DA5555142)  Source-Line:libMvCameraControl.so(CInterfaceManager.cpp-L6710)     Description:CamCtrl[0x3020100], U3V SDKVersion[0x3020100], DriverVersion[0x0]     Solution:
Info    2026-05-23 00:19:13  DevID:MV-CS016-10UC(DA5555142)  Source-Line:libMvCameraControl.so(CInterfaceManager.cpp-L4236)     Description:[MV_CC_InvalidateNodes] return[0x0]     Solution:
Info    2026-05-23 00:19:13  DevID:MV-CS016-10UC(DA5555142)  Source-Line:libMvCameraControl.so(CInterfaceManager.cpp-L1086)     Description:[MV_CC_OpenDevice] nPrivilegeMode[1], nSwitchoverKey[0], return[0x0]     Solution:
Info    2026-05-23 00:19:13  DevID:MV-CS016-10UC(DA5555142)  Source-Line:libMvCameraControl.so(CInterfaceManager.cpp-L3684)     Description:[MV_CC_GetImageInfo] return[0x0]     Solution:
Info    2026-05-23 00:19:13  DevID:MV-CS016-10UC(DA5555142)  Source-Line:libMvCameraControl.so(CInterfaceManager.cpp-L1703)     Description:U3V, DeviceModelName[MV-CS016-10UC], DeviceFirmwareVersion[V2.1.4 2309271116552 23092502], DeviceMaxThroughput[387500]     Solution:
Info    2026-05-23 00:19:13  DevID:MV-CS016-10UC(DA5555142)  Source-Line:libMvCameraControl.so(CInterfaceManager.cpp-L1708)     Description:U3V, Width[1440], Height[1080], OffsetX[0], OffsetY[0], PixelFormat[0x1080009], AcquisitionMode[2]     Solution:
Info    2026-05-23 00:19:13  DevID:MV-CS016-10UC(DA5555142)  Source-Line:libMvCameraControl.so(CInterfaceManager.cpp-L1713)     Description:U3V, TriggerMode[0], ResultingFrameRate[165.52], ExposureTime[5000.00], ExposureAuto[0], PayloadSize[1555200]     Solution:
Info    2026-05-23 00:19:13  DevID:MV-CS016-10UC(DA5555142)  Source-Line:libMvCameraControl.so(CInterfaceManager.cpp-L6315)     Description:CamCtrl RecvThread Start, ThreadId[40957504]     Solution:
Info    2026-05-23 00:19:13  DevID:MV-CS016-10UC(DA5555142)  Source-Line:libMvCameraControl.so(CInterfaceManager.cpp-L6083)     Description:CamCtrl Display Thread Start, ThreadId[32564800]     Solution:
Info    2026-05-23 00:19:13  DevID:MV-CS016-10UC(DA5555142)  Source-Line:libMvCameraControl.so(CInterfaceManager.cpp-L1795)     Description:There is no registration callback     Solution:
Info    2026-05-23 00:19:13  DevID:MV-CS016-10UC(DA5555142)  Source-Line:libMvCameraControl.so(CInterfaceManager.cpp-L1800)     Description:[MV_CC_StartGrabbing] return[0x0]     Solution:
Info    2026-05-23 00:20:43  DevID:MV-CS016-10UC(DA5555142)  Source-Line:libMvCameraControl.so(CInterfaceManager.cpp-L1888)     Description:[StopGrabbing] return[0x0]     Solution:
Info    2026-05-23 00:20:43  DevID:MV-CS016-10UC(DA5555142)  Source-Line:libMvCameraControl.so(CInterfaceManager.cpp-L6299)     Description:Display process exit     Solution:
Info    2026-05-23 00:20:43  DevID:MV-CS016-10UC(DA5555142)  Source-Line:libMvCameraControl.so(CInterfaceManager.cpp-L6545)     Description:RecvThread Process Exit     Solution:
Info    2026-05-23 00:20:44  DevID:MV-CS016-10UC(DA5555142)  Source-Line:libMvCameraControl.so(CInterfaceManager.cpp-L1166)     Description:[CloseDevice] return[0x0]     Solution:
Info    2026-05-23 00:22:20  DevID:MV-CS016-10UC(DA5555142)  Source-Line:libMvCameraControl.so(CInterfaceManager.cpp-L0809)     Description:Current dynamic library path[/home/whiteink/RM_PKA_Sentry_RMUC/install/rm_hik_camera_driver/lib/libMvCameraControl.so]     Solution:
Info    2026-05-23 00:22:20  DevID:MV-CS016-10UC(DA5555142)  Source-Line:libMvCameraControl.so(CInterfaceManager.cpp-L0812)     Description:CamCtl_Version: 3.2.1.0     Solution:
Info    2026-05-23 00:22:20  DevID:MV-CS016-10UC(DA5555142)  Source-Line:libMvCameraControl.so(CInterfaceManager.cpp-L0813)     Description:CamCtl_Description: BaseLine Build 20211203     Solution:
Info    2026-05-23 00:22:20  DevID:MV-CS016-10UC(DA5555142)  Source-Line:libMvCameraControl.so(CInterfaceManager.cpp-L0815)     Description:[MV_CC_CreateHandle] return[0x0]     Solution:
Info    2026-05-23 00:22:20  DevID:MV-CS016-10UC(DA5555142)  Source-Line:libMvCameraControl.so(CInterfaceManager.cpp-L6710)     Description:CamCtrl[0x3020100], U3V SDKVersion[0x3020100], DriverVersion[0x0]     Solution:
Info    2026-05-23 00:22:20  DevID:MV-CS016-10UC(DA5555142)  Source-Line:libMvCameraControl.so(CInterfaceManager.cpp-L4236)     Description:[MV_CC_InvalidateNodes] return[0x0]     Solution:
Info    2026-05-23 00:22:20  DevID:MV-CS016-10UC(DA5555142)  Source-Line:libMvCameraControl.so(CInterfaceManager.cpp-L1086)     Description:[MV_CC_OpenDevice] nPrivilegeMode[1], nSwitchoverKey[0], return[0x0]     Solution:
Info    2026-05-23 00:22:20  DevID:MV-CS016-10UC(DA5555142)  Source-Line:libMvCameraControl.so(CInterfaceManager.cpp-L3684)     Description:[MV_CC_GetImageInfo] return[0x0]     Solution:
Info    2026-05-23 00:22:20  DevID:MV-CS016-10UC(DA5555142)  Source-Line:libMvCameraControl.so(CInterfaceManager.cpp-L1703)     Description:U3V, DeviceModelName[MV-CS016-10UC], DeviceFirmwareVersion[V2.1.4 2309271116552 23092502], DeviceMaxThroughput[387500]     Solution:
Info    2026-05-23 00:22:20  DevID:MV-CS016-10UC(DA5555142)  Source-Line:libMvCameraControl.so(CInterfaceManager.cpp-L1708)     Description:U3V, Width[1440], Height[1080], OffsetX[0], OffsetY[0], PixelFormat[0x1080009], AcquisitionMode[2]     Solution:
Info    2026-05-23 00:22:20  DevID:MV-CS016-10UC(DA5555142)  Source-Line:libMvCameraControl.so(CInterfaceManager.cpp-L1713)     Description:U3V, TriggerMode[0], ResultingFrameRate[165.52], ExposureTime[5000.00], ExposureAuto[0], PayloadSize[1555200]     Solution:
Info    2026-05-23 00:22:20  DevID:MV-CS016-10UC(DA5555142)  Source-Line:libMvCameraControl.so(CInterfaceManager.cpp-L6315)     Description:CamCtrl RecvThread Start, ThreadId[-294586816]     Solution:
Info    2026-05-23 00:22:20  DevID:MV-CS016-10UC(DA5555142)  Source-Line:libMvCameraControl.so(CInterfaceManager.cpp-L6083)     Description:CamCtrl Display Thread Start, ThreadId[-302979520]     Solution:
Info    2026-05-23 00:22:20  DevID:MV-CS016-10UC(DA5555142)  Source-Line:libMvCameraControl.so(CInterfaceManager.cpp-L1795)     Description:There is no registration callback     Solution:
Info    2026-05-23 00:22:20  DevID:MV-CS016-10UC(DA5555142)  Source-Line:libMvCameraControl.so(CInterfaceManager.cpp-L1800)     Description:[MV_CC_StartGrabbing] return[0x0]     Solution:
Info    2026-05-23 00:26:44  DevID:MV-CS016-10UC(DA5555142)  Source-Line:libMvCameraControl.so(CInterfaceManager.cpp-L0809)     Description:Current dynamic library path[/home/whiteink/RM_PKA_Sentry_RMUC/install/rm_hik_camera_driver/lib/libMvCameraControl.so]     Solution:
Info    2026-05-23 00:26:44  DevID:MV-CS016-10UC(DA5555142)  Source-Line:libMvCameraControl.so(CInterfaceManager.cpp-L0812)     Description:CamCtl_Version: 3.2.1.0     Solution:
Info    2026-05-23 00:26:44  DevID:MV-CS016-10UC(DA5555142)  Source-Line:libMvCameraControl.so(CInterfaceManager.cpp-L0813)     Description:CamCtl_Description: BaseLine Build 20211203     Solution:
Info    2026-05-23 00:26:44  DevID:MV-CS016-10UC(DA5555142)  Source-Line:libMvCameraControl.so(CInterfaceManager.cpp-L0815)     Description:[MV_CC_CreateHandle] return[0x0]     Solution:
Info    2026-05-23 00:26:44  DevID:MV-CS016-10UC(DA5555142)  Source-Line:libMvCameraControl.so(CInterfaceManager.cpp-L6710)     Description:CamCtrl[0x3020100], U3V SDKVersion[0x3020100], DriverVersion[0x0]     Solution:
Info    2026-05-23 00:26:44  DevID:MV-CS016-10UC(DA5555142)  Source-Line:libMvCameraControl.so(CInterfaceManager.cpp-L4236)     Description:[MV_CC_InvalidateNodes] return[0x0]     Solution:
Info    2026-05-23 00:26:44  DevID:MV-CS016-10UC(DA5555142)  Source-Line:libMvCameraControl.so(CInterfaceManager.cpp-L1086)     Description:[MV_CC_OpenDevice] nPrivilegeMode[1], nSwitchoverKey[0], return[0x0]     Solution:
Info    2026-05-23 00:26:44  DevID:MV-CS016-10UC(DA5555142)  Source-Line:libMvCameraControl.so(CInterfaceManager.cpp-L3684)     Description:[MV_CC_GetImageInfo] return[0x0]     Solution:
Info    2026-05-23 00:26:44  DevID:MV-CS016-10UC(DA5555142)  Source-Line:libMvCameraControl.so(CInterfaceManager.cpp-L1703)     Description:U3V, DeviceModelName[MV-CS016-10UC], DeviceFirmwareVersion[V2.1.4 2309271116552 23092502], DeviceMaxThroughput[387500]     Solution:
Info    2026-05-23 00:26:44  DevID:MV-CS016-10UC(DA5555142)  Source-Line:libMvCameraControl.so(CInterfaceManager.cpp-L1708)     Description:U3V, Width[1440], Height[1080], OffsetX[0], OffsetY[0], PixelFormat[0x1080009], AcquisitionMode[2]     Solution:
Info    2026-05-23 00:26:44  DevID:MV-CS016-10UC(DA5555142)  Source-Line:libMvCameraControl.so(CInterfaceManager.cpp-L1713)     Description:U3V, TriggerMode[0], ResultingFrameRate[165.52], ExposureTime[5000.00], ExposureAuto[0], PayloadSize[1555200]     Solution:
Info    2026-05-23 00:26:44  DevID:MV-CS016-10UC(DA5555142)  Source-Line:libMvCameraControl.so(CInterfaceManager.cpp-L6315)     Description:CamCtrl RecvThread Start, ThreadId[-1504106944]     Solution:
Info    2026-05-23 00:26:44  DevID:MV-CS016-10UC(DA5555142)  Source-Line:libMvCameraControl.so(CInterfaceManager.cpp-L6083)     Description:CamCtrl Display Thread Start, ThreadId[-1512499648]     Solution:
Info    2026-05-23 00:26:44  DevID:MV-CS016-10UC(DA5555142)  Source-Line:libMvCameraControl.so(CInterfaceManager.cpp-L1795)     Description:There is no registration callback     Solution:
Info    2026-05-23 00:26:44  DevID:MV-CS016-10UC(DA5555142)  Source-Line:libMvCameraControl.so(CInterfaceManager.cpp-L1800)     Description:[MV_CC_StartGrabbing] return[0x0]     Solution:
Info    2026-05-23 00:29:27  DevID:MV-CS016-10UC(DA5555142)  Source-Line:libMvCameraControl.so(CInterfaceManager.cpp-L1888)     Description:[StopGrabbing] return[0x0]     Solution:
Info    2026-05-23 00:29:27  DevID:MV-CS016-10UC(DA5555142)  Source-Line:libMvCameraControl.so(CInterfaceManager.cpp-L6545)     Description:RecvThread Process Exit     Solution:
Info    2026-05-23 00:29:27  DevID:MV-CS016-10UC(DA5555142)  Source-Line:libMvCameraControl.so(CInterfaceManager.cpp-L6299)     Description:Display process exit     Solution:
Info    2026-05-23 00:29:27  DevID:MV-CS016-10UC(DA5555142)  Source-Line:libMvCameraControl.so(CInterfaceManager.cpp-L1166)     Description:[CloseDevice] return[0x0]     Solution:
Info    2026-05-23 00:29:42  DevID:MV-CS016-10UC(DA5555142)  Source-Line:libMvCameraControl.so(CInterfaceManager.cpp-L0809)     Description:Current dynamic library path[/home/whiteink/RM_PKA_Sentry_RMUC/install/rm_hik_camera_driver/lib/libMvCameraControl.so]     Solution:
Info    2026-05-23 00:29:42  DevID:MV-CS016-10UC(DA5555142)  Source-Line:libMvCameraControl.so(CInterfaceManager.cpp-L0812)     Description:CamCtl_Version: 3.2.1.0     Solution:
Info    2026-05-23 00:29:42  DevID:MV-CS016-10UC(DA5555142)  Source-Line:libMvCameraControl.so(CInterfaceManager.cpp-L0813)     Description:CamCtl_Description: BaseLine Build 20211203     Solution:
Info    2026-05-23 00:29:42  DevID:MV-CS016-10UC(DA5555142)  Source-Line:libMvCameraControl.so(CInterfaceManager.cpp-L0815)     Description:[MV_CC_CreateHandle] return[0x0]     Solution:
Info    2026-05-23 00:29:42  DevID:MV-CS016-10UC(DA5555142)  Source-Line:libMvCameraControl.so(CInterfaceManager.cpp-L6710)     Description:CamCtrl[0x3020100], U3V SDKVersion[0x3020100], DriverVersion[0x0]     Solution:
Info    2026-05-23 00:29:42  DevID:MV-CS016-10UC(DA5555142)  Source-Line:libMvCameraControl.so(CInterfaceManager.cpp-L4236)     Description:[MV_CC_InvalidateNodes] return[0x0]     Solution:
Info    2026-05-23 00:29:42  DevID:MV-CS016-10UC(DA5555142)  Source-Line:libMvCameraControl.so(CInterfaceManager.cpp-L1086)     Description:[MV_CC_OpenDevice] nPrivilegeMode[1], nSwitchoverKey[0], return[0x0]     Solution:
Info    2026-05-23 00:29:42  DevID:MV-CS016-10UC(DA5555142)  Source-Line:libMvCameraControl.so(CInterfaceManager.cpp-L3684)     Description:[MV_CC_GetImageInfo] return[0x0]     Solution:
Info    2026-05-23 00:29:42  DevID:MV-CS016-10UC(DA5555142)  Source-Line:libMvCameraControl.so(CInterfaceManager.cpp-L1703)     Description:U3V, DeviceModelName[MV-CS016-10UC], DeviceFirmwareVersion[V2.1.4 2309271116552 23092502], DeviceMaxThroughput[387500]     Solution:
Info    2026-05-23 00:29:42  DevID:MV-CS016-10UC(DA5555142)  Source-Line:libMvCameraControl.so(CInterfaceManager.cpp-L1708)     Description:U3V, Width[1440], Height[1080], OffsetX[0], OffsetY[0], PixelFormat[0x1080009], AcquisitionMode[2]     Solution:
Info    2026-05-23 00:29:42  DevID:MV-CS016-10UC(DA5555142)  Source-Line:libMvCameraControl.so(CInterfaceManager.cpp-L1713)     Description:U3V, TriggerMode[0], ResultingFrameRate[165.52], ExposureTime[5000.00], ExposureAuto[0], PayloadSize[1555200]     Solution:
Info    2026-05-23 00:29:42  DevID:MV-CS016-10UC(DA5555142)  Source-Line:libMvCameraControl.so(CInterfaceManager.cpp-L6315)     Description:CamCtrl RecvThread Start, ThreadId[-2046249408]     Solution:
Info    2026-05-23 00:29:42  DevID:MV-CS016-10UC(DA5555142)  Source-Line:libMvCameraControl.so(CInterfaceManager.cpp-L6083)     Description:CamCtrl Display Thread Start, ThreadId[-2054642112]     Solution:
Info    2026-05-23 00:29:42  DevID:MV-CS016-10UC(DA5555142)  Source-Line:libMvCameraControl.so(CInterfaceManager.cpp-L1795)     Description:There is no registration callback     Solution:
Info    2026-05-23 00:29:42  DevID:MV-CS016-10UC(DA5555142)  Source-Line:libMvCameraControl.so(CInterfaceManager.cpp-L1800)     Description:[MV_CC_StartGrabbing] return[0x0]     Solution:
Info    2026-05-23 00:33:09  DevID:MV-CS016-10UC(DA5555142)  Source-Line:libMvCameraControl.so(CInterfaceManager.cpp-L1888)     Description:[StopGrabbing] return[0x0]     Solution:
Info    2026-05-23 00:33:09  DevID:MV-CS016-10UC(DA5555142)  Source-Line:libMvCameraControl.so(CInterfaceManager.cpp-L6545)     Description:RecvThread Process Exit     Solution:
Info    2026-05-23 00:33:09  DevID:MV-CS016-10UC(DA5555142)  Source-Line:libMvCameraControl.so(CInterfaceManager.cpp-L6299)     Description:Display process exit     Solution:
Info    2026-05-23 00:33:10  DevID:MV-CS016-10UC(DA5555142)  Source-Line:libMvCameraControl.so(CInterfaceManager.cpp-L1166)     Description:[CloseDevice] return[0x0]     Solution:
Info    2026-05-23 00:34:17  DevID:MV-CS016-10UC(DA5555142)  Source-Line:libMvCameraControl.so(CInterfaceManager.cpp-L0809)     Description:Current dynamic library path[/home/whiteink/RM_PKA_Sentry_RMUC/install/rm_hik_camera_driver/lib/libMvCameraControl.so]     Solution:
Info    2026-05-23 00:34:17  DevID:MV-CS016-10UC(DA5555142)  Source-Line:libMvCameraControl.so(CInterfaceManager.cpp-L0812)     Description:CamCtl_Version: 3.2.1.0     Solution:
Info    2026-05-23 00:34:17  DevID:MV-CS016-10UC(DA5555142)  Source-Line:libMvCameraControl.so(CInterfaceManager.cpp-L0813)     Description:CamCtl_Description: BaseLine Build 20211203     Solution:
Info    2026-05-23 00:34:17  DevID:MV-CS016-10UC(DA5555142)  Source-Line:libMvCameraControl.so(CInterfaceManager.cpp-L0815)     Description:[MV_CC_CreateHandle] return[0x0]     Solution:
Info    2026-05-23 00:34:17  DevID:MV-CS016-10UC(DA5555142)  Source-Line:libMvCameraControl.so(CInterfaceManager.cpp-L6710)     Description:CamCtrl[0x3020100], U3V SDKVersion[0x3020100], DriverVersion[0x0]     Solution:
Info    2026-05-23 00:34:18  DevID:MV-CS016-10UC(DA5555142)  Source-Line:libMvCameraControl.so(CInterfaceManager.cpp-L4236)     Description:[MV_CC_InvalidateNodes] return[0x0]     Solution:
Info    2026-05-23 00:34:18  DevID:MV-CS016-10UC(DA5555142)  Source-Line:libMvCameraControl.so(CInterfaceManager.cpp-L1086)     Description:[MV_CC_OpenDevice] nPrivilegeMode[1], nSwitchoverKey[0], return[0x0]     Solution:
Info    2026-05-23 00:34:18  DevID:MV-CS016-10UC(DA5555142)  Source-Line:libMvCameraControl.so(CInterfaceManager.cpp-L3684)     Description:[MV_CC_GetImageInfo] return[0x0]     Solution:
Info    2026-05-23 00:34:18  DevID:MV-CS016-10UC(DA5555142)  Source-Line:libMvCameraControl.so(CInterfaceManager.cpp-L1703)     Description:U3V, DeviceModelName[MV-CS016-10UC], DeviceFirmwareVersion[V2.1.4 2309271116552 23092502], DeviceMaxThroughput[387500]     Solution:
Info    2026-05-23 00:34:18  DevID:MV-CS016-10UC(DA5555142)  Source-Line:libMvCameraControl.so(CInterfaceManager.cpp-L1708)     Description:U3V, Width[1440], Height[1080], OffsetX[0], OffsetY[0], PixelFormat[0x1080009], AcquisitionMode[2]     Solution:
Info    2026-05-23 00:34:18  DevID:MV-CS016-10UC(DA5555142)  Source-Line:libMvCameraControl.so(CInterfaceManager.cpp-L1713)     Description:U3V, TriggerMode[0], ResultingFrameRate[165.52], ExposureTime[5000.00], ExposureAuto[0], PayloadSize[1555200]     Solution:
Info    2026-05-23 00:34:18  DevID:MV-CS016-10UC(DA5555142)  Source-Line:libMvCameraControl.so(CInterfaceManager.cpp-L6315)     Description:CamCtrl RecvThread Start, ThreadId[-2064206272]     Solution:
Info    2026-05-23 00:34:18  DevID:MV-CS016-10UC(DA5555142)  Source-Line:libMvCameraControl.so(CInterfaceManager.cpp-L6083)     Description:CamCtrl Display Thread Start, ThreadId[2080372288]     Solution:
Info    2026-05-23 00:34:18  DevID:MV-CS016-10UC(DA5555142)  Source-Line:libMvCameraControl.so(CInterfaceManager.cpp-L1795)     Description:There is no registration callback     Solution:
Info    2026-05-23 00:34:18  DevID:MV-CS016-10UC(DA5555142)  Source-Line:libMvCameraControl.so(CInterfaceManager.cpp-L1800)     Description:[MV_CC_StartGrabbing] return[0x0]     Solution:
Info    2026-05-23 00:34:20  DevID:MV-CS016-10UC(DA5555142)  Source-Line:libMvCameraControl.so(CInterfaceManager.cpp-L1888)     Description:[StopGrabbing] return[0x0]     Solution:
Info    2026-05-23 00:34:20  DevID:MV-CS016-10UC(DA5555142)  Source-Line:libMvCameraControl.so(CInterfaceManager.cpp-L6299)     Description:Display process exit     Solution:
Info    2026-05-23 00:34:20  DevID:MV-CS016-10UC(DA5555142)  Source-Line:libMvCameraControl.so(CInterfaceManager.cpp-L6545)     Description:RecvThread Process Exit     Solution:
Info    2026-05-23 00:34:22  DevID:MV-CS016-10UC(DA5555142)  Source-Line:libMvCameraControl.so(CInterfaceManager.cpp-L1166)     Description:[CloseDevice] return[0x0]     Solution:
Info    2026-05-23 00:34:33  DevID:MV-CS016-10UC(DA5555142)  Source-Line:libMvCameraControl.so(CInterfaceManager.cpp-L0809)     Description:Current dynamic library path[/home/whiteink/RM_PKA_Sentry_RMUC/install/rm_hik_camera_driver/lib/libMvCameraControl.so]     Solution:
Info    2026-05-23 00:34:33  DevID:MV-CS016-10UC(DA5555142)  Source-Line:libMvCameraControl.so(CInterfaceManager.cpp-L0812)     Description:CamCtl_Version: 3.2.1.0     Solution:
Info    2026-05-23 00:34:33  DevID:MV-CS016-10UC(DA5555142)  Source-Line:libMvCameraControl.so(CInterfaceManager.cpp-L0813)     Description:CamCtl_Description: BaseLine Build 20211203     Solution:
Info    2026-05-23 00:34:33  DevID:MV-CS016-10UC(DA5555142)  Source-Line:libMvCameraControl.so(CInterfaceManager.cpp-L0815)     Description:[MV_CC_CreateHandle] return[0x0]     Solution:
Info    2026-05-23 00:34:33  DevID:MV-CS016-10UC(DA5555142)  Source-Line:libMvCameraControl.so(CInterfaceManager.cpp-L6710)     Description:CamCtrl[0x3020100], U3V SDKVersion[0x3020100], DriverVersion[0x0]     Solution:
Info    2026-05-23 00:34:34  DevID:MV-CS016-10UC(DA5555142)  Source-Line:libMvCameraControl.so(CInterfaceManager.cpp-L4236)     Description:[MV_CC_InvalidateNodes] return[0x0]     Solution:
Info    2026-05-23 00:34:34  DevID:MV-CS016-10UC(DA5555142)  Source-Line:libMvCameraControl.so(CInterfaceManager.cpp-L1086)     Description:[MV_CC_OpenDevice] nPrivilegeMode[1], nSwitchoverKey[0], return[0x0]     Solution:
Info    2026-05-23 00:34:34  DevID:MV-CS016-10UC(DA5555142)  Source-Line:libMvCameraControl.so(CInterfaceManager.cpp-L3684)     Description:[MV_CC_GetImageInfo] return[0x0]     Solution:
Info    2026-05-23 00:34:34  DevID:MV-CS016-10UC(DA5555142)  Source-Line:libMvCameraControl.so(CInterfaceManager.cpp-L1703)     Description:U3V, DeviceModelName[MV-CS016-10UC], DeviceFirmwareVersion[V2.1.4 2309271116552 23092502], DeviceMaxThroughput[387500]     Solution:
Info    2026-05-23 00:34:34  DevID:MV-CS016-10UC(DA5555142)  Source-Line:libMvCameraControl.so(CInterfaceManager.cpp-L1708)     Description:U3V, Width[1440], Height[1080], OffsetX[0], OffsetY[0], PixelFormat[0x1080009], AcquisitionMode[2]     Solution:
Info    2026-05-23 00:34:34  DevID:MV-CS016-10UC(DA5555142)  Source-Line:libMvCameraControl.so(CInterfaceManager.cpp-L1713)     Description:U3V, TriggerMode[0], ResultingFrameRate[165.52], ExposureTime[5000.00], ExposureAuto[0], PayloadSize[1555200]     Solution:
Info    2026-05-23 00:34:34  DevID:MV-CS016-10UC(DA5555142)  Source-Line:libMvCameraControl.so(CInterfaceManager.cpp-L6315)     Description:CamCtrl RecvThread Start, ThreadId[50320960]     Solution:
Info    2026-05-23 00:34:34  DevID:MV-CS016-10UC(DA5555142)  Source-Line:libMvCameraControl.so(CInterfaceManager.cpp-L6083)     Description:CamCtrl Display Thread Start, ThreadId[41928256]     Solution:
Info    2026-05-23 00:34:34  DevID:MV-CS016-10UC(DA5555142)  Source-Line:libMvCameraControl.so(CInterfaceManager.cpp-L1795)     Description:There is no registration callback     Solution:
Info    2026-05-23 00:34:34  DevID:MV-CS016-10UC(DA5555142)  Source-Line:libMvCameraControl.so(CInterfaceManager.cpp-L1800)     Description:[MV_CC_StartGrabbing] return[0x0]     Solution:
Info    2026-05-23 00:34:36  DevID:MV-CS016-10UC(DA5555142)  Source-Line:libMvCameraControl.so(CInterfaceManager.cpp-L1888)     Description:[StopGrabbing] return[0x0]     Solution:
Info    2026-05-23 00:34:36  DevID:MV-CS016-10UC(DA5555142)  Source-Line:libMvCameraControl.so(CInterfaceManager.cpp-L6299)     Description:Display process exit     Solution:
Info    2026-05-23 00:34:36  DevID:MV-CS016-10UC(DA5555142)  Source-Line:libMvCameraControl.so(CInterfaceManager.cpp-L6545)     Description:RecvThread Process Exit     Solution:
Info    2026-05-23 00:34:37  DevID:MV-CS016-10UC(DA5555142)  Source-Line:libMvCameraControl.so(CInterfaceManager.cpp-L1166)     Description:[CloseDevice] return[0x0]     Solution:
Info    2026-05-23 00:34:46  DevID:MV-CS016-10UC(DA5555142)  Source-Line:libMvCameraControl.so(CInterfaceManager.cpp-L0809)     Description:Current dynamic library path[/home/whiteink/RM_PKA_Sentry_RMUC/install/rm_hik_camera_driver/lib/libMvCameraControl.so]     Solution:
Info    2026-05-23 00:34:46  DevID:MV-CS016-10UC(DA5555142)  Source-Line:libMvCameraControl.so(CInterfaceManager.cpp-L0812)     Description:CamCtl_Version: 3.2.1.0     Solution:
Info    2026-05-23 00:34:46  DevID:MV-CS016-10UC(DA5555142)  Source-Line:libMvCameraControl.so(CInterfaceManager.cpp-L0813)     Description:CamCtl_Description: BaseLine Build 20211203     Solution:
Info    2026-05-23 00:34:46  DevID:MV-CS016-10UC(DA5555142)  Source-Line:libMvCameraControl.so(CInterfaceManager.cpp-L0815)     Description:[MV_CC_CreateHandle] return[0x0]     Solution:
Info    2026-05-23 00:34:46  DevID:MV-CS016-10UC(DA5555142)  Source-Line:libMvCameraControl.so(CInterfaceManager.cpp-L6710)     Description:CamCtrl[0x3020100], U3V SDKVersion[0x3020100], DriverVersion[0x0]     Solution:
Info    2026-05-23 00:34:46  DevID:MV-CS016-10UC(DA5555142)  Source-Line:libMvCameraControl.so(CInterfaceManager.cpp-L4236)     Description:[MV_CC_InvalidateNodes] return[0x0]     Solution:
Info    2026-05-23 00:34:46  DevID:MV-CS016-10UC(DA5555142)  Source-Line:libMvCameraControl.so(CInterfaceManager.cpp-L1086)     Description:[MV_CC_OpenDevice] nPrivilegeMode[1], nSwitchoverKey[0], return[0x0]     Solution:
Info    2026-05-23 00:34:46  DevID:MV-CS016-10UC(DA5555142)  Source-Line:libMvCameraControl.so(CInterfaceManager.cpp-L3684)     Description:[MV_CC_GetImageInfo] return[0x0]     Solution:
Info    2026-05-23 00:34:46  DevID:MV-CS016-10UC(DA5555142)  Source-Line:libMvCameraControl.so(CInterfaceManager.cpp-L1703)     Description:U3V, DeviceModelName[MV-CS016-10UC], DeviceFirmwareVersion[V2.1.4 2309271116552 23092502], DeviceMaxThroughput[387500]     Solution:
Info    2026-05-23 00:34:46  DevID:MV-CS016-10UC(DA5555142)  Source-Line:libMvCameraControl.so(CInterfaceManager.cpp-L1708)     Description:U3V, Width[1440], Height[1080], OffsetX[0], OffsetY[0], PixelFormat[0x1080009], AcquisitionMode[2]     Solution:
Info    2026-05-23 00:34:46  DevID:MV-CS016-10UC(DA5555142)  Source-Line:libMvCameraControl.so(CInterfaceManager.cpp-L1713)     Description:U3V, TriggerMode[0], ResultingFrameRate[165.52], ExposureTime[5000.00], ExposureAuto[0], PayloadSize[1555200]     Solution:
Info    2026-05-23 00:34:46  DevID:MV-CS016-10UC(DA5555142)  Source-Line:libMvCameraControl.so(CInterfaceManager.cpp-L6315)     Description:CamCtrl RecvThread Start, ThreadId[1047590464]     Solution:
Info    2026-05-23 00:34:46  DevID:MV-CS016-10UC(DA5555142)  Source-Line:libMvCameraControl.so(CInterfaceManager.cpp-L6083)     Description:CamCtrl Display Thread Start, ThreadId[1039197760]     Solution:
Info    2026-05-23 00:34:46  DevID:MV-CS016-10UC(DA5555142)  Source-Line:libMvCameraControl.so(CInterfaceManager.cpp-L1795)     Description:There is no registration callback     Solution:
Info    2026-05-23 00:34:46  DevID:MV-CS016-10UC(DA5555142)  Source-Line:libMvCameraControl.so(CInterfaceManager.cpp-L1800)     Description:[MV_CC_StartGrabbing] return[0x0]     Solution:
Info    2026-05-23 00:37:15  DevID:MV-CS016-10UC(DA5555142)  Source-Line:libMvCameraControl.so(CInterfaceManager.cpp-L1888)     Description:[StopGrabbing] return[0x0]     Solution:
Info    2026-05-23 00:37:15  DevID:MV-CS016-10UC(DA5555142)  Source-Line:libMvCameraControl.so(CInterfaceManager.cpp-L6545)     Description:RecvThread Process Exit     Solution:
Info    2026-05-23 00:37:15  DevID:MV-CS016-10UC(DA5555142)  Source-Line:libMvCameraControl.so(CInterfaceManager.cpp-L6299)     Description:Display process exit     Solution:
Info    2026-05-23 00:37:15  DevID:MV-CS016-10UC(DA5555142)  Source-Line:libMvCameraControl.so(CInterfaceManager.cpp-L1166)     Description:[CloseDevice] return[0x0]     Solution:
Info    2026-05-23 00:37:53  DevID:MV-CS016-10UC(DA5555142)  Source-Line:libMvCameraControl.so(CInterfaceManager.cpp-L0809)     Description:Current dynamic library path[/home/whiteink/RM_PKA_Sentry_RMUC/install/rm_hik_camera_driver/lib/libMvCameraControl.so]     Solution:
Info    2026-05-23 00:37:53  DevID:MV-CS016-10UC(DA5555142)  Source-Line:libMvCameraControl.so(CInterfaceManager.cpp-L0812)     Description:CamCtl_Version: 3.2.1.0     Solution:
Info    2026-05-23 00:37:53  DevID:MV-CS016-10UC(DA5555142)  Source-Line:libMvCameraControl.so(CInterfaceManager.cpp-L0813)     Description:CamCtl_Description: BaseLine Build 20211203     Solution:
Info    2026-05-23 00:37:53  DevID:MV-CS016-10UC(DA5555142)  Source-Line:libMvCameraControl.so(CInterfaceManager.cpp-L0815)     Description:[MV_CC_CreateHandle] return[0x0]     Solution:
Info    2026-05-23 00:37:53  DevID:MV-CS016-10UC(DA5555142)  Source-Line:libMvCameraControl.so(CInterfaceManager.cpp-L6710)     Description:CamCtrl[0x3020100], U3V SDKVersion[0x3020100], DriverVersion[0x0]     Solution:
Info    2026-05-23 00:37:53  DevID:MV-CS016-10UC(DA5555142)  Source-Line:libMvCameraControl.so(CInterfaceManager.cpp-L4236)     Description:[MV_CC_InvalidateNodes] return[0x0]     Solution:
Info    2026-05-23 00:37:53  DevID:MV-CS016-10UC(DA5555142)  Source-Line:libMvCameraControl.so(CInterfaceManager.cpp-L1086)     Description:[MV_CC_OpenDevice] nPrivilegeMode[1], nSwitchoverKey[0], return[0x0]     Solution:
Info    2026-05-23 00:37:53  DevID:MV-CS016-10UC(DA5555142)  Source-Line:libMvCameraControl.so(CInterfaceManager.cpp-L3684)     Description:[MV_CC_GetImageInfo] return[0x0]     Solution:
Info    2026-05-23 00:37:53  DevID:MV-CS016-10UC(DA5555142)  Source-Line:libMvCameraControl.so(CInterfaceManager.cpp-L1703)     Description:U3V, DeviceModelName[MV-CS016-10UC], DeviceFirmwareVersion[V2.1.4 2309271116552 23092502], DeviceMaxThroughput[387500]     Solution:
Info    2026-05-23 00:37:53  DevID:MV-CS016-10UC(DA5555142)  Source-Line:libMvCameraControl.so(CInterfaceManager.cpp-L1708)     Description:U3V, Width[1440], Height[1080], OffsetX[0], OffsetY[0], PixelFormat[0x1080009], AcquisitionMode[2]     Solution:
Info    2026-05-23 00:37:53  DevID:MV-CS016-10UC(DA5555142)  Source-Line:libMvCameraControl.so(CInterfaceManager.cpp-L1713)     Description:U3V, TriggerMode[0], ResultingFrameRate[165.52], ExposureTime[5000.00], ExposureAuto[0], PayloadSize[1555200]     Solution:
Info    2026-05-23 00:37:53  DevID:MV-CS016-10UC(DA5555142)  Source-Line:libMvCameraControl.so(CInterfaceManager.cpp-L6315)     Description:CamCtrl RecvThread Start, ThreadId[-553658816]     Solution:
Info    2026-05-23 00:37:53  DevID:MV-CS016-10UC(DA5555142)  Source-Line:libMvCameraControl.so(CInterfaceManager.cpp-L6083)     Description:CamCtrl Display Thread Start, ThreadId[-562051520]     Solution:
Info    2026-05-23 00:37:53  DevID:MV-CS016-10UC(DA5555142)  Source-Line:libMvCameraControl.so(CInterfaceManager.cpp-L1795)     Description:There is no registration callback     Solution:
Info    2026-05-23 00:37:53  DevID:MV-CS016-10UC(DA5555142)  Source-Line:libMvCameraControl.so(CInterfaceManager.cpp-L1800)     Description:[MV_CC_StartGrabbing] return[0x0]     Solution:
Info    2026-05-23 00:39:01  DevID:MV-CS016-10UC(DA5555142)  Source-Line:libMvCameraControl.so(CInterfaceManager.cpp-L1888)     Description:[StopGrabbing] return[0x0]     Solution:
Info    2026-05-23 00:39:01  DevID:MV-CS016-10UC(DA5555142)  Source-Line:libMvCameraControl.so(CInterfaceManager.cpp-L6299)     Description:Display process exit     Solution:
Info    2026-05-23 00:39:01  DevID:MV-CS016-10UC(DA5555142)  Source-Line:libMvCameraControl.so(CInterfaceManager.cpp-L6545)     Description:RecvThread Process Exit     Solution:
Info    2026-05-23 00:39:02  DevID:MV-CS016-10UC(DA5555142)  Source-Line:libMvCameraControl.so(CInterfaceManager.cpp-L1166)     Description:[CloseDevice] return[0x0]     Solution:
Info    2026-05-23 00:39:13  DevID:MV-CS016-10UC(DA5555142)  Source-Line:libMvCameraControl.so(CInterfaceManager.cpp-L0809)     Description:Current dynamic library path[/home/whiteink/RM_PKA_Sentry_RMUC/install/rm_hik_camera_driver/lib/libMvCameraControl.so]     Solution:
Info    2026-05-23 00:39:13  DevID:MV-CS016-10UC(DA5555142)  Source-Line:libMvCameraControl.so(CInterfaceManager.cpp-L0812)     Description:CamCtl_Version: 3.2.1.0     Solution:
Info    2026-05-23 00:39:13  DevID:MV-CS016-10UC(DA5555142)  Source-Line:libMvCameraControl.so(CInterfaceManager.cpp-L0813)     Description:CamCtl_Description: BaseLine Build 20211203     Solution:
Info    2026-05-23 00:39:13  DevID:MV-CS016-10UC(DA5555142)  Source-Line:libMvCameraControl.so(CInterfaceManager.cpp-L0815)     Description:[MV_CC_CreateHandle] return[0x0]     Solution:
Info    2026-05-23 00:39:13  DevID:MV-CS016-10UC(DA5555142)  Source-Line:libMvCameraControl.so(CInterfaceManager.cpp-L6710)     Description:CamCtrl[0x3020100], U3V SDKVersion[0x3020100], DriverVersion[0x0]     Solution:
Info    2026-05-23 00:39:13  DevID:MV-CS016-10UC(DA5555142)  Source-Line:libMvCameraControl.so(CInterfaceManager.cpp-L4236)     Description:[MV_CC_InvalidateNodes] return[0x0]     Solution:
Info    2026-05-23 00:39:13  DevID:MV-CS016-10UC(DA5555142)  Source-Line:libMvCameraControl.so(CInterfaceManager.cpp-L1086)     Description:[MV_CC_OpenDevice] nPrivilegeMode[1], nSwitchoverKey[0], return[0x0]     Solution:
Info    2026-05-23 00:39:13  DevID:MV-CS016-10UC(DA5555142)  Source-Line:libMvCameraControl.so(CInterfaceManager.cpp-L3684)     Description:[MV_CC_GetImageInfo] return[0x0]     Solution:
Info    2026-05-23 00:39:13  DevID:MV-CS016-10UC(DA5555142)  Source-Line:libMvCameraControl.so(CInterfaceManager.cpp-L1703)     Description:U3V, DeviceModelName[MV-CS016-10UC], DeviceFirmwareVersion[V2.1.4 2309271116552 23092502], DeviceMaxThroughput[387500]     Solution:
Info    2026-05-23 00:39:13  DevID:MV-CS016-10UC(DA5555142)  Source-Line:libMvCameraControl.so(CInterfaceManager.cpp-L1708)     Description:U3V, Width[1440], Height[1080], OffsetX[0], OffsetY[0], PixelFormat[0x1080009], AcquisitionMode[2]     Solution:
Info    2026-05-23 00:39:13  DevID:MV-CS016-10UC(DA5555142)  Source-Line:libMvCameraControl.so(CInterfaceManager.cpp-L1713)     Description:U3V, TriggerMode[0], ResultingFrameRate[165.52], ExposureTime[5000.00], ExposureAuto[0], PayloadSize[1555200]     Solution:
Info    2026-05-23 00:39:13  DevID:MV-CS016-10UC(DA5555142)  Source-Line:libMvCameraControl.so(CInterfaceManager.cpp-L6315)     Description:CamCtrl RecvThread Start, ThreadId[-335546816]     Solution:
Info    2026-05-23 00:39:13  DevID:MV-CS016-10UC(DA5555142)  Source-Line:libMvCameraControl.so(CInterfaceManager.cpp-L6083)     Description:CamCtrl Display Thread Start, ThreadId[-343939520]     Solution:
Info    2026-05-23 00:39:13  DevID:MV-CS016-10UC(DA5555142)  Source-Line:libMvCameraControl.so(CInterfaceManager.cpp-L1795)     Description:There is no registration callback     Solution:
Info    2026-05-23 00:39:13  DevID:MV-CS016-10UC(DA5555142)  Source-Line:libMvCameraControl.so(CInterfaceManager.cpp-L1800)     Description:[MV_CC_StartGrabbing] return[0x0]     Solution:
Info    2026-05-23 00:57:49  DevID:MV-CS016-10UC(DA5555142)  Source-Line:libMvCameraControl.so(CInterfaceManager.cpp-L0809)     Description:Current dynamic library path[/home/whiteink/RM_PKA_Sentry_RMUC/install/rm_hik_camera_driver/lib/libMvCameraControl.so]     Solution:
Info    2026-05-23 00:57:49  DevID:MV-CS016-10UC(DA5555142)  Source-Line:libMvCameraControl.so(CInterfaceManager.cpp-L0812)     Description:CamCtl_Version: 3.2.1.0     Solution:
Info    2026-05-23 00:57:49  DevID:MV-CS016-10UC(DA5555142)  Source-Line:libMvCameraControl.so(CInterfaceManager.cpp-L0813)     Description:CamCtl_Description: BaseLine Build 20211203     Solution:
Info    2026-05-23 00:57:49  DevID:MV-CS016-10UC(DA5555142)  Source-Line:libMvCameraControl.so(CInterfaceManager.cpp-L0815)     Description:[MV_CC_CreateHandle] return[0x0]     Solution:
Info    2026-05-23 00:57:49  DevID:MV-CS016-10UC(DA5555142)  Source-Line:libMvCameraControl.so(CInterfaceManager.cpp-L6710)     Description:CamCtrl[0x3020100], U3V SDKVersion[0x3020100], DriverVersion[0x0]     Solution:
Info    2026-05-23 00:57:49  DevID:MV-CS016-10UC(DA5555142)  Source-Line:libMvCameraControl.so(CInterfaceManager.cpp-L4236)     Description:[MV_CC_InvalidateNodes] return[0x0]     Solution:
Info    2026-05-23 00:57:49  DevID:MV-CS016-10UC(DA5555142)  Source-Line:libMvCameraControl.so(CInterfaceManager.cpp-L1086)     Description:[MV_CC_OpenDevice] nPrivilegeMode[1], nSwitchoverKey[0], return[0x0]     Solution:
Info    2026-05-23 00:57:49  DevID:MV-CS016-10UC(DA5555142)  Source-Line:libMvCameraControl.so(CInterfaceManager.cpp-L3684)     Description:[MV_CC_GetImageInfo] return[0x0]     Solution:
Info    2026-05-23 00:57:49  DevID:MV-CS016-10UC(DA5555142)  Source-Line:libMvCameraControl.so(CInterfaceManager.cpp-L1703)     Description:U3V, DeviceModelName[MV-CS016-10UC], DeviceFirmwareVersion[V2.1.4 2309271116552 23092502], DeviceMaxThroughput[387500]     Solution:
Info    2026-05-23 00:57:49  DevID:MV-CS016-10UC(DA5555142)  Source-Line:libMvCameraControl.so(CInterfaceManager.cpp-L1708)     Description:U3V, Width[1440], Height[1080], OffsetX[0], OffsetY[0], PixelFormat[0x1080009], AcquisitionMode[2]     Solution:
Info    2026-05-23 00:57:49  DevID:MV-CS016-10UC(DA5555142)  Source-Line:libMvCameraControl.so(CInterfaceManager.cpp-L1713)     Description:U3V, TriggerMode[0], ResultingFrameRate[165.52], ExposureTime[5000.00], ExposureAuto[0], PayloadSize[1555200]     Solution:
Info    2026-05-23 00:57:49  DevID:MV-CS016-10UC(DA5555142)  Source-Line:libMvCameraControl.so(CInterfaceManager.cpp-L6315)     Description:CamCtrl RecvThread Start, ThreadId[1365448256]     Solution:
Info    2026-05-23 00:57:49  DevID:MV-CS016-10UC(DA5555142)  Source-Line:libMvCameraControl.so(CInterfaceManager.cpp-L6083)     Description:CamCtrl Display Thread Start, ThreadId[1357055552]     Solution:
Info    2026-05-23 00:57:49  DevID:MV-CS016-10UC(DA5555142)  Source-Line:libMvCameraControl.so(CInterfaceManager.cpp-L1795)     Description:There is no registration callback     Solution:
Info    2026-05-23 00:57:49  DevID:MV-CS016-10UC(DA5555142)  Source-Line:libMvCameraControl.so(CInterfaceManager.cpp-L1800)     Description:[MV_CC_StartGrabbing] return[0x0]     Solution:
Info    2026-05-23 00:57:58  DevID:MV-CS016-10UC(DA5555142)  Source-Line:libMvCameraControl.so(CInterfaceManager.cpp-L1888)     Description:[StopGrabbing] return[0x0]     Solution:
Info    2026-05-23 00:57:58  DevID:MV-CS016-10UC(DA5555142)  Source-Line:libMvCameraControl.so(CInterfaceManager.cpp-L6299)     Description:Display process exit     Solution:
Info    2026-05-23 00:57:58  DevID:MV-CS016-10UC(DA5555142)  Source-Line:libMvCameraControl.so(CInterfaceManager.cpp-L6545)     Description:RecvThread Process Exit     Solution:
Info    2026-05-23 00:57:59  DevID:MV-CS016-10UC(DA5555142)  Source-Line:libMvCameraControl.so(CInterfaceManager.cpp-L1166)     Description:[CloseDevice] return[0x0]     Solution:
Info    2026-05-23 00:58:30  DevID:MV-CS016-10UC(DA5555142)  Source-Line:libMvCameraControl.so(CInterfaceManager.cpp-L0809)     Description:Current dynamic library path[/home/whiteink/RM_PKA_Sentry_RMUC/install/rm_hik_camera_driver/lib/libMvCameraControl.so]     Solution:
Info    2026-05-23 00:58:30  DevID:MV-CS016-10UC(DA5555142)  Source-Line:libMvCameraControl.so(CInterfaceManager.cpp-L0812)     Description:CamCtl_Version: 3.2.1.0     Solution:
Info    2026-05-23 00:58:30  DevID:MV-CS016-10UC(DA5555142)  Source-Line:libMvCameraControl.so(CInterfaceManager.cpp-L0813)     Description:CamCtl_Description: BaseLine Build 20211203     Solution:
Info    2026-05-23 00:58:30  DevID:MV-CS016-10UC(DA5555142)  Source-Line:libMvCameraControl.so(CInterfaceManager.cpp-L0815)     Description:[MV_CC_CreateHandle] return[0x0]     Solution:
Info    2026-05-23 00:58:30  DevID:MV-CS016-10UC(DA5555142)  Source-Line:libMvCameraControl.so(CInterfaceManager.cpp-L6710)     Description:CamCtrl[0x3020100], U3V SDKVersion[0x3020100], DriverVersion[0x0]     Solution:
Info    2026-05-23 00:58:31  DevID:MV-CS016-10UC(DA5555142)  Source-Line:libMvCameraControl.so(CInterfaceManager.cpp-L4236)     Description:[MV_CC_InvalidateNodes] return[0x0]     Solution:
Info    2026-05-23 00:58:31  DevID:MV-CS016-10UC(DA5555142)  Source-Line:libMvCameraControl.so(CInterfaceManager.cpp-L1086)     Description:[MV_CC_OpenDevice] nPrivilegeMode[1], nSwitchoverKey[0], return[0x0]     Solution:
Info    2026-05-23 00:58:31  DevID:MV-CS016-10UC(DA5555142)  Source-Line:libMvCameraControl.so(CInterfaceManager.cpp-L3684)     Description:[MV_CC_GetImageInfo] return[0x0]     Solution:
Info    2026-05-23 00:58:31  DevID:MV-CS016-10UC(DA5555142)  Source-Line:libMvCameraControl.so(CInterfaceManager.cpp-L1703)     Description:U3V, DeviceModelName[MV-CS016-10UC], DeviceFirmwareVersion[V2.1.4 2309271116552 23092502], DeviceMaxThroughput[387500]     Solution:
Info    2026-05-23 00:58:31  DevID:MV-CS016-10UC(DA5555142)  Source-Line:libMvCameraControl.so(CInterfaceManager.cpp-L1708)     Description:U3V, Width[1440], Height[1080], OffsetX[0], OffsetY[0], PixelFormat[0x1080009], AcquisitionMode[2]     Solution:
Info    2026-05-23 00:58:31  DevID:MV-CS016-10UC(DA5555142)  Source-Line:libMvCameraControl.so(CInterfaceManager.cpp-L1713)     Description:U3V, TriggerMode[0], ResultingFrameRate[165.52], ExposureTime[5000.00], ExposureAuto[0], PayloadSize[1555200]     Solution:
Info    2026-05-23 00:58:31  DevID:MV-CS016-10UC(DA5555142)  Source-Line:libMvCameraControl.so(CInterfaceManager.cpp-L6315)     Description:CamCtrl RecvThread Start, ThreadId[1323828800]     Solution:
Info    2026-05-23 00:58:31  DevID:MV-CS016-10UC(DA5555142)  Source-Line:libMvCameraControl.so(CInterfaceManager.cpp-L6083)     Description:CamCtrl Display Thread Start, ThreadId[1315436096]     Solution:
Info    2026-05-23 00:58:31  DevID:MV-CS016-10UC(DA5555142)  Source-Line:libMvCameraControl.so(CInterfaceManager.cpp-L1795)     Description:There is no registration callback     Solution:
Info    2026-05-23 00:58:31  DevID:MV-CS016-10UC(DA5555142)  Source-Line:libMvCameraControl.so(CInterfaceManager.cpp-L1800)     Description:[MV_CC_StartGrabbing] return[0x0]     Solution:
Info    2026-05-23 00:58:38  DevID:MV-CS016-10UC(DA5555142)  Source-Line:libMvCameraControl.so(CInterfaceManager.cpp-L1888)     Description:[StopGrabbing] return[0x0]     Solution:
Info    2026-05-23 00:58:38  DevID:MV-CS016-10UC(DA5555142)  Source-Line:libMvCameraControl.so(CInterfaceManager.cpp-L6545)     Description:RecvThread Process Exit     Solution:
Info    2026-05-23 00:58:38  DevID:MV-CS016-10UC(DA5555142)  Source-Line:libMvCameraControl.so(CInterfaceManager.cpp-L6299)     Description:Display process exit     Solution:
Info    2026-05-23 00:58:39  DevID:MV-CS016-10UC(DA5555142)  Source-Line:libMvCameraControl.so(CInterfaceManager.cpp-L1166)     Description:[CloseDevice] return[0x0]     Solution:
Info    2026-05-23 00:58:54  DevID:MV-CS016-10UC(DA5555142)  Source-Line:libMvCameraControl.so(CInterfaceManager.cpp-L0809)     Description:Current dynamic library path[/home/whiteink/RM_PKA_Sentry_RMUC/install/rm_hik_camera_driver/lib/libMvCameraControl.so]     Solution:
Info    2026-05-23 00:58:54  DevID:MV-CS016-10UC(DA5555142)  Source-Line:libMvCameraControl.so(CInterfaceManager.cpp-L0812)     Description:CamCtl_Version: 3.2.1.0     Solution:
Info    2026-05-23 00:58:54  DevID:MV-CS016-10UC(DA5555142)  Source-Line:libMvCameraControl.so(CInterfaceManager.cpp-L0813)     Description:CamCtl_Description: BaseLine Build 20211203     Solution:
Info    2026-05-23 00:58:54  DevID:MV-CS016-10UC(DA5555142)  Source-Line:libMvCameraControl.so(CInterfaceManager.cpp-L0815)     Description:[MV_CC_CreateHandle] return[0x0]     Solution:
Info    2026-05-23 00:58:54  DevID:MV-CS016-10UC(DA5555142)  Source-Line:libMvCameraControl.so(CInterfaceManager.cpp-L6710)     Description:CamCtrl[0x3020100], U3V SDKVersion[0x3020100], DriverVersion[0x0]     Solution:
Info    2026-05-23 00:58:55  DevID:MV-CS016-10UC(DA5555142)  Source-Line:libMvCameraControl.so(CInterfaceManager.cpp-L4236)     Description:[MV_CC_InvalidateNodes] return[0x0]     Solution:
Info    2026-05-23 00:58:55  DevID:MV-CS016-10UC(DA5555142)  Source-Line:libMvCameraControl.so(CInterfaceManager.cpp-L1086)     Description:[MV_CC_OpenDevice] nPrivilegeMode[1], nSwitchoverKey[0], return[0x0]     Solution:
Info    2026-05-23 00:58:55  DevID:MV-CS016-10UC(DA5555142)  Source-Line:libMvCameraControl.so(CInterfaceManager.cpp-L3684)     Description:[MV_CC_GetImageInfo] return[0x0]     Solution:
Info    2026-05-23 00:58:55  DevID:MV-CS016-10UC(DA5555142)  Source-Line:libMvCameraControl.so(CInterfaceManager.cpp-L1703)     Description:U3V, DeviceModelName[MV-CS016-10UC], DeviceFirmwareVersion[V2.1.4 2309271116552 23092502], DeviceMaxThroughput[387500]     Solution:
Info    2026-05-23 00:58:55  DevID:MV-CS016-10UC(DA5555142)  Source-Line:libMvCameraControl.so(CInterfaceManager.cpp-L1708)     Description:U3V, Width[1440], Height[1080], OffsetX[0], OffsetY[0], PixelFormat[0x1080009], AcquisitionMode[2]     Solution:
Info    2026-05-23 00:58:55  DevID:MV-CS016-10UC(DA5555142)  Source-Line:libMvCameraControl.so(CInterfaceManager.cpp-L1713)     Description:U3V, TriggerMode[0], ResultingFrameRate[165.52], ExposureTime[5000.00], ExposureAuto[0], PayloadSize[1555200]     Solution:
Info    2026-05-23 00:58:55  DevID:MV-CS016-10UC(DA5555142)  Source-Line:libMvCameraControl.so(CInterfaceManager.cpp-L6315)     Description:CamCtrl RecvThread Start, ThreadId[-1256769984]     Solution:
Info    2026-05-23 00:58:55  DevID:MV-CS016-10UC(DA5555142)  Source-Line:libMvCameraControl.so(CInterfaceManager.cpp-L6083)     Description:CamCtrl Display Thread Start, ThreadId[-1265162688]     Solution:
Info    2026-05-23 00:58:55  DevID:MV-CS016-10UC(DA5555142)  Source-Line:libMvCameraControl.so(CInterfaceManager.cpp-L1795)     Description:There is no registration callback     Solution:
Info    2026-05-23 00:58:55  DevID:MV-CS016-10UC(DA5555142)  Source-Line:libMvCameraControl.so(CInterfaceManager.cpp-L1800)     Description:[MV_CC_StartGrabbing] return[0x0]     Solution:
Info    2026-05-23 00:58:57  DevID:MV-CS016-10UC(DA5555142)  Source-Line:libMvCameraControl.so(CInterfaceManager.cpp-L1888)     Description:[StopGrabbing] return[0x0]     Solution:
Info    2026-05-23 00:58:57  DevID:MV-CS016-10UC(DA5555142)  Source-Line:libMvCameraControl.so(CInterfaceManager.cpp-L6545)     Description:RecvThread Process Exit     Solution:
Info    2026-05-23 00:58:57  DevID:MV-CS016-10UC(DA5555142)  Source-Line:libMvCameraControl.so(CInterfaceManager.cpp-L6299)     Description:Display process exit     Solution:
Info    2026-05-23 00:58:59  DevID:MV-CS016-10UC(DA5555142)  Source-Line:libMvCameraControl.so(CInterfaceManager.cpp-L1166)     Description:[CloseDevice] return[0x0]     Solution:
Info    2026-05-23 00:59:48  DevID:MV-CS016-10UC(DA5555142)  Source-Line:libMvCameraControl.so(CInterfaceManager.cpp-L0809)     Description:Current dynamic library path[/home/whiteink/RM_PKA_Sentry_RMUC/install/rm_hik_camera_driver/lib/libMvCameraControl.so]     Solution:
Info    2026-05-23 00:59:48  DevID:MV-CS016-10UC(DA5555142)  Source-Line:libMvCameraControl.so(CInterfaceManager.cpp-L0812)     Description:CamCtl_Version: 3.2.1.0     Solution:
Info    2026-05-23 00:59:48  DevID:MV-CS016-10UC(DA5555142)  Source-Line:libMvCameraControl.so(CInterfaceManager.cpp-L0813)     Description:CamCtl_Description: BaseLine Build 20211203     Solution:
Info    2026-05-23 00:59:48  DevID:MV-CS016-10UC(DA5555142)  Source-Line:libMvCameraControl.so(CInterfaceManager.cpp-L0815)     Description:[MV_CC_CreateHandle] return[0x0]     Solution:
Info    2026-05-23 00:59:48  DevID:MV-CS016-10UC(DA5555142)  Source-Line:libMvCameraControl.so(CInterfaceManager.cpp-L6710)     Description:CamCtrl[0x3020100], U3V SDKVersion[0x3020100], DriverVersion[0x0]     Solution:
Info    2026-05-23 00:59:49  DevID:MV-CS016-10UC(DA5555142)  Source-Line:libMvCameraControl.so(CInterfaceManager.cpp-L4236)     Description:[MV_CC_InvalidateNodes] return[0x0]     Solution:
Info    2026-05-23 00:59:49  DevID:MV-CS016-10UC(DA5555142)  Source-Line:libMvCameraControl.so(CInterfaceManager.cpp-L1086)     Description:[MV_CC_OpenDevice] nPrivilegeMode[1], nSwitchoverKey[0], return[0x0]     Solution:
Info    2026-05-23 00:59:49  DevID:MV-CS016-10UC(DA5555142)  Source-Line:libMvCameraControl.so(CInterfaceManager.cpp-L3684)     Description:[MV_CC_GetImageInfo] return[0x0]     Solution:
Info    2026-05-23 00:59:49  DevID:MV-CS016-10UC(DA5555142)  Source-Line:libMvCameraControl.so(CInterfaceManager.cpp-L1703)     Description:U3V, DeviceModelName[MV-CS016-10UC], DeviceFirmwareVersion[V2.1.4 2309271116552 23092502], DeviceMaxThroughput[387500]     Solution:
Info    2026-05-23 00:59:49  DevID:MV-CS016-10UC(DA5555142)  Source-Line:libMvCameraControl.so(CInterfaceManager.cpp-L1708)     Description:U3V, Width[1440], Height[1080], OffsetX[0], OffsetY[0], PixelFormat[0x1080009], AcquisitionMode[2]     Solution:
Info    2026-05-23 00:59:49  DevID:MV-CS016-10UC(DA5555142)  Source-Line:libMvCameraControl.so(CInterfaceManager.cpp-L1713)     Description:U3V, TriggerMode[0], ResultingFrameRate[165.52], ExposureTime[5000.00], ExposureAuto[0], PayloadSize[1555200]     Solution:
Info    2026-05-23 00:59:49  DevID:MV-CS016-10UC(DA5555142)  Source-Line:libMvCameraControl.so(CInterfaceManager.cpp-L6315)     Description:CamCtrl RecvThread Start, ThreadId[115869248]     Solution:
Info    2026-05-23 00:59:49  DevID:MV-CS016-10UC(DA5555142)  Source-Line:libMvCameraControl.so(CInterfaceManager.cpp-L6083)     Description:CamCtrl Display Thread Start, ThreadId[107476544]     Solution:
Info    2026-05-23 00:59:49  DevID:MV-CS016-10UC(DA5555142)  Source-Line:libMvCameraControl.so(CInterfaceManager.cpp-L1795)     Description:There is no registration callback     Solution:
Info    2026-05-23 00:59:49  DevID:MV-CS016-10UC(DA5555142)  Source-Line:libMvCameraControl.so(CInterfaceManager.cpp-L1800)     Description:[MV_CC_StartGrabbing] return[0x0]     Solution:
Info    2026-05-23 01:04:19  DevID:MV-CS016-10UC(DA5555142)  Source-Line:libMvCameraControl.so(CInterfaceManager.cpp-L1888)     Description:[StopGrabbing] return[0x0]     Solution:
Info    2026-05-23 01:04:19  DevID:MV-CS016-10UC(DA5555142)  Source-Line:libMvCameraControl.so(CInterfaceManager.cpp-L6545)     Description:RecvThread Process Exit     Solution:
Info    2026-05-23 01:04:19  DevID:MV-CS016-10UC(DA5555142)  Source-Line:libMvCameraControl.so(CInterfaceManager.cpp-L6299)     Description:Display process exit     Solution:
Info    2026-05-23 01:04:20  DevID:MV-CS016-10UC(DA5555142)  Source-Line:libMvCameraControl.so(CInterfaceManager.cpp-L1166)     Description:[CloseDevice] return[0x0]     Solution:
Info    2026-05-23 01:04:27  DevID:MV-CS016-10UC(DA5555142)  Source-Line:libMvCameraControl.so(CInterfaceManager.cpp-L0809)     Description:Current dynamic library path[/home/whiteink/RM_PKA_Sentry_RMUC/install/rm_hik_camera_driver/lib/libMvCameraControl.so]     Solution:
Info    2026-05-23 01:04:27  DevID:MV-CS016-10UC(DA5555142)  Source-Line:libMvCameraControl.so(CInterfaceManager.cpp-L0812)     Description:CamCtl_Version: 3.2.1.0     Solution:
Info    2026-05-23 01:04:27  DevID:MV-CS016-10UC(DA5555142)  Source-Line:libMvCameraControl.so(CInterfaceManager.cpp-L0813)     Description:CamCtl_Description: BaseLine Build 20211203     Solution:
Info    2026-05-23 01:04:27  DevID:MV-CS016-10UC(DA5555142)  Source-Line:libMvCameraControl.so(CInterfaceManager.cpp-L0815)     Description:[MV_CC_CreateHandle] return[0x0]     Solution:
Info    2026-05-23 01:04:27  DevID:MV-CS016-10UC(DA5555142)  Source-Line:libMvCameraControl.so(CInterfaceManager.cpp-L6710)     Description:CamCtrl[0x3020100], U3V SDKVersion[0x3020100], DriverVersion[0x0]     Solution:
Info    2026-05-23 01:04:28  DevID:MV-CS016-10UC(DA5555142)  Source-Line:libMvCameraControl.so(CInterfaceManager.cpp-L4236)     Description:[MV_CC_InvalidateNodes] return[0x0]     Solution:
Info    2026-05-23 01:04:28  DevID:MV-CS016-10UC(DA5555142)  Source-Line:libMvCameraControl.so(CInterfaceManager.cpp-L1086)     Description:[MV_CC_OpenDevice] nPrivilegeMode[1], nSwitchoverKey[0], return[0x0]     Solution:
Info    2026-05-23 01:04:28  DevID:MV-CS016-10UC(DA5555142)  Source-Line:libMvCameraControl.so(CInterfaceManager.cpp-L3684)     Description:[MV_CC_GetImageInfo] return[0x0]     Solution:
Error   2026-05-23 01:04:28  DevID:MV-CS016-10UC(DA5555142)  Source-Line:libMvCameraControl.so(XmlParse.cpp-L2712)     Description:SetNodeValue [Gain], [Value 20.000000 must be smaller than or equal 16.980700. : OutOfRangeException thrown in node 'Gain' while calling 'Gain.SetValue()' (file 'FloatT.h', line 85)]     Solution:
Error   2026-05-23 01:04:28  DevID:MV-CS016-10UC(DA5555142)  Source-Line:libMvCameraControl.so(CInterfaceManager.cpp-L4058)     Description:[MV_CC_SetFloatValue] Property[Gain], Value[20.000000], return[0x80000102]     Solution:
Info    2026-05-23 01:04:28  DevID:MV-CS016-10UC(DA5555142)  Source-Line:libMvCameraControl.so(CInterfaceManager.cpp-L1703)     Description:U3V, DeviceModelName[MV-CS016-10UC], DeviceFirmwareVersion[V2.1.4 2309271116552 23092502], DeviceMaxThroughput[387500]     Solution:
Info    2026-05-23 01:04:28  DevID:MV-CS016-10UC(DA5555142)  Source-Line:libMvCameraControl.so(CInterfaceManager.cpp-L1708)     Description:U3V, Width[1440], Height[1080], OffsetX[0], OffsetY[0], PixelFormat[0x1080009], AcquisitionMode[2]     Solution:
Info    2026-05-23 01:04:28  DevID:MV-CS016-10UC(DA5555142)  Source-Line:libMvCameraControl.so(CInterfaceManager.cpp-L1713)     Description:U3V, TriggerMode[0], ResultingFrameRate[139.39], ExposureTime[7000.00], ExposureAuto[0], PayloadSize[1555200]     Solution:
Info    2026-05-23 01:04:28  DevID:MV-CS016-10UC(DA5555142)  Source-Line:libMvCameraControl.so(CInterfaceManager.cpp-L6315)     Description:CamCtrl RecvThread Start, ThreadId[-1090529728]     Solution:
Info    2026-05-23 01:04:28  DevID:MV-CS016-10UC(DA5555142)  Source-Line:libMvCameraControl.so(CInterfaceManager.cpp-L6083)     Description:CamCtrl Display Thread Start, ThreadId[-1098922432]     Solution:
Info    2026-05-23 01:04:28  DevID:MV-CS016-10UC(DA5555142)  Source-Line:libMvCameraControl.so(CInterfaceManager.cpp-L1795)     Description:There is no registration callback     Solution:
Info    2026-05-23 01:04:28  DevID:MV-CS016-10UC(DA5555142)  Source-Line:libMvCameraControl.so(CInterfaceManager.cpp-L1800)     Description:[MV_CC_StartGrabbing] return[0x0]     Solution:
Info    2026-05-23 01:04:54  DevID:MV-CS016-10UC(DA5555142)  Source-Line:libMvCameraControl.so(CInterfaceManager.cpp-L1888)     Description:[StopGrabbing] return[0x0]     Solution:
Info    2026-05-23 01:04:54  DevID:MV-CS016-10UC(DA5555142)  Source-Line:libMvCameraControl.so(CInterfaceManager.cpp-L6545)     Description:RecvThread Process Exit     Solution:
Info    2026-05-23 01:04:54  DevID:MV-CS016-10UC(DA5555142)  Source-Line:libMvCameraControl.so(CInterfaceManager.cpp-L6299)     Description:Display process exit     Solution:
Info    2026-05-23 01:04:56  DevID:MV-CS016-10UC(DA5555142)  Source-Line:libMvCameraControl.so(CInterfaceManager.cpp-L1166)     Description:[CloseDevice] return[0x0]     Solution:
Info    2026-05-23 01:06:07  DevID:MV-CS016-10UC(DA5555142)  Source-Line:libMvCameraControl.so(CInterfaceManager.cpp-L0809)     Description:Current dynamic library path[/home/whiteink/RM_PKA_Sentry_RMUC/install/rm_hik_camera_driver/lib/libMvCameraControl.so]     Solution:
Info    2026-05-23 01:06:07  DevID:MV-CS016-10UC(DA5555142)  Source-Line:libMvCameraControl.so(CInterfaceManager.cpp-L0812)     Description:CamCtl_Version: 3.2.1.0     Solution:
Info    2026-05-23 01:06:07  DevID:MV-CS016-10UC(DA5555142)  Source-Line:libMvCameraControl.so(CInterfaceManager.cpp-L0813)     Description:CamCtl_Description: BaseLine Build 20211203     Solution:
Info    2026-05-23 01:06:07  DevID:MV-CS016-10UC(DA5555142)  Source-Line:libMvCameraControl.so(CInterfaceManager.cpp-L0815)     Description:[MV_CC_CreateHandle] return[0x0]     Solution:
Info    2026-05-23 01:06:07  DevID:MV-CS016-10UC(DA5555142)  Source-Line:libMvCameraControl.so(CInterfaceManager.cpp-L6710)     Description:CamCtrl[0x3020100], U3V SDKVersion[0x3020100], DriverVersion[0x0]     Solution:
Info    2026-05-23 01:06:08  DevID:MV-CS016-10UC(DA5555142)  Source-Line:libMvCameraControl.so(CInterfaceManager.cpp-L4236)     Description:[MV_CC_InvalidateNodes] return[0x0]     Solution:
Info    2026-05-23 01:06:08  DevID:MV-CS016-10UC(DA5555142)  Source-Line:libMvCameraControl.so(CInterfaceManager.cpp-L1086)     Description:[MV_CC_OpenDevice] nPrivilegeMode[1], nSwitchoverKey[0], return[0x0]     Solution:
Info    2026-05-23 01:06:08  DevID:MV-CS016-10UC(DA5555142)  Source-Line:libMvCameraControl.so(CInterfaceManager.cpp-L3684)     Description:[MV_CC_GetImageInfo] return[0x0]     Solution:
Error   2026-05-23 01:06:08  DevID:MV-CS016-10UC(DA5555142)  Source-Line:libMvCameraControl.so(XmlParse.cpp-L2712)     Description:SetNodeValue [Gain], [Value 20.000000 must be smaller than or equal 16.980700. : OutOfRangeException thrown in node 'Gain' while calling 'Gain.SetValue()' (file 'FloatT.h', line 85)]     Solution:
Error   2026-05-23 01:06:08  DevID:MV-CS016-10UC(DA5555142)  Source-Line:libMvCameraControl.so(CInterfaceManager.cpp-L4058)     Description:[MV_CC_SetFloatValue] Property[Gain], Value[20.000000], return[0x80000102]     Solution:
Info    2026-05-23 01:06:08  DevID:MV-CS016-10UC(DA5555142)  Source-Line:libMvCameraControl.so(CInterfaceManager.cpp-L1703)     Description:U3V, DeviceModelName[MV-CS016-10UC], DeviceFirmwareVersion[V2.1.4 2309271116552 23092502], DeviceMaxThroughput[387500]     Solution:
Info    2026-05-23 01:06:08  DevID:MV-CS016-10UC(DA5555142)  Source-Line:libMvCameraControl.so(CInterfaceManager.cpp-L1708)     Description:U3V, Width[1440], Height[1080], OffsetX[0], OffsetY[0], PixelFormat[0x1080009], AcquisitionMode[2]     Solution:
Info    2026-05-23 01:06:08  DevID:MV-CS016-10UC(DA5555142)  Source-Line:libMvCameraControl.so(CInterfaceManager.cpp-L1713)     Description:U3V, TriggerMode[0], ResultingFrameRate[139.39], ExposureTime[7000.00], ExposureAuto[0], PayloadSize[1555200]     Solution:
Info    2026-05-23 01:06:08  DevID:MV-CS016-10UC(DA5555142)  Source-Line:libMvCameraControl.so(CInterfaceManager.cpp-L6315)     Description:CamCtrl RecvThread Start, ThreadId[1199564352]     Solution:
Info    2026-05-23 01:06:08  DevID:MV-CS016-10UC(DA5555142)  Source-Line:libMvCameraControl.so(CInterfaceManager.cpp-L6083)     Description:CamCtrl Display Thread Start, ThreadId[1191171648]     Solution:
Info    2026-05-23 01:06:08  DevID:MV-CS016-10UC(DA5555142)  Source-Line:libMvCameraControl.so(CInterfaceManager.cpp-L1795)     Description:There is no registration callback     Solution:
Info    2026-05-23 01:06:08  DevID:MV-CS016-10UC(DA5555142)  Source-Line:libMvCameraControl.so(CInterfaceManager.cpp-L1800)     Description:[MV_CC_StartGrabbing] return[0x0]     Solution:
Info    2026-05-23 01:08:42  DevID:MV-CS016-10UC(DA5555142)  Source-Line:libMvCameraControl.so(CInterfaceManager.cpp-L1888)     Description:[StopGrabbing] return[0x0]     Solution:
Info    2026-05-23 01:08:42  DevID:MV-CS016-10UC(DA5555142)  Source-Line:libMvCameraControl.so(CInterfaceManager.cpp-L6545)     Description:RecvThread Process Exit     Solution:
Info    2026-05-23 01:08:42  DevID:MV-CS016-10UC(DA5555142)  Source-Line:libMvCameraControl.so(CInterfaceManager.cpp-L6299)     Description:Display process exit     Solution:
Info    2026-05-23 01:08:42  DevID:MV-CS016-10UC(DA5555142)  Source-Line:libMvCameraControl.so(CInterfaceManager.cpp-L1166)     Description:[CloseDevice] return[0x0]     Solution:
Info    2026-05-23 02:57:41  DevID:MV-CS016-10UC(DA5555123)  Source-Line:libMvCameraControl.so(CInterfaceManager.cpp-L0809)     Description:Current dynamic library path[/home/whiteink/RM_PKA_Sentry_RMUC/install/rm_hik_camera_driver/lib/libMvCameraControl.so]     Solution:
Info    2026-05-23 02:57:41  DevID:MV-CS016-10UC(DA5555123)  Source-Line:libMvCameraControl.so(CInterfaceManager.cpp-L0812)     Description:CamCtl_Version: 3.2.1.0     Solution:
Info    2026-05-23 02:57:41  DevID:MV-CS016-10UC(DA5555123)  Source-Line:libMvCameraControl.so(CInterfaceManager.cpp-L0813)     Description:CamCtl_Description: BaseLine Build 20211203     Solution:
Info    2026-05-23 02:57:41  DevID:MV-CS016-10UC(DA5555123)  Source-Line:libMvCameraControl.so(CInterfaceManager.cpp-L0815)     Description:[MV_CC_CreateHandle] return[0x0]     Solution:
Info    2026-05-23 02:57:41  DevID:MV-CS016-10UC(DA5555123)  Source-Line:libMvCameraControl.so(CInterfaceManager.cpp-L6710)     Description:CamCtrl[0x3020100], U3V SDKVersion[0x3020100], DriverVersion[0x0]     Solution:
Info    2026-05-23 02:57:41  DevID:MV-CS016-10UC(DA5555123)  Source-Line:libMvCameraControl.so(CInterfaceManager.cpp-L4236)     Description:[MV_CC_InvalidateNodes] return[0x0]     Solution:
Info    2026-05-23 02:57:41  DevID:MV-CS016-10UC(DA5555123)  Source-Line:libMvCameraControl.so(CInterfaceManager.cpp-L1086)     Description:[MV_CC_OpenDevice] nPrivilegeMode[1], nSwitchoverKey[0], return[0x0]     Solution:
Info    2026-05-23 02:57:41  DevID:MV-CS016-10UC(DA5555123)  Source-Line:libMvCameraControl.so(CInterfaceManager.cpp-L3684)     Description:[MV_CC_GetImageInfo] return[0x0]     Solution:
Info    2026-05-23 02:57:43  DevID:MV-CS016-10UC(DA5555123)  Source-Line:libMvCameraControl.so(CInterfaceManager.cpp-L1703)     Description:U3V, DeviceModelName[MV-CS016-10UC], DeviceFirmwareVersion[V2.1.4 2309271116552 23092502], DeviceMaxThroughput[387500]     Solution:
Info    2026-05-23 02:57:43  DevID:MV-CS016-10UC(DA5555123)  Source-Line:libMvCameraControl.so(CInterfaceManager.cpp-L1708)     Description:U3V, Width[1440], Height[1080], OffsetX[0], OffsetY[0], PixelFormat[0x1080009], AcquisitionMode[2]     Solution:
Info    2026-05-23 02:57:43  DevID:MV-CS016-10UC(DA5555123)  Source-Line:libMvCameraControl.so(CInterfaceManager.cpp-L1713)     Description:U3V, TriggerMode[0], ResultingFrameRate[165.52], ExposureTime[3000.00], ExposureAuto[0], PayloadSize[1555200]     Solution:
Info    2026-05-23 02:57:43  DevID:MV-CS016-10UC(DA5555123)  Source-Line:libMvCameraControl.so(CInterfaceManager.cpp-L6315)     Description:CamCtrl RecvThread Start, ThreadId[-1900517824]     Solution:
Info    2026-05-23 02:57:43  DevID:MV-CS016-10UC(DA5555123)  Source-Line:libMvCameraControl.so(CInterfaceManager.cpp-L6083)     Description:CamCtrl Display Thread Start, ThreadId[-1908910528]     Solution:
Info    2026-05-23 02:57:43  DevID:MV-CS016-10UC(DA5555123)  Source-Line:libMvCameraControl.so(CInterfaceManager.cpp-L1795)     Description:There is no registration callback     Solution:
Info    2026-05-23 02:57:43  DevID:MV-CS016-10UC(DA5555123)  Source-Line:libMvCameraControl.so(CInterfaceManager.cpp-L1800)     Description:[MV_CC_StartGrabbing] return[0x0]     Solution:
Info    2026-05-23 02:57:59  DevID:MV-CS016-10UC(DA5555123)  Source-Line:libMvCameraControl.so(CInterfaceManager.cpp-L1888)     Description:[StopGrabbing] return[0x0]     Solution:
Info    2026-05-23 02:57:59  DevID:MV-CS016-10UC(DA5555123)  Source-Line:libMvCameraControl.so(CInterfaceManager.cpp-L6545)     Description:RecvThread Process Exit     Solution:
Info    2026-05-23 02:57:59  DevID:MV-CS016-10UC(DA5555123)  Source-Line:libMvCameraControl.so(CInterfaceManager.cpp-L6299)     Description:Display process exit     Solution:
Info    2026-05-23 02:58:00  DevID:MV-CS016-10UC(DA5555123)  Source-Line:libMvCameraControl.so(CInterfaceManager.cpp-L1166)     Description:[CloseDevice] return[0x0]     Solution:
Info    2026-05-23 02:59:36  DevID:MV-CS016-10UC(DA5555123)  Source-Line:libMvCameraControl.so(CInterfaceManager.cpp-L0809)     Description:Current dynamic library path[/home/whiteink/RM_PKA_Sentry_RMUC/install/rm_hik_camera_driver/lib/libMvCameraControl.so]     Solution:
Info    2026-05-23 02:59:36  DevID:MV-CS016-10UC(DA5555123)  Source-Line:libMvCameraControl.so(CInterfaceManager.cpp-L0812)     Description:CamCtl_Version: 3.2.1.0     Solution:
Info    2026-05-23 02:59:36  DevID:MV-CS016-10UC(DA5555123)  Source-Line:libMvCameraControl.so(CInterfaceManager.cpp-L0813)     Description:CamCtl_Description: BaseLine Build 20211203     Solution:
Info    2026-05-23 02:59:36  DevID:MV-CS016-10UC(DA5555123)  Source-Line:libMvCameraControl.so(CInterfaceManager.cpp-L0815)     Description:[MV_CC_CreateHandle] return[0x0]     Solution:
Info    2026-05-23 02:59:36  DevID:MV-CS016-10UC(DA5555123)  Source-Line:libMvCameraControl.so(CInterfaceManager.cpp-L6710)     Description:CamCtrl[0x3020100], U3V SDKVersion[0x3020100], DriverVersion[0x0]     Solution:
Info    2026-05-23 02:59:37  DevID:MV-CS016-10UC(DA5555123)  Source-Line:libMvCameraControl.so(CInterfaceManager.cpp-L4236)     Description:[MV_CC_InvalidateNodes] return[0x0]     Solution:
Info    2026-05-23 02:59:37  DevID:MV-CS016-10UC(DA5555123)  Source-Line:libMvCameraControl.so(CInterfaceManager.cpp-L1086)     Description:[MV_CC_OpenDevice] nPrivilegeMode[1], nSwitchoverKey[0], return[0x0]     Solution:
Info    2026-05-23 02:59:37  DevID:MV-CS016-10UC(DA5555123)  Source-Line:libMvCameraControl.so(CInterfaceManager.cpp-L3684)     Description:[MV_CC_GetImageInfo] return[0x0]     Solution:
Info    2026-05-23 02:59:37  DevID:MV-CS016-10UC(DA5555123)  Source-Line:libMvCameraControl.so(CInterfaceManager.cpp-L1703)     Description:U3V, DeviceModelName[MV-CS016-10UC], DeviceFirmwareVersion[V2.1.4 2309271116552 23092502], DeviceMaxThroughput[387500]     Solution:
Info    2026-05-23 02:59:37  DevID:MV-CS016-10UC(DA5555123)  Source-Line:libMvCameraControl.so(CInterfaceManager.cpp-L1708)     Description:U3V, Width[1440], Height[1080], OffsetX[0], OffsetY[0], PixelFormat[0x1080009], AcquisitionMode[2]     Solution:
Info    2026-05-23 02:59:37  DevID:MV-CS016-10UC(DA5555123)  Source-Line:libMvCameraControl.so(CInterfaceManager.cpp-L1713)     Description:U3V, TriggerMode[0], ResultingFrameRate[165.52], ExposureTime[3000.00], ExposureAuto[0], PayloadSize[1555200]     Solution:
Info    2026-05-23 02:59:37  DevID:MV-CS016-10UC(DA5555123)  Source-Line:libMvCameraControl.so(CInterfaceManager.cpp-L6315)     Description:CamCtrl RecvThread Start, ThreadId[693855808]     Solution:
Info    2026-05-23 02:59:37  DevID:MV-CS016-10UC(DA5555123)  Source-Line:libMvCameraControl.so(CInterfaceManager.cpp-L6083)     Description:CamCtrl Display Thread Start, ThreadId[685463104]     Solution:
Info    2026-05-23 02:59:37  DevID:MV-CS016-10UC(DA5555123)  Source-Line:libMvCameraControl.so(CInterfaceManager.cpp-L1795)     Description:There is no registration callback     Solution:
Info    2026-05-23 02:59:37  DevID:MV-CS016-10UC(DA5555123)  Source-Line:libMvCameraControl.so(CInterfaceManager.cpp-L1800)     Description:[MV_CC_StartGrabbing] return[0x0]     Solution:
Info    2026-05-23 03:00:32  DevID:MV-CS016-10UC(DA5555123)  Source-Line:libMvCameraControl.so(CInterfaceManager.cpp-L1888)     Description:[StopGrabbing] return[0x0]     Solution:
Info    2026-05-23 03:00:32  DevID:MV-CS016-10UC(DA5555123)  Source-Line:libMvCameraControl.so(CInterfaceManager.cpp-L6545)     Description:RecvThread Process Exit     Solution:
Info    2026-05-23 03:00:32  DevID:MV-CS016-10UC(DA5555123)  Source-Line:libMvCameraControl.so(CInterfaceManager.cpp-L6299)     Description:Display process exit     Solution:
Info    2026-05-23 03:00:33  DevID:MV-CS016-10UC(DA5555123)  Source-Line:libMvCameraControl.so(CInterfaceManager.cpp-L1166)     Description:[CloseDevice] return[0x0]     Solution:
Info    2026-05-23 03:00:45  DevID:MV-CS016-10UC(DA5555123)  Source-Line:libMvCameraControl.so(CInterfaceManager.cpp-L0809)     Description:Current dynamic library path[/home/whiteink/RM_PKA_Sentry_RMUC/install/rm_hik_camera_driver/lib/libMvCameraControl.so]     Solution:
Info    2026-05-23 03:00:45  DevID:MV-CS016-10UC(DA5555123)  Source-Line:libMvCameraControl.so(CInterfaceManager.cpp-L0812)     Description:CamCtl_Version: 3.2.1.0     Solution:
Info    2026-05-23 03:00:45  DevID:MV-CS016-10UC(DA5555123)  Source-Line:libMvCameraControl.so(CInterfaceManager.cpp-L0813)     Description:CamCtl_Description: BaseLine Build 20211203     Solution:
Info    2026-05-23 03:00:45  DevID:MV-CS016-10UC(DA5555123)  Source-Line:libMvCameraControl.so(CInterfaceManager.cpp-L0815)     Description:[MV_CC_CreateHandle] return[0x0]     Solution:
Info    2026-05-23 03:00:45  DevID:MV-CS016-10UC(DA5555123)  Source-Line:libMvCameraControl.so(CInterfaceManager.cpp-L6710)     Description:CamCtrl[0x3020100], U3V SDKVersion[0x3020100], DriverVersion[0x0]     Solution:
Info    2026-05-23 03:00:45  DevID:MV-CS016-10UC(DA5555123)  Source-Line:libMvCameraControl.so(CInterfaceManager.cpp-L4236)     Description:[MV_CC_InvalidateNodes] return[0x0]     Solution:
Info    2026-05-23 03:00:45  DevID:MV-CS016-10UC(DA5555123)  Source-Line:libMvCameraControl.so(CInterfaceManager.cpp-L1086)     Description:[MV_CC_OpenDevice] nPrivilegeMode[1], nSwitchoverKey[0], return[0x0]     Solution:
Info    2026-05-23 03:00:45  DevID:MV-CS016-10UC(DA5555123)  Source-Line:libMvCameraControl.so(CInterfaceManager.cpp-L3684)     Description:[MV_CC_GetImageInfo] return[0x0]     Solution:
Info    2026-05-23 03:00:45  DevID:MV-CS016-10UC(DA5555123)  Source-Line:libMvCameraControl.so(CInterfaceManager.cpp-L1703)     Description:U3V, DeviceModelName[MV-CS016-10UC], DeviceFirmwareVersion[V2.1.4 2309271116552 23092502], DeviceMaxThroughput[387500]     Solution:
Info    2026-05-23 03:00:45  DevID:MV-CS016-10UC(DA5555123)  Source-Line:libMvCameraControl.so(CInterfaceManager.cpp-L1708)     Description:U3V, Width[1440], Height[1080], OffsetX[0], OffsetY[0], PixelFormat[0x1080009], AcquisitionMode[2]     Solution:
Info    2026-05-23 03:00:45  DevID:MV-CS016-10UC(DA5555123)  Source-Line:libMvCameraControl.so(CInterfaceManager.cpp-L1713)     Description:U3V, TriggerMode[0], ResultingFrameRate[165.52], ExposureTime[3000.00], ExposureAuto[0], PayloadSize[1555200]     Solution:
Info    2026-05-23 03:00:45  DevID:MV-CS016-10UC(DA5555123)  Source-Line:libMvCameraControl.so(CInterfaceManager.cpp-L6315)     Description:CamCtrl RecvThread Start, ThreadId[1627489856]     Solution:
Info    2026-05-23 03:00:45  DevID:MV-CS016-10UC(DA5555123)  Source-Line:libMvCameraControl.so(CInterfaceManager.cpp-L6083)     Description:CamCtrl Display Thread Start, ThreadId[1619097152]     Solution:
Info    2026-05-23 03:00:45  DevID:MV-CS016-10UC(DA5555123)  Source-Line:libMvCameraControl.so(CInterfaceManager.cpp-L1795)     Description:There is no registration callback     Solution:
Info    2026-05-23 03:00:45  DevID:MV-CS016-10UC(DA5555123)  Source-Line:libMvCameraControl.so(CInterfaceManager.cpp-L1800)     Description:[MV_CC_StartGrabbing] return[0x0]     Solution:
Info    2026-05-23 03:00:53  DevID:MV-CS016-10UC(DA5555123)  Source-Line:libMvCameraControl.so(CInterfaceManager.cpp-L1888)     Description:[StopGrabbing] return[0x0]     Solution:
Info    2026-05-23 03:00:53  DevID:MV-CS016-10UC(DA5555123)  Source-Line:libMvCameraControl.so(CInterfaceManager.cpp-L6299)     Description:Display process exit     Solution:
Info    2026-05-23 03:00:53  DevID:MV-CS016-10UC(DA5555123)  Source-Line:libMvCameraControl.so(CInterfaceManager.cpp-L6545)     Description:RecvThread Process Exit     Solution:
Info    2026-05-23 03:00:54  DevID:MV-CS016-10UC(DA5555123)  Source-Line:libMvCameraControl.so(CInterfaceManager.cpp-L1166)     Description:[CloseDevice] return[0x0]     Solution:
Info    2026-05-23 03:01:12  DevID:MV-CS016-10UC(DA5555123)  Source-Line:libMvCameraControl.so(CInterfaceManager.cpp-L0809)     Description:Current dynamic library path[/home/whiteink/RM_PKA_Sentry_RMUC/install/rm_hik_camera_driver/lib/libMvCameraControl.so]     Solution:
Info    2026-05-23 03:01:12  DevID:MV-CS016-10UC(DA5555123)  Source-Line:libMvCameraControl.so(CInterfaceManager.cpp-L0812)     Description:CamCtl_Version: 3.2.1.0     Solution:
Info    2026-05-23 03:01:12  DevID:MV-CS016-10UC(DA5555123)  Source-Line:libMvCameraControl.so(CInterfaceManager.cpp-L0813)     Description:CamCtl_Description: BaseLine Build 20211203     Solution:
Info    2026-05-23 03:01:12  DevID:MV-CS016-10UC(DA5555123)  Source-Line:libMvCameraControl.so(CInterfaceManager.cpp-L0815)     Description:[MV_CC_CreateHandle] return[0x0]     Solution:
Info    2026-05-23 03:01:12  DevID:MV-CS016-10UC(DA5555123)  Source-Line:libMvCameraControl.so(CInterfaceManager.cpp-L6710)     Description:CamCtrl[0x3020100], U3V SDKVersion[0x3020100], DriverVersion[0x0]     Solution:
Info    2026-05-23 03:01:13  DevID:MV-CS016-10UC(DA5555123)  Source-Line:libMvCameraControl.so(CInterfaceManager.cpp-L4236)     Description:[MV_CC_InvalidateNodes] return[0x0]     Solution:
Info    2026-05-23 03:01:13  DevID:MV-CS016-10UC(DA5555123)  Source-Line:libMvCameraControl.so(CInterfaceManager.cpp-L1086)     Description:[MV_CC_OpenDevice] nPrivilegeMode[1], nSwitchoverKey[0], return[0x0]     Solution:
Info    2026-05-23 03:01:13  DevID:MV-CS016-10UC(DA5555123)  Source-Line:libMvCameraControl.so(CInterfaceManager.cpp-L3684)     Description:[MV_CC_GetImageInfo] return[0x0]     Solution:
Info    2026-05-23 03:01:13  DevID:MV-CS016-10UC(DA5555123)  Source-Line:libMvCameraControl.so(CInterfaceManager.cpp-L1703)     Description:U3V, DeviceModelName[MV-CS016-10UC], DeviceFirmwareVersion[V2.1.4 2309271116552 23092502], DeviceMaxThroughput[387500]     Solution:
Info    2026-05-23 03:01:13  DevID:MV-CS016-10UC(DA5555123)  Source-Line:libMvCameraControl.so(CInterfaceManager.cpp-L1708)     Description:U3V, Width[1440], Height[1080], OffsetX[0], OffsetY[0], PixelFormat[0x1080009], AcquisitionMode[2]     Solution:
Info    2026-05-23 03:01:13  DevID:MV-CS016-10UC(DA5555123)  Source-Line:libMvCameraControl.so(CInterfaceManager.cpp-L1713)     Description:U3V, TriggerMode[0], ResultingFrameRate[165.52], ExposureTime[1000.00], ExposureAuto[0], PayloadSize[1555200]     Solution:
Info    2026-05-23 03:01:13  DevID:MV-CS016-10UC(DA5555123)  Source-Line:libMvCameraControl.so(CInterfaceManager.cpp-L6315)     Description:CamCtrl RecvThread Start, ThreadId[-311417280]     Solution:
Info    2026-05-23 03:01:13  DevID:MV-CS016-10UC(DA5555123)  Source-Line:libMvCameraControl.so(CInterfaceManager.cpp-L6083)     Description:CamCtrl Display Thread Start, ThreadId[-319809984]     Solution:
Info    2026-05-23 03:01:13  DevID:MV-CS016-10UC(DA5555123)  Source-Line:libMvCameraControl.so(CInterfaceManager.cpp-L1795)     Description:There is no registration callback     Solution:
Info    2026-05-23 03:01:13  DevID:MV-CS016-10UC(DA5555123)  Source-Line:libMvCameraControl.so(CInterfaceManager.cpp-L1800)     Description:[MV_CC_StartGrabbing] return[0x0]     Solution:
Info    2026-05-23 03:04:03  DevID:MV-CS016-10UC(DA5555123)  Source-Line:libMvCameraControl.so(CInterfaceManager.cpp-L1888)     Description:[StopGrabbing] return[0x0]     Solution:
Info    2026-05-23 03:04:03  DevID:MV-CS016-10UC(DA5555123)  Source-Line:libMvCameraControl.so(CInterfaceManager.cpp-L6545)     Description:RecvThread Process Exit     Solution:
Info    2026-05-23 03:04:03  DevID:MV-CS016-10UC(DA5555123)  Source-Line:libMvCameraControl.so(CInterfaceManager.cpp-L6299)     Description:Display process exit     Solution:
Info    2026-05-23 03:04:04  DevID:MV-CS016-10UC(DA5555123)  Source-Line:libMvCameraControl.so(CInterfaceManager.cpp-L1166)     Description:[CloseDevice] return[0x0]     Solution:
Info    2026-05-23 03:05:18  DevID:MV-CS016-10UC(DA5555123)  Source-Line:libMvCameraControl.so(CInterfaceManager.cpp-L0809)     Description:Current dynamic library path[/home/whiteink/RM_PKA_Sentry_RMUC/install/rm_hik_camera_driver/lib/libMvCameraControl.so]     Solution:
Info    2026-05-23 03:05:18  DevID:MV-CS016-10UC(DA5555123)  Source-Line:libMvCameraControl.so(CInterfaceManager.cpp-L0812)     Description:CamCtl_Version: 3.2.1.0     Solution:
Info    2026-05-23 03:05:18  DevID:MV-CS016-10UC(DA5555123)  Source-Line:libMvCameraControl.so(CInterfaceManager.cpp-L0813)     Description:CamCtl_Description: BaseLine Build 20211203     Solution:
Info    2026-05-23 03:05:18  DevID:MV-CS016-10UC(DA5555123)  Source-Line:libMvCameraControl.so(CInterfaceManager.cpp-L0815)     Description:[MV_CC_CreateHandle] return[0x0]     Solution:
Info    2026-05-23 03:05:18  DevID:MV-CS016-10UC(DA5555123)  Source-Line:libMvCameraControl.so(CInterfaceManager.cpp-L6710)     Description:CamCtrl[0x3020100], U3V SDKVersion[0x3020100], DriverVersion[0x0]     Solution:
Info    2026-05-23 03:05:18  DevID:MV-CS016-10UC(DA5555123)  Source-Line:libMvCameraControl.so(CInterfaceManager.cpp-L4236)     Description:[MV_CC_InvalidateNodes] return[0x0]     Solution:
Info    2026-05-23 03:05:18  DevID:MV-CS016-10UC(DA5555123)  Source-Line:libMvCameraControl.so(CInterfaceManager.cpp-L1086)     Description:[MV_CC_OpenDevice] nPrivilegeMode[1], nSwitchoverKey[0], return[0x0]     Solution:
Info    2026-05-23 03:05:18  DevID:MV-CS016-10UC(DA5555123)  Source-Line:libMvCameraControl.so(CInterfaceManager.cpp-L3684)     Description:[MV_CC_GetImageInfo] return[0x0]     Solution:
Info    2026-05-23 03:05:18  DevID:MV-CS016-10UC(DA5555123)  Source-Line:libMvCameraControl.so(CInterfaceManager.cpp-L1703)     Description:U3V, DeviceModelName[MV-CS016-10UC], DeviceFirmwareVersion[V2.1.4 2309271116552 23092502], DeviceMaxThroughput[387500]     Solution:
Info    2026-05-23 03:05:18  DevID:MV-CS016-10UC(DA5555123)  Source-Line:libMvCameraControl.so(CInterfaceManager.cpp-L1708)     Description:U3V, Width[1440], Height[1080], OffsetX[0], OffsetY[0], PixelFormat[0x1080009], AcquisitionMode[2]     Solution:
Info    2026-05-23 03:05:18  DevID:MV-CS016-10UC(DA5555123)  Source-Line:libMvCameraControl.so(CInterfaceManager.cpp-L1713)     Description:U3V, TriggerMode[0], ResultingFrameRate[165.52], ExposureTime[1000.00], ExposureAuto[0], PayloadSize[1555200]     Solution:
Info    2026-05-23 03:05:18  DevID:MV-CS016-10UC(DA5555123)  Source-Line:libMvCameraControl.so(CInterfaceManager.cpp-L6315)     Description:CamCtrl RecvThread Start, ThreadId[44078656]     Solution:
Info    2026-05-23 03:05:18  DevID:MV-CS016-10UC(DA5555123)  Source-Line:libMvCameraControl.so(CInterfaceManager.cpp-L6083)     Description:CamCtrl Display Thread Start, ThreadId[35685952]     Solution:
Info    2026-05-23 03:05:18  DevID:MV-CS016-10UC(DA5555123)  Source-Line:libMvCameraControl.so(CInterfaceManager.cpp-L1795)     Description:There is no registration callback     Solution:
Info    2026-05-23 03:05:18  DevID:MV-CS016-10UC(DA5555123)  Source-Line:libMvCameraControl.so(CInterfaceManager.cpp-L1800)     Description:[MV_CC_StartGrabbing] return[0x0]     Solution:
Info    2026-05-23 03:06:46  DevID:MV-CS016-10UC(DA5555123)  Source-Line:libMvCameraControl.so(CInterfaceManager.cpp-L1888)     Description:[StopGrabbing] return[0x0]     Solution:
Info    2026-05-23 03:06:46  DevID:MV-CS016-10UC(DA5555123)  Source-Line:libMvCameraControl.so(CInterfaceManager.cpp-L6545)     Description:RecvThread Process Exit     Solution:
Info    2026-05-23 03:06:46  DevID:MV-CS016-10UC(DA5555123)  Source-Line:libMvCameraControl.so(CInterfaceManager.cpp-L6299)     Description:Display process exit     Solution:
Info    2026-05-23 03:06:47  DevID:MV-CS016-10UC(DA5555123)  Source-Line:libMvCameraControl.so(CInterfaceManager.cpp-L1166)     Description:[CloseDevice] return[0x0]     Solution:
Info    2026-05-23 03:06:57  DevID:MV-CS016-10UC(DA5555123)  Source-Line:libMvCameraControl.so(CInterfaceManager.cpp-L0809)     Description:Current dynamic library path[/home/whiteink/RM_PKA_Sentry_RMUC/install/rm_hik_camera_driver/lib/libMvCameraControl.so]     Solution:
Info    2026-05-23 03:06:57  DevID:MV-CS016-10UC(DA5555123)  Source-Line:libMvCameraControl.so(CInterfaceManager.cpp-L0812)     Description:CamCtl_Version: 3.2.1.0     Solution:
Info    2026-05-23 03:06:57  DevID:MV-CS016-10UC(DA5555123)  Source-Line:libMvCameraControl.so(CInterfaceManager.cpp-L0813)     Description:CamCtl_Description: BaseLine Build 20211203     Solution:
Info    2026-05-23 03:06:57  DevID:MV-CS016-10UC(DA5555123)  Source-Line:libMvCameraControl.so(CInterfaceManager.cpp-L0815)     Description:[MV_CC_CreateHandle] return[0x0]     Solution:
Info    2026-05-23 03:06:57  DevID:MV-CS016-10UC(DA5555123)  Source-Line:libMvCameraControl.so(CInterfaceManager.cpp-L6710)     Description:CamCtrl[0x3020100], U3V SDKVersion[0x3020100], DriverVersion[0x0]     Solution:
Info    2026-05-23 03:06:57  DevID:MV-CS016-10UC(DA5555123)  Source-Line:libMvCameraControl.so(CInterfaceManager.cpp-L4236)     Description:[MV_CC_InvalidateNodes] return[0x0]     Solution:
Info    2026-05-23 03:06:57  DevID:MV-CS016-10UC(DA5555123)  Source-Line:libMvCameraControl.so(CInterfaceManager.cpp-L1086)     Description:[MV_CC_OpenDevice] nPrivilegeMode[1], nSwitchoverKey[0], return[0x0]     Solution:
Info    2026-05-23 03:06:57  DevID:MV-CS016-10UC(DA5555123)  Source-Line:libMvCameraControl.so(CInterfaceManager.cpp-L3684)     Description:[MV_CC_GetImageInfo] return[0x0]     Solution:
Info    2026-05-23 03:06:57  DevID:MV-CS016-10UC(DA5555123)  Source-Line:libMvCameraControl.so(CInterfaceManager.cpp-L1703)     Description:U3V, DeviceModelName[MV-CS016-10UC], DeviceFirmwareVersion[V2.1.4 2309271116552 23092502], DeviceMaxThroughput[387500]     Solution:
Info    2026-05-23 03:06:57  DevID:MV-CS016-10UC(DA5555123)  Source-Line:libMvCameraControl.so(CInterfaceManager.cpp-L1708)     Description:U3V, Width[1440], Height[1080], OffsetX[0], OffsetY[0], PixelFormat[0x1080009], AcquisitionMode[2]     Solution:
Info    2026-05-23 03:06:57  DevID:MV-CS016-10UC(DA5555123)  Source-Line:libMvCameraControl.so(CInterfaceManager.cpp-L1713)     Description:U3V, TriggerMode[0], ResultingFrameRate[165.52], ExposureTime[1000.00], ExposureAuto[0], PayloadSize[1555200]     Solution:
Info    2026-05-23 03:06:57  DevID:MV-CS016-10UC(DA5555123)  Source-Line:libMvCameraControl.so(CInterfaceManager.cpp-L6315)     Description:CamCtrl RecvThread Start, ThreadId[394257984]     Solution:
Info    2026-05-23 03:06:57  DevID:MV-CS016-10UC(DA5555123)  Source-Line:libMvCameraControl.so(CInterfaceManager.cpp-L6083)     Description:CamCtrl Display Thread Start, ThreadId[385865280]     Solution:
Info    2026-05-23 03:06:57  DevID:MV-CS016-10UC(DA5555123)  Source-Line:libMvCameraControl.so(CInterfaceManager.cpp-L1795)     Description:There is no registration callback     Solution:
Info    2026-05-23 03:06:57  DevID:MV-CS016-10UC(DA5555123)  Source-Line:libMvCameraControl.so(CInterfaceManager.cpp-L1800)     Description:[MV_CC_StartGrabbing] return[0x0]     Solution:
Info    2026-05-23 03:07:19  DevID:MV-CS016-10UC(DA5555123)  Source-Line:libMvCameraControl.so(CInterfaceManager.cpp-L1888)     Description:[StopGrabbing] return[0x0]     Solution:
Info    2026-05-23 03:07:19  DevID:MV-CS016-10UC(DA5555123)  Source-Line:libMvCameraControl.so(CInterfaceManager.cpp-L6299)     Description:Display process exit     Solution:
Info    2026-05-23 03:07:19  DevID:MV-CS016-10UC(DA5555123)  Source-Line:libMvCameraControl.so(CInterfaceManager.cpp-L6545)     Description:RecvThread Process Exit     Solution:
Info    2026-05-23 03:07:20  DevID:MV-CS016-10UC(DA5555123)  Source-Line:libMvCameraControl.so(CInterfaceManager.cpp-L1166)     Description:[CloseDevice] return[0x0]     Solution:
Info    2026-05-23 03:07:31  DevID:MV-CS016-10UC(DA5555123)  Source-Line:libMvCameraControl.so(CInterfaceManager.cpp-L0809)     Description:Current dynamic library path[/home/whiteink/RM_PKA_Sentry_RMUC/install/rm_hik_camera_driver/lib/libMvCameraControl.so]     Solution:
Info    2026-05-23 03:07:31  DevID:MV-CS016-10UC(DA5555123)  Source-Line:libMvCameraControl.so(CInterfaceManager.cpp-L0812)     Description:CamCtl_Version: 3.2.1.0     Solution:
Info    2026-05-23 03:07:31  DevID:MV-CS016-10UC(DA5555123)  Source-Line:libMvCameraControl.so(CInterfaceManager.cpp-L0813)     Description:CamCtl_Description: BaseLine Build 20211203     Solution:
Info    2026-05-23 03:07:31  DevID:MV-CS016-10UC(DA5555123)  Source-Line:libMvCameraControl.so(CInterfaceManager.cpp-L0815)     Description:[MV_CC_CreateHandle] return[0x0]     Solution:
Info    2026-05-23 03:07:31  DevID:MV-CS016-10UC(DA5555123)  Source-Line:libMvCameraControl.so(CInterfaceManager.cpp-L6710)     Description:CamCtrl[0x3020100], U3V SDKVersion[0x3020100], DriverVersion[0x0]     Solution:
Info    2026-05-23 03:07:31  DevID:MV-CS016-10UC(DA5555123)  Source-Line:libMvCameraControl.so(CInterfaceManager.cpp-L4236)     Description:[MV_CC_InvalidateNodes] return[0x0]     Solution:
Info    2026-05-23 03:07:31  DevID:MV-CS016-10UC(DA5555123)  Source-Line:libMvCameraControl.so(CInterfaceManager.cpp-L1086)     Description:[MV_CC_OpenDevice] nPrivilegeMode[1], nSwitchoverKey[0], return[0x0]     Solution:
Info    2026-05-23 03:07:31  DevID:MV-CS016-10UC(DA5555123)  Source-Line:libMvCameraControl.so(CInterfaceManager.cpp-L3684)     Description:[MV_CC_GetImageInfo] return[0x0]     Solution:
Info    2026-05-23 03:07:31  DevID:MV-CS016-10UC(DA5555123)  Source-Line:libMvCameraControl.so(CInterfaceManager.cpp-L1703)     Description:U3V, DeviceModelName[MV-CS016-10UC], DeviceFirmwareVersion[V2.1.4 2309271116552 23092502], DeviceMaxThroughput[387500]     Solution:
Info    2026-05-23 03:07:31  DevID:MV-CS016-10UC(DA5555123)  Source-Line:libMvCameraControl.so(CInterfaceManager.cpp-L1708)     Description:U3V, Width[1440], Height[1080], OffsetX[0], OffsetY[0], PixelFormat[0x1080009], AcquisitionMode[2]     Solution:
Info    2026-05-23 03:07:31  DevID:MV-CS016-10UC(DA5555123)  Source-Line:libMvCameraControl.so(CInterfaceManager.cpp-L1713)     Description:U3V, TriggerMode[0], ResultingFrameRate[165.52], ExposureTime[1000.00], ExposureAuto[0], PayloadSize[1555200]     Solution:
Info    2026-05-23 03:07:31  DevID:MV-CS016-10UC(DA5555123)  Source-Line:libMvCameraControl.so(CInterfaceManager.cpp-L6315)     Description:CamCtrl RecvThread Start, ThreadId[831878720]     Solution:
Info    2026-05-23 03:07:31  DevID:MV-CS016-10UC(DA5555123)  Source-Line:libMvCameraControl.so(CInterfaceManager.cpp-L6083)     Description:CamCtrl Display Thread Start, ThreadId[823486016]     Solution:
Info    2026-05-23 03:07:31  DevID:MV-CS016-10UC(DA5555123)  Source-Line:libMvCameraControl.so(CInterfaceManager.cpp-L1795)     Description:There is no registration callback     Solution:
Info    2026-05-23 03:07:31  DevID:MV-CS016-10UC(DA5555123)  Source-Line:libMvCameraControl.so(CInterfaceManager.cpp-L1800)     Description:[MV_CC_StartGrabbing] return[0x0]     Solution:
Info    2026-05-23 03:07:35  DevID:MV-CS016-10UC(DA5555123)  Source-Line:libMvCameraControl.so(CInterfaceManager.cpp-L1888)     Description:[StopGrabbing] return[0x0]     Solution:
Info    2026-05-23 03:07:35  DevID:MV-CS016-10UC(DA5555123)  Source-Line:libMvCameraControl.so(CInterfaceManager.cpp-L6299)     Description:Display process exit     Solution:
Info    2026-05-23 03:07:35  DevID:MV-CS016-10UC(DA5555123)  Source-Line:libMvCameraControl.so(CInterfaceManager.cpp-L6545)     Description:RecvThread Process Exit     Solution:
Info    2026-05-23 03:07:35  DevID:MV-CS016-10UC(DA5555123)  Source-Line:libMvCameraControl.so(CInterfaceManager.cpp-L1166)     Description:[CloseDevice] return[0x0]     Solution:
Info    2026-05-23 03:08:55  DevID:MV-CS016-10UC(DA5555123)  Source-Line:libMvCameraControl.so(CInterfaceManager.cpp-L0809)     Description:Current dynamic library path[/home/whiteink/RM_PKA_Sentry_RMUC/install/rm_hik_camera_driver/lib/libMvCameraControl.so]     Solution:
Info    2026-05-23 03:08:55  DevID:MV-CS016-10UC(DA5555123)  Source-Line:libMvCameraControl.so(CInterfaceManager.cpp-L0812)     Description:CamCtl_Version: 3.2.1.0     Solution:
Info    2026-05-23 03:08:55  DevID:MV-CS016-10UC(DA5555123)  Source-Line:libMvCameraControl.so(CInterfaceManager.cpp-L0813)     Description:CamCtl_Description: BaseLine Build 20211203     Solution:
Info    2026-05-23 03:08:55  DevID:MV-CS016-10UC(DA5555123)  Source-Line:libMvCameraControl.so(CInterfaceManager.cpp-L0815)     Description:[MV_CC_CreateHandle] return[0x0]     Solution:
Info    2026-05-23 03:08:55  DevID:MV-CS016-10UC(DA5555123)  Source-Line:libMvCameraControl.so(CInterfaceManager.cpp-L6710)     Description:CamCtrl[0x3020100], U3V SDKVersion[0x3020100], DriverVersion[0x0]     Solution:
Info    2026-05-23 03:08:56  DevID:MV-CS016-10UC(DA5555123)  Source-Line:libMvCameraControl.so(CInterfaceManager.cpp-L4236)     Description:[MV_CC_InvalidateNodes] return[0x0]     Solution:
Info    2026-05-23 03:08:56  DevID:MV-CS016-10UC(DA5555123)  Source-Line:libMvCameraControl.so(CInterfaceManager.cpp-L1086)     Description:[MV_CC_OpenDevice] nPrivilegeMode[1], nSwitchoverKey[0], return[0x0]     Solution:
Info    2026-05-23 03:08:56  DevID:MV-CS016-10UC(DA5555123)  Source-Line:libMvCameraControl.so(CInterfaceManager.cpp-L3684)     Description:[MV_CC_GetImageInfo] return[0x0]     Solution:
Info    2026-05-23 03:08:56  DevID:MV-CS016-10UC(DA5555123)  Source-Line:libMvCameraControl.so(CInterfaceManager.cpp-L1703)     Description:U3V, DeviceModelName[MV-CS016-10UC], DeviceFirmwareVersion[V2.1.4 2309271116552 23092502], DeviceMaxThroughput[387500]     Solution:
Info    2026-05-23 03:08:56  DevID:MV-CS016-10UC(DA5555123)  Source-Line:libMvCameraControl.so(CInterfaceManager.cpp-L1708)     Description:U3V, Width[1440], Height[1080], OffsetX[0], OffsetY[0], PixelFormat[0x1080009], AcquisitionMode[2]     Solution:
Info    2026-05-23 03:08:56  DevID:MV-CS016-10UC(DA5555123)  Source-Line:libMvCameraControl.so(CInterfaceManager.cpp-L1713)     Description:U3V, TriggerMode[0], ResultingFrameRate[165.52], ExposureTime[1000.00], ExposureAuto[0], PayloadSize[1555200]     Solution:
Info    2026-05-23 03:08:56  DevID:MV-CS016-10UC(DA5555123)  Source-Line:libMvCameraControl.so(CInterfaceManager.cpp-L6315)     Description:CamCtrl RecvThread Start, ThreadId[1114699328]     Solution:
Info    2026-05-23 03:08:56  DevID:MV-CS016-10UC(DA5555123)  Source-Line:libMvCameraControl.so(CInterfaceManager.cpp-L6083)     Description:CamCtrl Display Thread Start, ThreadId[1106306624]     Solution:
Info    2026-05-23 03:08:56  DevID:MV-CS016-10UC(DA5555123)  Source-Line:libMvCameraControl.so(CInterfaceManager.cpp-L1795)     Description:There is no registration callback     Solution:
Info    2026-05-23 03:08:56  DevID:MV-CS016-10UC(DA5555123)  Source-Line:libMvCameraControl.so(CInterfaceManager.cpp-L1800)     Description:[MV_CC_StartGrabbing] return[0x0]     Solution:
Info    2026-05-23 03:09:00  DevID:MV-CS016-10UC(DA5555123)  Source-Line:libMvCameraControl.so(CInterfaceManager.cpp-L1888)     Description:[StopGrabbing] return[0x0]     Solution:
Info    2026-05-23 03:09:00  DevID:MV-CS016-10UC(DA5555123)  Source-Line:libMvCameraControl.so(CInterfaceManager.cpp-L6545)     Description:RecvThread Process Exit     Solution:
Info    2026-05-23 03:09:00  DevID:MV-CS016-10UC(DA5555123)  Source-Line:libMvCameraControl.so(CInterfaceManager.cpp-L6299)     Description:Display process exit     Solution:
Info    2026-05-23 03:09:01  DevID:MV-CS016-10UC(DA5555123)  Source-Line:libMvCameraControl.so(CInterfaceManager.cpp-L1166)     Description:[CloseDevice] return[0x0]     Solution:
Info    2026-05-23 03:10:47  DevID:MV-CS016-10UC(DA5555123)  Source-Line:libMvCameraControl.so(CInterfaceManager.cpp-L0809)     Description:Current dynamic library path[/home/whiteink/RM_PKA_Sentry_RMUC/install/rm_hik_camera_driver/lib/libMvCameraControl.so]     Solution:
Info    2026-05-23 03:10:47  DevID:MV-CS016-10UC(DA5555123)  Source-Line:libMvCameraControl.so(CInterfaceManager.cpp-L0812)     Description:CamCtl_Version: 3.2.1.0     Solution:
Info    2026-05-23 03:10:47  DevID:MV-CS016-10UC(DA5555123)  Source-Line:libMvCameraControl.so(CInterfaceManager.cpp-L0813)     Description:CamCtl_Description: BaseLine Build 20211203     Solution:
Info    2026-05-23 03:10:47  DevID:MV-CS016-10UC(DA5555123)  Source-Line:libMvCameraControl.so(CInterfaceManager.cpp-L0815)     Description:[MV_CC_CreateHandle] return[0x0]     Solution:
Info    2026-05-23 03:10:47  DevID:MV-CS016-10UC(DA5555123)  Source-Line:libMvCameraControl.so(CInterfaceManager.cpp-L6710)     Description:CamCtrl[0x3020100], U3V SDKVersion[0x3020100], DriverVersion[0x0]     Solution:
Info    2026-05-23 03:10:47  DevID:MV-CS016-10UC(DA5555123)  Source-Line:libMvCameraControl.so(CInterfaceManager.cpp-L4236)     Description:[MV_CC_InvalidateNodes] return[0x0]     Solution:
Info    2026-05-23 03:10:47  DevID:MV-CS016-10UC(DA5555123)  Source-Line:libMvCameraControl.so(CInterfaceManager.cpp-L1086)     Description:[MV_CC_OpenDevice] nPrivilegeMode[1], nSwitchoverKey[0], return[0x0]     Solution:
Info    2026-05-23 03:10:47  DevID:MV-CS016-10UC(DA5555123)  Source-Line:libMvCameraControl.so(CInterfaceManager.cpp-L3684)     Description:[MV_CC_GetImageInfo] return[0x0]     Solution:
Info    2026-05-23 03:10:47  DevID:MV-CS016-10UC(DA5555123)  Source-Line:libMvCameraControl.so(CInterfaceManager.cpp-L1703)     Description:U3V, DeviceModelName[MV-CS016-10UC], DeviceFirmwareVersion[V2.1.4 2309271116552 23092502], DeviceMaxThroughput[387500]     Solution:
Info    2026-05-23 03:10:47  DevID:MV-CS016-10UC(DA5555123)  Source-Line:libMvCameraControl.so(CInterfaceManager.cpp-L1708)     Description:U3V, Width[1440], Height[1080], OffsetX[0], OffsetY[0], PixelFormat[0x1080009], AcquisitionMode[2]     Solution:
Info    2026-05-23 03:10:47  DevID:MV-CS016-10UC(DA5555123)  Source-Line:libMvCameraControl.so(CInterfaceManager.cpp-L1713)     Description:U3V, TriggerMode[0], ResultingFrameRate[165.52], ExposureTime[1000.00], ExposureAuto[0], PayloadSize[1555200]     Solution:
Info    2026-05-23 03:10:47  DevID:MV-CS016-10UC(DA5555123)  Source-Line:libMvCameraControl.so(CInterfaceManager.cpp-L6315)     Description:CamCtrl RecvThread Start, ThreadId[1669326400]     Solution:
Info    2026-05-23 03:10:47  DevID:MV-CS016-10UC(DA5555123)  Source-Line:libMvCameraControl.so(CInterfaceManager.cpp-L6083)     Description:CamCtrl Display Thread Start, ThreadId[1660933696]     Solution:
Info    2026-05-23 03:10:47  DevID:MV-CS016-10UC(DA5555123)  Source-Line:libMvCameraControl.so(CInterfaceManager.cpp-L1795)     Description:There is no registration callback     Solution:
Info    2026-05-23 03:10:47  DevID:MV-CS016-10UC(DA5555123)  Source-Line:libMvCameraControl.so(CInterfaceManager.cpp-L1800)     Description:[MV_CC_StartGrabbing] return[0x0]     Solution:
Info    2026-05-23 03:10:48  DevID:MV-CS016-10UC(DA5555123)  Source-Line:libMvCameraControl.so(CInterfaceManager.cpp-L1888)     Description:[StopGrabbing] return[0x0]     Solution:
Info    2026-05-23 03:10:48  DevID:MV-CS016-10UC(DA5555123)  Source-Line:libMvCameraControl.so(CInterfaceManager.cpp-L6545)     Description:RecvThread Process Exit     Solution:
Info    2026-05-23 03:10:48  DevID:MV-CS016-10UC(DA5555123)  Source-Line:libMvCameraControl.so(CInterfaceManager.cpp-L6299)     Description:Display process exit     Solution:
Info    2026-05-23 03:10:50  DevID:MV-CS016-10UC(DA5555123)  Source-Line:libMvCameraControl.so(CInterfaceManager.cpp-L1166)     Description:[CloseDevice] return[0x0]     Solution:
Info    2026-05-23 03:11:00  DevID:MV-CS016-10UC(DA5555123)  Source-Line:libMvCameraControl.so(CInterfaceManager.cpp-L0809)     Description:Current dynamic library path[/home/whiteink/RM_PKA_Sentry_RMUC/install/rm_hik_camera_driver/lib/libMvCameraControl.so]     Solution:
Info    2026-05-23 03:11:00  DevID:MV-CS016-10UC(DA5555123)  Source-Line:libMvCameraControl.so(CInterfaceManager.cpp-L0812)     Description:CamCtl_Version: 3.2.1.0     Solution:
Info    2026-05-23 03:11:00  DevID:MV-CS016-10UC(DA5555123)  Source-Line:libMvCameraControl.so(CInterfaceManager.cpp-L0813)     Description:CamCtl_Description: BaseLine Build 20211203     Solution:
Info    2026-05-23 03:11:00  DevID:MV-CS016-10UC(DA5555123)  Source-Line:libMvCameraControl.so(CInterfaceManager.cpp-L0815)     Description:[MV_CC_CreateHandle] return[0x0]     Solution:
Info    2026-05-23 03:11:00  DevID:MV-CS016-10UC(DA5555123)  Source-Line:libMvCameraControl.so(CInterfaceManager.cpp-L6710)     Description:CamCtrl[0x3020100], U3V SDKVersion[0x3020100], DriverVersion[0x0]     Solution:
Info    2026-05-23 03:11:01  DevID:MV-CS016-10UC(DA5555123)  Source-Line:libMvCameraControl.so(CInterfaceManager.cpp-L4236)     Description:[MV_CC_InvalidateNodes] return[0x0]     Solution:
Info    2026-05-23 03:11:01  DevID:MV-CS016-10UC(DA5555123)  Source-Line:libMvCameraControl.so(CInterfaceManager.cpp-L1086)     Description:[MV_CC_OpenDevice] nPrivilegeMode[1], nSwitchoverKey[0], return[0x0]     Solution:
Info    2026-05-23 03:11:01  DevID:MV-CS016-10UC(DA5555123)  Source-Line:libMvCameraControl.so(CInterfaceManager.cpp-L3684)     Description:[MV_CC_GetImageInfo] return[0x0]     Solution:
Info    2026-05-23 03:11:01  DevID:MV-CS016-10UC(DA5555123)  Source-Line:libMvCameraControl.so(CInterfaceManager.cpp-L1703)     Description:U3V, DeviceModelName[MV-CS016-10UC], DeviceFirmwareVersion[V2.1.4 2309271116552 23092502], DeviceMaxThroughput[387500]     Solution:
Info    2026-05-23 03:11:01  DevID:MV-CS016-10UC(DA5555123)  Source-Line:libMvCameraControl.so(CInterfaceManager.cpp-L1708)     Description:U3V, Width[1440], Height[1080], OffsetX[0], OffsetY[0], PixelFormat[0x1080009], AcquisitionMode[2]     Solution:
Info    2026-05-23 03:11:01  DevID:MV-CS016-10UC(DA5555123)  Source-Line:libMvCameraControl.so(CInterfaceManager.cpp-L1713)     Description:U3V, TriggerMode[0], ResultingFrameRate[165.52], ExposureTime[1000.00], ExposureAuto[0], PayloadSize[1555200]     Solution:
Info    2026-05-23 03:11:01  DevID:MV-CS016-10UC(DA5555123)  Source-Line:libMvCameraControl.so(CInterfaceManager.cpp-L6315)     Description:CamCtrl RecvThread Start, ThreadId[201324096]     Solution:
Info    2026-05-23 03:11:01  DevID:MV-CS016-10UC(DA5555123)  Source-Line:libMvCameraControl.so(CInterfaceManager.cpp-L6083)     Description:CamCtrl Display Thread Start, ThreadId[192931392]     Solution:
Info    2026-05-23 03:11:01  DevID:MV-CS016-10UC(DA5555123)  Source-Line:libMvCameraControl.so(CInterfaceManager.cpp-L1795)     Description:There is no registration callback     Solution:
Info    2026-05-23 03:11:01  DevID:MV-CS016-10UC(DA5555123)  Source-Line:libMvCameraControl.so(CInterfaceManager.cpp-L1800)     Description:[MV_CC_StartGrabbing] return[0x0]     Solution:
Info    2026-05-23 03:11:07  DevID:MV-CS016-10UC(DA5555123)  Source-Line:libMvCameraControl.so(CInterfaceManager.cpp-L1888)     Description:[StopGrabbing] return[0x0]     Solution:
Info    2026-05-23 03:11:07  DevID:MV-CS016-10UC(DA5555123)  Source-Line:libMvCameraControl.so(CInterfaceManager.cpp-L6545)     Description:RecvThread Process Exit     Solution:
Info    2026-05-23 03:11:07  DevID:MV-CS016-10UC(DA5555123)  Source-Line:libMvCameraControl.so(CInterfaceManager.cpp-L6299)     Description:Display process exit     Solution:
Info    2026-05-23 03:11:09  DevID:MV-CS016-10UC(DA5555123)  Source-Line:libMvCameraControl.so(CInterfaceManager.cpp-L1166)     Description:[CloseDevice] return[0x0]     Solution:
Info    2026-05-23 03:11:29  DevID:MV-CS016-10UC(DA5555123)  Source-Line:libMvCameraControl.so(CInterfaceManager.cpp-L0809)     Description:Current dynamic library path[/home/whiteink/RM_PKA_Sentry_RMUC/install/rm_hik_camera_driver/lib/libMvCameraControl.so]     Solution:
Info    2026-05-23 03:11:29  DevID:MV-CS016-10UC(DA5555123)  Source-Line:libMvCameraControl.so(CInterfaceManager.cpp-L0812)     Description:CamCtl_Version: 3.2.1.0     Solution:
Info    2026-05-23 03:11:29  DevID:MV-CS016-10UC(DA5555123)  Source-Line:libMvCameraControl.so(CInterfaceManager.cpp-L0813)     Description:CamCtl_Description: BaseLine Build 20211203     Solution:
Info    2026-05-23 03:11:29  DevID:MV-CS016-10UC(DA5555123)  Source-Line:libMvCameraControl.so(CInterfaceManager.cpp-L0815)     Description:[MV_CC_CreateHandle] return[0x0]     Solution:
Info    2026-05-23 03:11:29  DevID:MV-CS016-10UC(DA5555123)  Source-Line:libMvCameraControl.so(CInterfaceManager.cpp-L6710)     Description:CamCtrl[0x3020100], U3V SDKVersion[0x3020100], DriverVersion[0x0]     Solution:
Info    2026-05-23 03:11:29  DevID:MV-CS016-10UC(DA5555123)  Source-Line:libMvCameraControl.so(CInterfaceManager.cpp-L4236)     Description:[MV_CC_InvalidateNodes] return[0x0]     Solution:
Info    2026-05-23 03:11:29  DevID:MV-CS016-10UC(DA5555123)  Source-Line:libMvCameraControl.so(CInterfaceManager.cpp-L1086)     Description:[MV_CC_OpenDevice] nPrivilegeMode[1], nSwitchoverKey[0], return[0x0]     Solution:
Info    2026-05-23 03:11:29  DevID:MV-CS016-10UC(DA5555123)  Source-Line:libMvCameraControl.so(CInterfaceManager.cpp-L3684)     Description:[MV_CC_GetImageInfo] return[0x0]     Solution:
Info    2026-05-23 03:11:29  DevID:MV-CS016-10UC(DA5555123)  Source-Line:libMvCameraControl.so(CInterfaceManager.cpp-L1703)     Description:U3V, DeviceModelName[MV-CS016-10UC], DeviceFirmwareVersion[V2.1.4 2309271116552 23092502], DeviceMaxThroughput[387500]     Solution:
Info    2026-05-23 03:11:29  DevID:MV-CS016-10UC(DA5555123)  Source-Line:libMvCameraControl.so(CInterfaceManager.cpp-L1708)     Description:U3V, Width[1440], Height[1080], OffsetX[0], OffsetY[0], PixelFormat[0x1080009], AcquisitionMode[2]     Solution:
Info    2026-05-23 03:11:29  DevID:MV-CS016-10UC(DA5555123)  Source-Line:libMvCameraControl.so(CInterfaceManager.cpp-L1713)     Description:U3V, TriggerMode[0], ResultingFrameRate[165.52], ExposureTime[1000.00], ExposureAuto[0], PayloadSize[1555200]     Solution:
Info    2026-05-23 03:11:29  DevID:MV-CS016-10UC(DA5555123)  Source-Line:libMvCameraControl.so(CInterfaceManager.cpp-L6315)     Description:CamCtrl RecvThread Start, ThreadId[-2034735552]     Solution:
Info    2026-05-23 03:11:29  DevID:MV-CS016-10UC(DA5555123)  Source-Line:libMvCameraControl.so(CInterfaceManager.cpp-L6083)     Description:CamCtrl Display Thread Start, ThreadId[-2043128256]     Solution:
Info    2026-05-23 03:11:29  DevID:MV-CS016-10UC(DA5555123)  Source-Line:libMvCameraControl.so(CInterfaceManager.cpp-L1795)     Description:There is no registration callback     Solution:
Info    2026-05-23 03:11:29  DevID:MV-CS016-10UC(DA5555123)  Source-Line:libMvCameraControl.so(CInterfaceManager.cpp-L1800)     Description:[MV_CC_StartGrabbing] return[0x0]     Solution:
Info    2026-05-23 03:12:37  DevID:MV-CS016-10UC(DA5555123)  Source-Line:libMvCameraControl.so(CInterfaceManager.cpp-L1888)     Description:[StopGrabbing] return[0x0]     Solution:
Info    2026-05-23 03:12:37  DevID:MV-CS016-10UC(DA5555123)  Source-Line:libMvCameraControl.so(CInterfaceManager.cpp-L6545)     Description:RecvThread Process Exit     Solution:
Info    2026-05-23 03:12:37  DevID:MV-CS016-10UC(DA5555123)  Source-Line:libMvCameraControl.so(CInterfaceManager.cpp-L6299)     Description:Display process exit     Solution:
Info    2026-05-23 03:12:38  DevID:MV-CS016-10UC(DA5555123)  Source-Line:libMvCameraControl.so(CInterfaceManager.cpp-L1166)     Description:[CloseDevice] return[0x0]     Solution:
Info    2026-05-23 03:14:18  DevID:MV-CS016-10UC(DA5555123)  Source-Line:libMvCameraControl.so(CInterfaceManager.cpp-L0809)     Description:Current dynamic library path[/home/whiteink/RM_PKA_Sentry_RMUC/install/rm_hik_camera_driver/lib/libMvCameraControl.so]     Solution:
Info    2026-05-23 03:14:18  DevID:MV-CS016-10UC(DA5555123)  Source-Line:libMvCameraControl.so(CInterfaceManager.cpp-L0812)     Description:CamCtl_Version: 3.2.1.0     Solution:
Info    2026-05-23 03:14:18  DevID:MV-CS016-10UC(DA5555123)  Source-Line:libMvCameraControl.so(CInterfaceManager.cpp-L0813)     Description:CamCtl_Description: BaseLine Build 20211203     Solution:
Info    2026-05-23 03:14:18  DevID:MV-CS016-10UC(DA5555123)  Source-Line:libMvCameraControl.so(CInterfaceManager.cpp-L0815)     Description:[MV_CC_CreateHandle] return[0x0]     Solution:
Info    2026-05-23 03:14:18  DevID:MV-CS016-10UC(DA5555123)  Source-Line:libMvCameraControl.so(CInterfaceManager.cpp-L6710)     Description:CamCtrl[0x3020100], U3V SDKVersion[0x3020100], DriverVersion[0x0]     Solution:
Info    2026-05-23 03:14:18  DevID:MV-CS016-10UC(DA5555123)  Source-Line:libMvCameraControl.so(CInterfaceManager.cpp-L4236)     Description:[MV_CC_InvalidateNodes] return[0x0]     Solution:
Info    2026-05-23 03:14:18  DevID:MV-CS016-10UC(DA5555123)  Source-Line:libMvCameraControl.so(CInterfaceManager.cpp-L1086)     Description:[MV_CC_OpenDevice] nPrivilegeMode[1], nSwitchoverKey[0], return[0x0]     Solution:
Info    2026-05-23 03:14:18  DevID:MV-CS016-10UC(DA5555123)  Source-Line:libMvCameraControl.so(CInterfaceManager.cpp-L3684)     Description:[MV_CC_GetImageInfo] return[0x0]     Solution:
Info    2026-05-23 03:14:18  DevID:MV-CS016-10UC(DA5555123)  Source-Line:libMvCameraControl.so(CInterfaceManager.cpp-L1703)     Description:U3V, DeviceModelName[MV-CS016-10UC], DeviceFirmwareVersion[V2.1.4 2309271116552 23092502], DeviceMaxThroughput[387500]     Solution:
Info    2026-05-23 03:14:18  DevID:MV-CS016-10UC(DA5555123)  Source-Line:libMvCameraControl.so(CInterfaceManager.cpp-L1708)     Description:U3V, Width[1440], Height[1080], OffsetX[0], OffsetY[0], PixelFormat[0x1080009], AcquisitionMode[2]     Solution:
Info    2026-05-23 03:14:18  DevID:MV-CS016-10UC(DA5555123)  Source-Line:libMvCameraControl.so(CInterfaceManager.cpp-L1713)     Description:U3V, TriggerMode[0], ResultingFrameRate[165.52], ExposureTime[1000.00], ExposureAuto[0], PayloadSize[1555200]     Solution:
Info    2026-05-23 03:14:18  DevID:MV-CS016-10UC(DA5555123)  Source-Line:libMvCameraControl.so(CInterfaceManager.cpp-L6315)     Description:CamCtrl RecvThread Start, ThreadId[-419441088]     Solution:
Info    2026-05-23 03:14:18  DevID:MV-CS016-10UC(DA5555123)  Source-Line:libMvCameraControl.so(CInterfaceManager.cpp-L6083)     Description:CamCtrl Display Thread Start, ThreadId[-427833792]     Solution:
Info    2026-05-23 03:14:18  DevID:MV-CS016-10UC(DA5555123)  Source-Line:libMvCameraControl.so(CInterfaceManager.cpp-L1795)     Description:There is no registration callback     Solution:
Info    2026-05-23 03:14:18  DevID:MV-CS016-10UC(DA5555123)  Source-Line:libMvCameraControl.so(CInterfaceManager.cpp-L1800)     Description:[MV_CC_StartGrabbing] return[0x0]     Solution:
Info    2026-05-23 03:14:27  DevID:MV-CS016-10UC(DA5555123)  Source-Line:libMvCameraControl.so(CInterfaceManager.cpp-L1888)     Description:[StopGrabbing] return[0x0]     Solution:
Info    2026-05-23 03:14:27  DevID:MV-CS016-10UC(DA5555123)  Source-Line:libMvCameraControl.so(CInterfaceManager.cpp-L6545)     Description:RecvThread Process Exit     Solution:
Info    2026-05-23 03:14:27  DevID:MV-CS016-10UC(DA5555123)  Source-Line:libMvCameraControl.so(CInterfaceManager.cpp-L6299)     Description:Display process exit     Solution:
Info    2026-05-23 03:14:28  DevID:MV-CS016-10UC(DA5555123)  Source-Line:libMvCameraControl.so(CInterfaceManager.cpp-L1166)     Description:[CloseDevice] return[0x0]     Solution:
Info    2026-05-23 03:15:02  DevID:MV-CS016-10UC(DA5555123)  Source-Line:libMvCameraControl.so(CInterfaceManager.cpp-L0809)     Description:Current dynamic library path[/home/whiteink/RM_PKA_Sentry_RMUC/install/rm_hik_camera_driver/lib/libMvCameraControl.so]     Solution:
Info    2026-05-23 03:15:02  DevID:MV-CS016-10UC(DA5555123)  Source-Line:libMvCameraControl.so(CInterfaceManager.cpp-L0812)     Description:CamCtl_Version: 3.2.1.0     Solution:
Info    2026-05-23 03:15:02  DevID:MV-CS016-10UC(DA5555123)  Source-Line:libMvCameraControl.so(CInterfaceManager.cpp-L0813)     Description:CamCtl_Description: BaseLine Build 20211203     Solution:
Info    2026-05-23 03:15:02  DevID:MV-CS016-10UC(DA5555123)  Source-Line:libMvCameraControl.so(CInterfaceManager.cpp-L0815)     Description:[MV_CC_CreateHandle] return[0x0]     Solution:
Info    2026-05-23 03:15:02  DevID:MV-CS016-10UC(DA5555123)  Source-Line:libMvCameraControl.so(CInterfaceManager.cpp-L6710)     Description:CamCtrl[0x3020100], U3V SDKVersion[0x3020100], DriverVersion[0x0]     Solution:
Info    2026-05-23 03:15:03  DevID:MV-CS016-10UC(DA5555123)  Source-Line:libMvCameraControl.so(CInterfaceManager.cpp-L4236)     Description:[MV_CC_InvalidateNodes] return[0x0]     Solution:
Info    2026-05-23 03:15:03  DevID:MV-CS016-10UC(DA5555123)  Source-Line:libMvCameraControl.so(CInterfaceManager.cpp-L1086)     Description:[MV_CC_OpenDevice] nPrivilegeMode[1], nSwitchoverKey[0], return[0x0]     Solution:
Info    2026-05-23 03:15:03  DevID:MV-CS016-10UC(DA5555123)  Source-Line:libMvCameraControl.so(CInterfaceManager.cpp-L3684)     Description:[MV_CC_GetImageInfo] return[0x0]     Solution:
Info    2026-05-23 03:15:03  DevID:MV-CS016-10UC(DA5555123)  Source-Line:libMvCameraControl.so(CInterfaceManager.cpp-L1703)     Description:U3V, DeviceModelName[MV-CS016-10UC], DeviceFirmwareVersion[V2.1.4 2309271116552 23092502], DeviceMaxThroughput[387500]     Solution:
Info    2026-05-23 03:15:03  DevID:MV-CS016-10UC(DA5555123)  Source-Line:libMvCameraControl.so(CInterfaceManager.cpp-L1708)     Description:U3V, Width[1440], Height[1080], OffsetX[0], OffsetY[0], PixelFormat[0x1080009], AcquisitionMode[2]     Solution:
Info    2026-05-23 03:15:03  DevID:MV-CS016-10UC(DA5555123)  Source-Line:libMvCameraControl.so(CInterfaceManager.cpp-L1713)     Description:U3V, TriggerMode[0], ResultingFrameRate[165.52], ExposureTime[1000.00], ExposureAuto[0], PayloadSize[1555200]     Solution:
Info    2026-05-23 03:15:03  DevID:MV-CS016-10UC(DA5555123)  Source-Line:libMvCameraControl.so(CInterfaceManager.cpp-L6315)     Description:CamCtrl RecvThread Start, ThreadId[-1694509504]     Solution:
Info    2026-05-23 03:15:03  DevID:MV-CS016-10UC(DA5555123)  Source-Line:libMvCameraControl.so(CInterfaceManager.cpp-L6083)     Description:CamCtrl Display Thread Start, ThreadId[-1702902208]     Solution:
Info    2026-05-23 03:15:03  DevID:MV-CS016-10UC(DA5555123)  Source-Line:libMvCameraControl.so(CInterfaceManager.cpp-L1795)     Description:There is no registration callback     Solution:
Info    2026-05-23 03:15:03  DevID:MV-CS016-10UC(DA5555123)  Source-Line:libMvCameraControl.so(CInterfaceManager.cpp-L1800)     Description:[MV_CC_StartGrabbing] return[0x0]     Solution:
Info    2026-05-23 03:15:35  DevID:MV-CS016-10UC(DA5555123)  Source-Line:libMvCameraControl.so(CInterfaceManager.cpp-L1888)     Description:[StopGrabbing] return[0x0]     Solution:
Info    2026-05-23 03:15:35  DevID:MV-CS016-10UC(DA5555123)  Source-Line:libMvCameraControl.so(CInterfaceManager.cpp-L6299)     Description:Display process exit     Solution:
Info    2026-05-23 03:15:35  DevID:MV-CS016-10UC(DA5555123)  Source-Line:libMvCameraControl.so(CInterfaceManager.cpp-L6545)     Description:RecvThread Process Exit     Solution:
Info    2026-05-23 03:15:35  DevID:MV-CS016-10UC(DA5555123)  Source-Line:libMvCameraControl.so(CInterfaceManager.cpp-L1166)     Description:[CloseDevice] return[0x0]     Solution:
Info    2026-05-23 03:16:20  DevID:MV-CS016-10UC(DA5555123)  Source-Line:libMvCameraControl.so(CInterfaceManager.cpp-L0809)     Description:Current dynamic library path[/home/whiteink/RM_PKA_Sentry_RMUC/install/rm_hik_camera_driver/lib/libMvCameraControl.so]     Solution:
Info    2026-05-23 03:16:20  DevID:MV-CS016-10UC(DA5555123)  Source-Line:libMvCameraControl.so(CInterfaceManager.cpp-L0812)     Description:CamCtl_Version: 3.2.1.0     Solution:
Info    2026-05-23 03:16:20  DevID:MV-CS016-10UC(DA5555123)  Source-Line:libMvCameraControl.so(CInterfaceManager.cpp-L0813)     Description:CamCtl_Description: BaseLine Build 20211203     Solution:
Info    2026-05-23 03:16:20  DevID:MV-CS016-10UC(DA5555123)  Source-Line:libMvCameraControl.so(CInterfaceManager.cpp-L0815)     Description:[MV_CC_CreateHandle] return[0x0]     Solution:
Info    2026-05-23 03:16:20  DevID:MV-CS016-10UC(DA5555123)  Source-Line:libMvCameraControl.so(CInterfaceManager.cpp-L6710)     Description:CamCtrl[0x3020100], U3V SDKVersion[0x3020100], DriverVersion[0x0]     Solution:
Info    2026-05-23 03:16:21  DevID:MV-CS016-10UC(DA5555123)  Source-Line:libMvCameraControl.so(CInterfaceManager.cpp-L4236)     Description:[MV_CC_InvalidateNodes] return[0x0]     Solution:
Info    2026-05-23 03:16:21  DevID:MV-CS016-10UC(DA5555123)  Source-Line:libMvCameraControl.so(CInterfaceManager.cpp-L1086)     Description:[MV_CC_OpenDevice] nPrivilegeMode[1], nSwitchoverKey[0], return[0x0]     Solution:
Info    2026-05-23 03:16:21  DevID:MV-CS016-10UC(DA5555123)  Source-Line:libMvCameraControl.so(CInterfaceManager.cpp-L3684)     Description:[MV_CC_GetImageInfo] return[0x0]     Solution:
Info    2026-05-23 03:16:21  DevID:MV-CS016-10UC(DA5555123)  Source-Line:libMvCameraControl.so(CInterfaceManager.cpp-L1703)     Description:U3V, DeviceModelName[MV-CS016-10UC], DeviceFirmwareVersion[V2.1.4 2309271116552 23092502], DeviceMaxThroughput[387500]     Solution:
Info    2026-05-23 03:16:21  DevID:MV-CS016-10UC(DA5555123)  Source-Line:libMvCameraControl.so(CInterfaceManager.cpp-L1708)     Description:U3V, Width[1440], Height[1080], OffsetX[0], OffsetY[0], PixelFormat[0x1080009], AcquisitionMode[2]     Solution:
Info    2026-05-23 03:16:21  DevID:MV-CS016-10UC(DA5555123)  Source-Line:libMvCameraControl.so(CInterfaceManager.cpp-L1713)     Description:U3V, TriggerMode[0], ResultingFrameRate[165.52], ExposureTime[1000.00], ExposureAuto[0], PayloadSize[1555200]     Solution:
Info    2026-05-23 03:16:21  DevID:MV-CS016-10UC(DA5555123)  Source-Line:libMvCameraControl.so(CInterfaceManager.cpp-L6315)     Description:CamCtrl RecvThread Start, ThreadId[1660933696]     Solution:
Info    2026-05-23 03:16:21  DevID:MV-CS016-10UC(DA5555123)  Source-Line:libMvCameraControl.so(CInterfaceManager.cpp-L6083)     Description:CamCtrl Display Thread Start, ThreadId[1652540992]     Solution:
Info    2026-05-23 03:16:21  DevID:MV-CS016-10UC(DA5555123)  Source-Line:libMvCameraControl.so(CInterfaceManager.cpp-L1795)     Description:There is no registration callback     Solution:
Info    2026-05-23 03:16:21  DevID:MV-CS016-10UC(DA5555123)  Source-Line:libMvCameraControl.so(CInterfaceManager.cpp-L1800)     Description:[MV_CC_StartGrabbing] return[0x0]     Solution:
Info    2026-05-23 03:16:39  DevID:MV-CS016-10UC(DA5555123)  Source-Line:libMvCameraControl.so(CInterfaceManager.cpp-L1888)     Description:[StopGrabbing] return[0x0]     Solution:
Info    2026-05-23 03:16:39  DevID:MV-CS016-10UC(DA5555123)  Source-Line:libMvCameraControl.so(CInterfaceManager.cpp-L6545)     Description:RecvThread Process Exit     Solution:
Info    2026-05-23 03:16:39  DevID:MV-CS016-10UC(DA5555123)  Source-Line:libMvCameraControl.so(CInterfaceManager.cpp-L6299)     Description:Display process exit     Solution:
Info    2026-05-23 03:16:40  DevID:MV-CS016-10UC(DA5555123)  Source-Line:libMvCameraControl.so(CInterfaceManager.cpp-L1166)     Description:[CloseDevice] return[0x0]     Solution:
Info    2026-05-23 03:21:14  DevID:MV-CS016-10UC(DA5555123)  Source-Line:libMvCameraControl.so(CInterfaceManager.cpp-L0809)     Description:Current dynamic library path[/home/whiteink/RM_PKA_Sentry_RMUC/install/rm_hik_camera_driver/lib/libMvCameraControl.so]     Solution:
Info    2026-05-23 03:21:14  DevID:MV-CS016-10UC(DA5555123)  Source-Line:libMvCameraControl.so(CInterfaceManager.cpp-L0812)     Description:CamCtl_Version: 3.2.1.0     Solution:
Info    2026-05-23 03:21:14  DevID:MV-CS016-10UC(DA5555123)  Source-Line:libMvCameraControl.so(CInterfaceManager.cpp-L0813)     Description:CamCtl_Description: BaseLine Build 20211203     Solution:
Info    2026-05-23 03:21:14  DevID:MV-CS016-10UC(DA5555123)  Source-Line:libMvCameraControl.so(CInterfaceManager.cpp-L0815)     Description:[MV_CC_CreateHandle] return[0x0]     Solution:
Info    2026-05-23 03:21:14  DevID:MV-CS016-10UC(DA5555123)  Source-Line:libMvCameraControl.so(CInterfaceManager.cpp-L6710)     Description:CamCtrl[0x3020100], U3V SDKVersion[0x3020100], DriverVersion[0x0]     Solution:
Info    2026-05-23 03:21:14  DevID:MV-CS016-10UC(DA5555123)  Source-Line:libMvCameraControl.so(CInterfaceManager.cpp-L4236)     Description:[MV_CC_InvalidateNodes] return[0x0]     Solution:
Info    2026-05-23 03:21:14  DevID:MV-CS016-10UC(DA5555123)  Source-Line:libMvCameraControl.so(CInterfaceManager.cpp-L1086)     Description:[MV_CC_OpenDevice] nPrivilegeMode[1], nSwitchoverKey[0], return[0x0]     Solution:
Info    2026-05-23 03:21:14  DevID:MV-CS016-10UC(DA5555123)  Source-Line:libMvCameraControl.so(CInterfaceManager.cpp-L3684)     Description:[MV_CC_GetImageInfo] return[0x0]     Solution:
Info    2026-05-23 03:21:14  DevID:MV-CS016-10UC(DA5555123)  Source-Line:libMvCameraControl.so(CInterfaceManager.cpp-L1703)     Description:U3V, DeviceModelName[MV-CS016-10UC], DeviceFirmwareVersion[V2.1.4 2309271116552 23092502], DeviceMaxThroughput[387500]     Solution:
Info    2026-05-23 03:21:14  DevID:MV-CS016-10UC(DA5555123)  Source-Line:libMvCameraControl.so(CInterfaceManager.cpp-L1708)     Description:U3V, Width[1440], Height[1080], OffsetX[0], OffsetY[0], PixelFormat[0x1080009], AcquisitionMode[2]     Solution:
Info    2026-05-23 03:21:14  DevID:MV-CS016-10UC(DA5555123)  Source-Line:libMvCameraControl.so(CInterfaceManager.cpp-L1713)     Description:U3V, TriggerMode[0], ResultingFrameRate[165.52], ExposureTime[1000.00], ExposureAuto[0], PayloadSize[1555200]     Solution:
Info    2026-05-23 03:21:14  DevID:MV-CS016-10UC(DA5555123)  Source-Line:libMvCameraControl.so(CInterfaceManager.cpp-L6315)     Description:CamCtrl RecvThread Start, ThreadId[887686720]     Solution:
Info    2026-05-23 03:21:14  DevID:MV-CS016-10UC(DA5555123)  Source-Line:libMvCameraControl.so(CInterfaceManager.cpp-L6083)     Description:CamCtrl Display Thread Start, ThreadId[603977280]     Solution:
Info    2026-05-23 03:21:14  DevID:MV-CS016-10UC(DA5555123)  Source-Line:libMvCameraControl.so(CInterfaceManager.cpp-L1795)     Description:There is no registration callback     Solution:
Info    2026-05-23 03:21:14  DevID:MV-CS016-10UC(DA5555123)  Source-Line:libMvCameraControl.so(CInterfaceManager.cpp-L1800)     Description:[MV_CC_StartGrabbing] return[0x0]     Solution:
Info    2026-05-23 03:21:37  DevID:MV-CS016-10UC(DA5555123)  Source-Line:libMvCameraControl.so(CInterfaceManager.cpp-L1888)     Description:[StopGrabbing] return[0x0]     Solution:
Info    2026-05-23 03:21:37  DevID:MV-CS016-10UC(DA5555123)  Source-Line:libMvCameraControl.so(CInterfaceManager.cpp-L6299)     Description:Display process exit     Solution:
Info    2026-05-23 03:21:37  DevID:MV-CS016-10UC(DA5555123)  Source-Line:libMvCameraControl.so(CInterfaceManager.cpp-L6545)     Description:RecvThread Process Exit     Solution:
Info    2026-05-23 03:21:39  DevID:MV-CS016-10UC(DA5555123)  Source-Line:libMvCameraControl.so(CInterfaceManager.cpp-L1166)     Description:[CloseDevice] return[0x0]     Solution:
Info    2026-05-23 03:21:51  DevID:MV-CS016-10UC(DA5555123)  Source-Line:libMvCameraControl.so(CInterfaceManager.cpp-L0809)     Description:Current dynamic library path[/home/whiteink/RM_PKA_Sentry_RMUC/install/rm_hik_camera_driver/lib/libMvCameraControl.so]     Solution:
Info    2026-05-23 03:21:51  DevID:MV-CS016-10UC(DA5555123)  Source-Line:libMvCameraControl.so(CInterfaceManager.cpp-L0812)     Description:CamCtl_Version: 3.2.1.0     Solution:
Info    2026-05-23 03:21:51  DevID:MV-CS016-10UC(DA5555123)  Source-Line:libMvCameraControl.so(CInterfaceManager.cpp-L0813)     Description:CamCtl_Description: BaseLine Build 20211203     Solution:
Info    2026-05-23 03:21:51  DevID:MV-CS016-10UC(DA5555123)  Source-Line:libMvCameraControl.so(CInterfaceManager.cpp-L0815)     Description:[MV_CC_CreateHandle] return[0x0]     Solution:
Info    2026-05-23 03:21:51  DevID:MV-CS016-10UC(DA5555123)  Source-Line:libMvCameraControl.so(CInterfaceManager.cpp-L6710)     Description:CamCtrl[0x3020100], U3V SDKVersion[0x3020100], DriverVersion[0x0]     Solution:
Info    2026-05-23 03:21:51  DevID:MV-CS016-10UC(DA5555123)  Source-Line:libMvCameraControl.so(CInterfaceManager.cpp-L4236)     Description:[MV_CC_InvalidateNodes] return[0x0]     Solution:
Info    2026-05-23 03:21:51  DevID:MV-CS016-10UC(DA5555123)  Source-Line:libMvCameraControl.so(CInterfaceManager.cpp-L1086)     Description:[MV_CC_OpenDevice] nPrivilegeMode[1], nSwitchoverKey[0], return[0x0]     Solution:
Info    2026-05-23 03:21:51  DevID:MV-CS016-10UC(DA5555123)  Source-Line:libMvCameraControl.so(CInterfaceManager.cpp-L3684)     Description:[MV_CC_GetImageInfo] return[0x0]     Solution:
Info    2026-05-23 03:21:51  DevID:MV-CS016-10UC(DA5555123)  Source-Line:libMvCameraControl.so(CInterfaceManager.cpp-L1703)     Description:U3V, DeviceModelName[MV-CS016-10UC], DeviceFirmwareVersion[V2.1.4 2309271116552 23092502], DeviceMaxThroughput[387500]     Solution:
Info    2026-05-23 03:21:51  DevID:MV-CS016-10UC(DA5555123)  Source-Line:libMvCameraControl.so(CInterfaceManager.cpp-L1708)     Description:U3V, Width[1440], Height[1080], OffsetX[0], OffsetY[0], PixelFormat[0x1080009], AcquisitionMode[2]     Solution:
Info    2026-05-23 03:21:51  DevID:MV-CS016-10UC(DA5555123)  Source-Line:libMvCameraControl.so(CInterfaceManager.cpp-L1713)     Description:U3V, TriggerMode[0], ResultingFrameRate[165.52], ExposureTime[1000.00], ExposureAuto[0], PayloadSize[1555200]     Solution:
Info    2026-05-23 03:21:51  DevID:MV-CS016-10UC(DA5555123)  Source-Line:libMvCameraControl.so(CInterfaceManager.cpp-L6315)     Description:CamCtrl RecvThread Start, ThreadId[-738200000]     Solution:
Info    2026-05-23 03:21:51  DevID:MV-CS016-10UC(DA5555123)  Source-Line:libMvCameraControl.so(CInterfaceManager.cpp-L6083)     Description:CamCtrl Display Thread Start, ThreadId[-746592704]     Solution:
Info    2026-05-23 03:21:51  DevID:MV-CS016-10UC(DA5555123)  Source-Line:libMvCameraControl.so(CInterfaceManager.cpp-L1795)     Description:There is no registration callback     Solution:
Info    2026-05-23 03:21:51  DevID:MV-CS016-10UC(DA5555123)  Source-Line:libMvCameraControl.so(CInterfaceManager.cpp-L1800)     Description:[MV_CC_StartGrabbing] return[0x0]     Solution:
Info    2026-05-23 03:21:59  DevID:MV-CS016-10UC(DA5555123)  Source-Line:libMvCameraControl.so(CInterfaceManager.cpp-L1888)     Description:[StopGrabbing] return[0x0]     Solution:
Info    2026-05-23 03:22:00  DevID:MV-CS016-10UC(DA5555123)  Source-Line:libMvCameraControl.so(CInterfaceManager.cpp-L6545)     Description:RecvThread Process Exit     Solution:
Info    2026-05-23 03:22:00  DevID:MV-CS016-10UC(DA5555123)  Source-Line:libMvCameraControl.so(CInterfaceManager.cpp-L6299)     Description:Display process exit     Solution:
Info    2026-05-23 03:22:01  DevID:MV-CS016-10UC(DA5555123)  Source-Line:libMvCameraControl.so(CInterfaceManager.cpp-L1166)     Description:[CloseDevice] return[0x0]     Solution:
Info    2026-05-23 03:22:57  DevID:MV-CS016-10UC(DA5555123)  Source-Line:libMvCameraControl.so(CInterfaceManager.cpp-L0809)     Description:Current dynamic library path[/home/whiteink/RM_PKA_Sentry_RMUC/install/rm_hik_camera_driver/lib/libMvCameraControl.so]     Solution:
Info    2026-05-23 03:22:57  DevID:MV-CS016-10UC(DA5555123)  Source-Line:libMvCameraControl.so(CInterfaceManager.cpp-L0812)     Description:CamCtl_Version: 3.2.1.0     Solution:
Info    2026-05-23 03:22:57  DevID:MV-CS016-10UC(DA5555123)  Source-Line:libMvCameraControl.so(CInterfaceManager.cpp-L0813)     Description:CamCtl_Description: BaseLine Build 20211203     Solution:
Info    2026-05-23 03:22:57  DevID:MV-CS016-10UC(DA5555123)  Source-Line:libMvCameraControl.so(CInterfaceManager.cpp-L0815)     Description:[MV_CC_CreateHandle] return[0x0]     Solution:
Info    2026-05-23 03:22:57  DevID:MV-CS016-10UC(DA5555123)  Source-Line:libMvCameraControl.so(CInterfaceManager.cpp-L6710)     Description:CamCtrl[0x3020100], U3V SDKVersion[0x3020100], DriverVersion[0x0]     Solution:
Info    2026-05-23 03:22:58  DevID:MV-CS016-10UC(DA5555123)  Source-Line:libMvCameraControl.so(CInterfaceManager.cpp-L4236)     Description:[MV_CC_InvalidateNodes] return[0x0]     Solution:
Info    2026-05-23 03:22:58  DevID:MV-CS016-10UC(DA5555123)  Source-Line:libMvCameraControl.so(CInterfaceManager.cpp-L1086)     Description:[MV_CC_OpenDevice] nPrivilegeMode[1], nSwitchoverKey[0], return[0x0]     Solution:
Info    2026-05-23 03:22:58  DevID:MV-CS016-10UC(DA5555123)  Source-Line:libMvCameraControl.so(CInterfaceManager.cpp-L3684)     Description:[MV_CC_GetImageInfo] return[0x0]     Solution:
Info    2026-05-23 03:22:58  DevID:MV-CS016-10UC(DA5555123)  Source-Line:libMvCameraControl.so(CInterfaceManager.cpp-L1703)     Description:U3V, DeviceModelName[MV-CS016-10UC], DeviceFirmwareVersion[V2.1.4 2309271116552 23092502], DeviceMaxThroughput[387500]     Solution:
Info    2026-05-23 03:22:58  DevID:MV-CS016-10UC(DA5555123)  Source-Line:libMvCameraControl.so(CInterfaceManager.cpp-L1708)     Description:U3V, Width[1440], Height[1080], OffsetX[0], OffsetY[0], PixelFormat[0x1080009], AcquisitionMode[2]     Solution:
Info    2026-05-23 03:22:58  DevID:MV-CS016-10UC(DA5555123)  Source-Line:libMvCameraControl.so(CInterfaceManager.cpp-L1713)     Description:U3V, TriggerMode[0], ResultingFrameRate[165.52], ExposureTime[1000.00], ExposureAuto[0], PayloadSize[1555200]     Solution:
Info    2026-05-23 03:22:58  DevID:MV-CS016-10UC(DA5555123)  Source-Line:libMvCameraControl.so(CInterfaceManager.cpp-L6315)     Description:CamCtrl RecvThread Start, ThreadId[2139088448]     Solution:
Info    2026-05-23 03:22:58  DevID:MV-CS016-10UC(DA5555123)  Source-Line:libMvCameraControl.so(CInterfaceManager.cpp-L6083)     Description:CamCtrl Display Thread Start, ThreadId[2130695744]     Solution:
Info    2026-05-23 03:22:58  DevID:MV-CS016-10UC(DA5555123)  Source-Line:libMvCameraControl.so(CInterfaceManager.cpp-L1795)     Description:There is no registration callback     Solution:
Info    2026-05-23 03:22:58  DevID:MV-CS016-10UC(DA5555123)  Source-Line:libMvCameraControl.so(CInterfaceManager.cpp-L1800)     Description:[MV_CC_StartGrabbing] return[0x0]     Solution:
Info    2026-05-23 03:23:04  DevID:MV-CS016-10UC(DA5555123)  Source-Line:libMvCameraControl.so(CInterfaceManager.cpp-L1888)     Description:[StopGrabbing] return[0x0]     Solution:
Info    2026-05-23 03:23:04  DevID:MV-CS016-10UC(DA5555123)  Source-Line:libMvCameraControl.so(CInterfaceManager.cpp-L6299)     Description:Display process exit     Solution:
Info    2026-05-23 03:23:04  DevID:MV-CS016-10UC(DA5555123)  Source-Line:libMvCameraControl.so(CInterfaceManager.cpp-L6545)     Description:RecvThread Process Exit     Solution:
Info    2026-05-23 03:23:05  DevID:MV-CS016-10UC(DA5555123)  Source-Line:libMvCameraControl.so(CInterfaceManager.cpp-L1166)     Description:[CloseDevice] return[0x0]     Solution:
Info    2026-05-23 03:24:37  DevID:MV-CS016-10UC(DA5555123)  Source-Line:libMvCameraControl.so(CInterfaceManager.cpp-L0809)     Description:Current dynamic library path[/home/whiteink/RM_PKA_Sentry_RMUC/install/rm_hik_camera_driver/lib/libMvCameraControl.so]     Solution:
Info    2026-05-23 03:24:37  DevID:MV-CS016-10UC(DA5555123)  Source-Line:libMvCameraControl.so(CInterfaceManager.cpp-L0812)     Description:CamCtl_Version: 3.2.1.0     Solution:
Info    2026-05-23 03:24:37  DevID:MV-CS016-10UC(DA5555123)  Source-Line:libMvCameraControl.so(CInterfaceManager.cpp-L0813)     Description:CamCtl_Description: BaseLine Build 20211203     Solution:
Info    2026-05-23 03:24:37  DevID:MV-CS016-10UC(DA5555123)  Source-Line:libMvCameraControl.so(CInterfaceManager.cpp-L0815)     Description:[MV_CC_CreateHandle] return[0x0]     Solution:
Info    2026-05-23 03:24:37  DevID:MV-CS016-10UC(DA5555123)  Source-Line:libMvCameraControl.so(CInterfaceManager.cpp-L6710)     Description:CamCtrl[0x3020100], U3V SDKVersion[0x3020100], DriverVersion[0x0]     Solution:
Info    2026-05-23 03:24:38  DevID:MV-CS016-10UC(DA5555123)  Source-Line:libMvCameraControl.so(CInterfaceManager.cpp-L4236)     Description:[MV_CC_InvalidateNodes] return[0x0]     Solution:
Info    2026-05-23 03:24:38  DevID:MV-CS016-10UC(DA5555123)  Source-Line:libMvCameraControl.so(CInterfaceManager.cpp-L1086)     Description:[MV_CC_OpenDevice] nPrivilegeMode[1], nSwitchoverKey[0], return[0x0]     Solution:
Info    2026-05-23 03:24:38  DevID:MV-CS016-10UC(DA5555123)  Source-Line:libMvCameraControl.so(CInterfaceManager.cpp-L3684)     Description:[MV_CC_GetImageInfo] return[0x0]     Solution:
Info    2026-05-23 03:24:38  DevID:MV-CS016-10UC(DA5555123)  Source-Line:libMvCameraControl.so(CInterfaceManager.cpp-L1703)     Description:U3V, DeviceModelName[MV-CS016-10UC], DeviceFirmwareVersion[V2.1.4 2309271116552 23092502], DeviceMaxThroughput[387500]     Solution:
Info    2026-05-23 03:24:38  DevID:MV-CS016-10UC(DA5555123)  Source-Line:libMvCameraControl.so(CInterfaceManager.cpp-L1708)     Description:U3V, Width[1440], Height[1080], OffsetX[0], OffsetY[0], PixelFormat[0x1080009], AcquisitionMode[2]     Solution:
Info    2026-05-23 03:24:38  DevID:MV-CS016-10UC(DA5555123)  Source-Line:libMvCameraControl.so(CInterfaceManager.cpp-L1713)     Description:U3V, TriggerMode[0], ResultingFrameRate[165.52], ExposureTime[1000.00], ExposureAuto[0], PayloadSize[1555200]     Solution:
Info    2026-05-23 03:24:38  DevID:MV-CS016-10UC(DA5555123)  Source-Line:libMvCameraControl.so(CInterfaceManager.cpp-L6315)     Description:CamCtrl RecvThread Start, ThreadId[-1686116800]     Solution:
Info    2026-05-23 03:24:38  DevID:MV-CS016-10UC(DA5555123)  Source-Line:libMvCameraControl.so(CInterfaceManager.cpp-L6083)     Description:CamCtrl Display Thread Start, ThreadId[-1694509504]     Solution:
Info    2026-05-23 03:24:38  DevID:MV-CS016-10UC(DA5555123)  Source-Line:libMvCameraControl.so(CInterfaceManager.cpp-L1795)     Description:There is no registration callback     Solution:
Info    2026-05-23 03:24:38  DevID:MV-CS016-10UC(DA5555123)  Source-Line:libMvCameraControl.so(CInterfaceManager.cpp-L1800)     Description:[MV_CC_StartGrabbing] return[0x0]     Solution:
Info    2026-05-23 03:24:53  DevID:MV-CS016-10UC(DA5555123)  Source-Line:libMvCameraControl.so(CInterfaceManager.cpp-L1888)     Description:[StopGrabbing] return[0x0]     Solution:
Info    2026-05-23 03:24:53  DevID:MV-CS016-10UC(DA5555123)  Source-Line:libMvCameraControl.so(CInterfaceManager.cpp-L6545)     Description:RecvThread Process Exit     Solution:
Info    2026-05-23 03:24:53  DevID:MV-CS016-10UC(DA5555123)  Source-Line:libMvCameraControl.so(CInterfaceManager.cpp-L6299)     Description:Display process exit     Solution:
Info    2026-05-23 03:24:54  DevID:MV-CS016-10UC(DA5555123)  Source-Line:libMvCameraControl.so(CInterfaceManager.cpp-L1166)     Description:[CloseDevice] return[0x0]     Solution:
Info    2026-05-23 03:25:03  DevID:MV-CS016-10UC(DA5555123)  Source-Line:libMvCameraControl.so(CInterfaceManager.cpp-L0809)     Description:Current dynamic library path[/home/whiteink/RM_PKA_Sentry_RMUC/install/rm_hik_camera_driver/lib/libMvCameraControl.so]     Solution:
Info    2026-05-23 03:25:03  DevID:MV-CS016-10UC(DA5555123)  Source-Line:libMvCameraControl.so(CInterfaceManager.cpp-L0812)     Description:CamCtl_Version: 3.2.1.0     Solution:
Info    2026-05-23 03:25:03  DevID:MV-CS016-10UC(DA5555123)  Source-Line:libMvCameraControl.so(CInterfaceManager.cpp-L0813)     Description:CamCtl_Description: BaseLine Build 20211203     Solution:
Info    2026-05-23 03:25:03  DevID:MV-CS016-10UC(DA5555123)  Source-Line:libMvCameraControl.so(CInterfaceManager.cpp-L0815)     Description:[MV_CC_CreateHandle] return[0x0]     Solution:
Info    2026-05-23 03:25:03  DevID:MV-CS016-10UC(DA5555123)  Source-Line:libMvCameraControl.so(CInterfaceManager.cpp-L6710)     Description:CamCtrl[0x3020100], U3V SDKVersion[0x3020100], DriverVersion[0x0]     Solution:
Info    2026-05-23 03:25:04  DevID:MV-CS016-10UC(DA5555123)  Source-Line:libMvCameraControl.so(CInterfaceManager.cpp-L4236)     Description:[MV_CC_InvalidateNodes] return[0x0]     Solution:
Info    2026-05-23 03:25:04  DevID:MV-CS016-10UC(DA5555123)  Source-Line:libMvCameraControl.so(CInterfaceManager.cpp-L1086)     Description:[MV_CC_OpenDevice] nPrivilegeMode[1], nSwitchoverKey[0], return[0x0]     Solution:
Info    2026-05-23 03:25:04  DevID:MV-CS016-10UC(DA5555123)  Source-Line:libMvCameraControl.so(CInterfaceManager.cpp-L3684)     Description:[MV_CC_GetImageInfo] return[0x0]     Solution:
Info    2026-05-23 03:25:04  DevID:MV-CS016-10UC(DA5555123)  Source-Line:libMvCameraControl.so(CInterfaceManager.cpp-L1703)     Description:U3V, DeviceModelName[MV-CS016-10UC], DeviceFirmwareVersion[V2.1.4 2309271116552 23092502], DeviceMaxThroughput[387500]     Solution:
Info    2026-05-23 03:25:04  DevID:MV-CS016-10UC(DA5555123)  Source-Line:libMvCameraControl.so(CInterfaceManager.cpp-L1708)     Description:U3V, Width[1440], Height[1080], OffsetX[0], OffsetY[0], PixelFormat[0x1080009], AcquisitionMode[2]     Solution:
Info    2026-05-23 03:25:04  DevID:MV-CS016-10UC(DA5555123)  Source-Line:libMvCameraControl.so(CInterfaceManager.cpp-L1713)     Description:U3V, TriggerMode[0], ResultingFrameRate[165.52], ExposureTime[1000.00], ExposureAuto[0], PayloadSize[1555200]     Solution:
Info    2026-05-23 03:25:04  DevID:MV-CS016-10UC(DA5555123)  Source-Line:libMvCameraControl.so(CInterfaceManager.cpp-L6315)     Description:CamCtrl RecvThread Start, ThreadId[-584399296]     Solution:
Info    2026-05-23 03:25:04  DevID:MV-CS016-10UC(DA5555123)  Source-Line:libMvCameraControl.so(CInterfaceManager.cpp-L6083)     Description:CamCtrl Display Thread Start, ThreadId[-592792000]     Solution:
Info    2026-05-23 03:25:04  DevID:MV-CS016-10UC(DA5555123)  Source-Line:libMvCameraControl.so(CInterfaceManager.cpp-L1795)     Description:There is no registration callback     Solution:
Info    2026-05-23 03:25:04  DevID:MV-CS016-10UC(DA5555123)  Source-Line:libMvCameraControl.so(CInterfaceManager.cpp-L1800)     Description:[MV_CC_StartGrabbing] return[0x0]     Solution:
Info    2026-05-23 03:25:07  DevID:MV-CS016-10UC(DA5555123)  Source-Line:libMvCameraControl.so(CInterfaceManager.cpp-L1888)     Description:[StopGrabbing] return[0x0]     Solution:
Info    2026-05-23 03:25:07  DevID:MV-CS016-10UC(DA5555123)  Source-Line:libMvCameraControl.so(CInterfaceManager.cpp-L6545)     Description:RecvThread Process Exit     Solution:
Info    2026-05-23 03:25:07  DevID:MV-CS016-10UC(DA5555123)  Source-Line:libMvCameraControl.so(CInterfaceManager.cpp-L6299)     Description:Display process exit     Solution:
Info    2026-05-23 03:25:09  DevID:MV-CS016-10UC(DA5555123)  Source-Line:libMvCameraControl.so(CInterfaceManager.cpp-L1166)     Description:[CloseDevice] return[0x0]     Solution:
Info    2026-05-23 03:25:32  DevID:MV-CS016-10UC(DA5555123)  Source-Line:libMvCameraControl.so(CInterfaceManager.cpp-L0809)     Description:Current dynamic library path[/home/whiteink/RM_PKA_Sentry_RMUC/install/rm_hik_camera_driver/lib/libMvCameraControl.so]     Solution:
Info    2026-05-23 03:25:32  DevID:MV-CS016-10UC(DA5555123)  Source-Line:libMvCameraControl.so(CInterfaceManager.cpp-L0812)     Description:CamCtl_Version: 3.2.1.0     Solution:
Info    2026-05-23 03:25:32  DevID:MV-CS016-10UC(DA5555123)  Source-Line:libMvCameraControl.so(CInterfaceManager.cpp-L0813)     Description:CamCtl_Description: BaseLine Build 20211203     Solution:
Info    2026-05-23 03:25:32  DevID:MV-CS016-10UC(DA5555123)  Source-Line:libMvCameraControl.so(CInterfaceManager.cpp-L0815)     Description:[MV_CC_CreateHandle] return[0x0]     Solution:
Info    2026-05-23 03:25:32  DevID:MV-CS016-10UC(DA5555123)  Source-Line:libMvCameraControl.so(CInterfaceManager.cpp-L6710)     Description:CamCtrl[0x3020100], U3V SDKVersion[0x3020100], DriverVersion[0x0]     Solution:
Info    2026-05-23 03:25:33  DevID:MV-CS016-10UC(DA5555123)  Source-Line:libMvCameraControl.so(CInterfaceManager.cpp-L4236)     Description:[MV_CC_InvalidateNodes] return[0x0]     Solution:
Info    2026-05-23 03:25:33  DevID:MV-CS016-10UC(DA5555123)  Source-Line:libMvCameraControl.so(CInterfaceManager.cpp-L1086)     Description:[MV_CC_OpenDevice] nPrivilegeMode[1], nSwitchoverKey[0], return[0x0]     Solution:
Info    2026-05-23 03:25:33  DevID:MV-CS016-10UC(DA5555123)  Source-Line:libMvCameraControl.so(CInterfaceManager.cpp-L3684)     Description:[MV_CC_GetImageInfo] return[0x0]     Solution:
Info    2026-05-23 03:25:33  DevID:MV-CS016-10UC(DA5555123)  Source-Line:libMvCameraControl.so(CInterfaceManager.cpp-L1703)     Description:U3V, DeviceModelName[MV-CS016-10UC], DeviceFirmwareVersion[V2.1.4 2309271116552 23092502], DeviceMaxThroughput[387500]     Solution:
Info    2026-05-23 03:25:33  DevID:MV-CS016-10UC(DA5555123)  Source-Line:libMvCameraControl.so(CInterfaceManager.cpp-L1708)     Description:U3V, Width[1440], Height[1080], OffsetX[0], OffsetY[0], PixelFormat[0x1080009], AcquisitionMode[2]     Solution:
Info    2026-05-23 03:25:33  DevID:MV-CS016-10UC(DA5555123)  Source-Line:libMvCameraControl.so(CInterfaceManager.cpp-L1713)     Description:U3V, TriggerMode[0], ResultingFrameRate[165.52], ExposureTime[1000.00], ExposureAuto[0], PayloadSize[1555200]     Solution:
Info    2026-05-23 03:25:33  DevID:MV-CS016-10UC(DA5555123)  Source-Line:libMvCameraControl.so(CInterfaceManager.cpp-L6315)     Description:CamCtrl RecvThread Start, ThreadId[-556779968]     Solution:
Info    2026-05-23 03:25:33  DevID:MV-CS016-10UC(DA5555123)  Source-Line:libMvCameraControl.so(CInterfaceManager.cpp-L6083)     Description:CamCtrl Display Thread Start, ThreadId[-565172672]     Solution:
Info    2026-05-23 03:25:33  DevID:MV-CS016-10UC(DA5555123)  Source-Line:libMvCameraControl.so(CInterfaceManager.cpp-L1795)     Description:There is no registration callback     Solution:
Info    2026-05-23 03:25:33  DevID:MV-CS016-10UC(DA5555123)  Source-Line:libMvCameraControl.so(CInterfaceManager.cpp-L1800)     Description:[MV_CC_StartGrabbing] return[0x0]     Solution:
Info    2026-05-23 03:25:46  DevID:MV-CS016-10UC(DA5555123)  Source-Line:libMvCameraControl.so(CInterfaceManager.cpp-L1888)     Description:[StopGrabbing] return[0x0]     Solution:
Info    2026-05-23 03:25:46  DevID:MV-CS016-10UC(DA5555123)  Source-Line:libMvCameraControl.so(CInterfaceManager.cpp-L6545)     Description:RecvThread Process Exit     Solution:
Info    2026-05-23 03:25:46  DevID:MV-CS016-10UC(DA5555123)  Source-Line:libMvCameraControl.so(CInterfaceManager.cpp-L6299)     Description:Display process exit     Solution:
Info    2026-05-23 03:25:47  DevID:MV-CS016-10UC(DA5555123)  Source-Line:libMvCameraControl.so(CInterfaceManager.cpp-L1166)     Description:[CloseDevice] return[0x0]     Solution:
Info    2026-05-23 03:26:01  DevID:MV-CS016-10UC(DA5555123)  Source-Line:libMvCameraControl.so(CInterfaceManager.cpp-L0809)     Description:Current dynamic library path[/home/whiteink/RM_PKA_Sentry_RMUC/install/rm_hik_camera_driver/lib/libMvCameraControl.so]     Solution:
Info    2026-05-23 03:26:01  DevID:MV-CS016-10UC(DA5555123)  Source-Line:libMvCameraControl.so(CInterfaceManager.cpp-L0812)     Description:CamCtl_Version: 3.2.1.0     Solution:
Info    2026-05-23 03:26:01  DevID:MV-CS016-10UC(DA5555123)  Source-Line:libMvCameraControl.so(CInterfaceManager.cpp-L0813)     Description:CamCtl_Description: BaseLine Build 20211203     Solution:
Info    2026-05-23 03:26:01  DevID:MV-CS016-10UC(DA5555123)  Source-Line:libMvCameraControl.so(CInterfaceManager.cpp-L0815)     Description:[MV_CC_CreateHandle] return[0x0]     Solution:
Info    2026-05-23 03:26:01  DevID:MV-CS016-10UC(DA5555123)  Source-Line:libMvCameraControl.so(CInterfaceManager.cpp-L6710)     Description:CamCtrl[0x3020100], U3V SDKVersion[0x3020100], DriverVersion[0x0]     Solution:
Info    2026-05-23 03:26:01  DevID:MV-CS016-10UC(DA5555123)  Source-Line:libMvCameraControl.so(CInterfaceManager.cpp-L4236)     Description:[MV_CC_InvalidateNodes] return[0x0]     Solution:
Info    2026-05-23 03:26:01  DevID:MV-CS016-10UC(DA5555123)  Source-Line:libMvCameraControl.so(CInterfaceManager.cpp-L1086)     Description:[MV_CC_OpenDevice] nPrivilegeMode[1], nSwitchoverKey[0], return[0x0]     Solution:
Info    2026-05-23 03:26:01  DevID:MV-CS016-10UC(DA5555123)  Source-Line:libMvCameraControl.so(CInterfaceManager.cpp-L3684)     Description:[MV_CC_GetImageInfo] return[0x0]     Solution:
Info    2026-05-23 03:26:01  DevID:MV-CS016-10UC(DA5555123)  Source-Line:libMvCameraControl.so(CInterfaceManager.cpp-L1703)     Description:U3V, DeviceModelName[MV-CS016-10UC], DeviceFirmwareVersion[V2.1.4 2309271116552 23092502], DeviceMaxThroughput[387500]     Solution:
Info    2026-05-23 03:26:01  DevID:MV-CS016-10UC(DA5555123)  Source-Line:libMvCameraControl.so(CInterfaceManager.cpp-L1708)     Description:U3V, Width[1440], Height[1080], OffsetX[0], OffsetY[0], PixelFormat[0x1080009], AcquisitionMode[2]     Solution:
Info    2026-05-23 03:26:01  DevID:MV-CS016-10UC(DA5555123)  Source-Line:libMvCameraControl.so(CInterfaceManager.cpp-L1713)     Description:U3V, TriggerMode[0], ResultingFrameRate[165.52], ExposureTime[1000.00], ExposureAuto[0], PayloadSize[1555200]     Solution:
Info    2026-05-23 03:26:01  DevID:MV-CS016-10UC(DA5555123)  Source-Line:libMvCameraControl.so(CInterfaceManager.cpp-L6315)     Description:CamCtrl RecvThread Start, ThreadId[1982432832]     Solution:
Info    2026-05-23 03:26:01  DevID:MV-CS016-10UC(DA5555123)  Source-Line:libMvCameraControl.so(CInterfaceManager.cpp-L6083)     Description:CamCtrl Display Thread Start, ThreadId[1974040128]     Solution:
Info    2026-05-23 03:26:01  DevID:MV-CS016-10UC(DA5555123)  Source-Line:libMvCameraControl.so(CInterfaceManager.cpp-L1795)     Description:There is no registration callback     Solution:
Info    2026-05-23 03:26:01  DevID:MV-CS016-10UC(DA5555123)  Source-Line:libMvCameraControl.so(CInterfaceManager.cpp-L1800)     Description:[MV_CC_StartGrabbing] return[0x0]     Solution:
Info    2026-05-23 03:26:10  DevID:MV-CS016-10UC(DA5555123)  Source-Line:libMvCameraControl.so(CInterfaceManager.cpp-L1888)     Description:[StopGrabbing] return[0x0]     Solution:
Info    2026-05-23 03:26:10  DevID:MV-CS016-10UC(DA5555123)  Source-Line:libMvCameraControl.so(CInterfaceManager.cpp-L6299)     Description:Display process exit     Solution:
Info    2026-05-23 03:26:10  DevID:MV-CS016-10UC(DA5555123)  Source-Line:libMvCameraControl.so(CInterfaceManager.cpp-L6545)     Description:RecvThread Process Exit     Solution:
Info    2026-05-23 03:26:12  DevID:MV-CS016-10UC(DA5555123)  Source-Line:libMvCameraControl.so(CInterfaceManager.cpp-L1166)     Description:[CloseDevice] return[0x0]     Solution:
Info    2026-05-23 03:27:05  DevID:MV-CS016-10UC(DA5555123)  Source-Line:libMvCameraControl.so(CInterfaceManager.cpp-L0809)     Description:Current dynamic library path[/home/whiteink/RM_PKA_Sentry_RMUC/install/rm_hik_camera_driver/lib/libMvCameraControl.so]     Solution:
Info    2026-05-23 03:27:05  DevID:MV-CS016-10UC(DA5555123)  Source-Line:libMvCameraControl.so(CInterfaceManager.cpp-L0812)     Description:CamCtl_Version: 3.2.1.0     Solution:
Info    2026-05-23 03:27:05  DevID:MV-CS016-10UC(DA5555123)  Source-Line:libMvCameraControl.so(CInterfaceManager.cpp-L0813)     Description:CamCtl_Description: BaseLine Build 20211203     Solution:
Info    2026-05-23 03:27:05  DevID:MV-CS016-10UC(DA5555123)  Source-Line:libMvCameraControl.so(CInterfaceManager.cpp-L0815)     Description:[MV_CC_CreateHandle] return[0x0]     Solution:
Info    2026-05-23 03:27:05  DevID:MV-CS016-10UC(DA5555123)  Source-Line:libMvCameraControl.so(CInterfaceManager.cpp-L6710)     Description:CamCtrl[0x3020100], U3V SDKVersion[0x3020100], DriverVersion[0x0]     Solution:
Info    2026-05-23 03:27:05  DevID:MV-CS016-10UC(DA5555123)  Source-Line:libMvCameraControl.so(CInterfaceManager.cpp-L4236)     Description:[MV_CC_InvalidateNodes] return[0x0]     Solution:
Info    2026-05-23 03:27:05  DevID:MV-CS016-10UC(DA5555123)  Source-Line:libMvCameraControl.so(CInterfaceManager.cpp-L1086)     Description:[MV_CC_OpenDevice] nPrivilegeMode[1], nSwitchoverKey[0], return[0x0]     Solution:
Info    2026-05-23 03:27:05  DevID:MV-CS016-10UC(DA5555123)  Source-Line:libMvCameraControl.so(CInterfaceManager.cpp-L3684)     Description:[MV_CC_GetImageInfo] return[0x0]     Solution:
Info    2026-05-23 03:27:05  DevID:MV-CS016-10UC(DA5555123)  Source-Line:libMvCameraControl.so(CInterfaceManager.cpp-L1703)     Description:U3V, DeviceModelName[MV-CS016-10UC], DeviceFirmwareVersion[V2.1.4 2309271116552 23092502], DeviceMaxThroughput[387500]     Solution:
Info    2026-05-23 03:27:05  DevID:MV-CS016-10UC(DA5555123)  Source-Line:libMvCameraControl.so(CInterfaceManager.cpp-L1708)     Description:U3V, Width[1440], Height[1080], OffsetX[0], OffsetY[0], PixelFormat[0x1080009], AcquisitionMode[2]     Solution:
Info    2026-05-23 03:27:05  DevID:MV-CS016-10UC(DA5555123)  Source-Line:libMvCameraControl.so(CInterfaceManager.cpp-L1713)     Description:U3V, TriggerMode[0], ResultingFrameRate[165.52], ExposureTime[1000.00], ExposureAuto[0], PayloadSize[1555200]     Solution:
Info    2026-05-23 03:27:05  DevID:MV-CS016-10UC(DA5555123)  Source-Line:libMvCameraControl.so(CInterfaceManager.cpp-L6315)     Description:CamCtrl RecvThread Start, ThreadId[109626944]     Solution:
Info    2026-05-23 03:27:05  DevID:MV-CS016-10UC(DA5555123)  Source-Line:libMvCameraControl.so(CInterfaceManager.cpp-L6083)     Description:CamCtrl Display Thread Start, ThreadId[101234240]     Solution:
Info    2026-05-23 03:27:05  DevID:MV-CS016-10UC(DA5555123)  Source-Line:libMvCameraControl.so(CInterfaceManager.cpp-L1795)     Description:There is no registration callback     Solution:
Info    2026-05-23 03:27:05  DevID:MV-CS016-10UC(DA5555123)  Source-Line:libMvCameraControl.so(CInterfaceManager.cpp-L1800)     Description:[MV_CC_StartGrabbing] return[0x0]     Solution:
Info    2026-05-23 03:29:00  DevID:MV-CS016-10UC(DA5555123)  Source-Line:libMvCameraControl.so(CInterfaceManager.cpp-L1888)     Description:[StopGrabbing] return[0x0]     Solution:
Info    2026-05-23 03:29:00  DevID:MV-CS016-10UC(DA5555123)  Source-Line:libMvCameraControl.so(CInterfaceManager.cpp-L6299)     Description:Display process exit     Solution:
Info    2026-05-23 03:29:00  DevID:MV-CS016-10UC(DA5555123)  Source-Line:libMvCameraControl.so(CInterfaceManager.cpp-L6545)     Description:RecvThread Process Exit     Solution:
Info    2026-05-23 03:29:01  DevID:MV-CS016-10UC(DA5555123)  Source-Line:libMvCameraControl.so(CInterfaceManager.cpp-L1166)     Description:[CloseDevice] return[0x0]     Solution:
Info    2026-05-23 03:29:22  DevID:MV-CS016-10UC(DA5555123)  Source-Line:libMvCameraControl.so(CInterfaceManager.cpp-L0809)     Description:Current dynamic library path[/home/whiteink/RM_PKA_Sentry_RMUC/install/rm_hik_camera_driver/lib/libMvCameraControl.so]     Solution:
Info    2026-05-23 03:29:22  DevID:MV-CS016-10UC(DA5555123)  Source-Line:libMvCameraControl.so(CInterfaceManager.cpp-L0812)     Description:CamCtl_Version: 3.2.1.0     Solution:
Info    2026-05-23 03:29:22  DevID:MV-CS016-10UC(DA5555123)  Source-Line:libMvCameraControl.so(CInterfaceManager.cpp-L0813)     Description:CamCtl_Description: BaseLine Build 20211203     Solution:
Info    2026-05-23 03:29:22  DevID:MV-CS016-10UC(DA5555123)  Source-Line:libMvCameraControl.so(CInterfaceManager.cpp-L0815)     Description:[MV_CC_CreateHandle] return[0x0]     Solution:
Info    2026-05-23 03:29:22  DevID:MV-CS016-10UC(DA5555123)  Source-Line:libMvCameraControl.so(CInterfaceManager.cpp-L6710)     Description:CamCtrl[0x3020100], U3V SDKVersion[0x3020100], DriverVersion[0x0]     Solution:
Info    2026-05-23 03:29:23  DevID:MV-CS016-10UC(DA5555123)  Source-Line:libMvCameraControl.so(CInterfaceManager.cpp-L4236)     Description:[MV_CC_InvalidateNodes] return[0x0]     Solution:
Info    2026-05-23 03:29:23  DevID:MV-CS016-10UC(DA5555123)  Source-Line:libMvCameraControl.so(CInterfaceManager.cpp-L1086)     Description:[MV_CC_OpenDevice] nPrivilegeMode[1], nSwitchoverKey[0], return[0x0]     Solution:
Info    2026-05-23 03:29:23  DevID:MV-CS016-10UC(DA5555123)  Source-Line:libMvCameraControl.so(CInterfaceManager.cpp-L3684)     Description:[MV_CC_GetImageInfo] return[0x0]     Solution:
Info    2026-05-23 03:29:23  DevID:MV-CS016-10UC(DA5555123)  Source-Line:libMvCameraControl.so(CInterfaceManager.cpp-L1703)     Description:U3V, DeviceModelName[MV-CS016-10UC], DeviceFirmwareVersion[V2.1.4 2309271116552 23092502], DeviceMaxThroughput[387500]     Solution:
Info    2026-05-23 03:29:23  DevID:MV-CS016-10UC(DA5555123)  Source-Line:libMvCameraControl.so(CInterfaceManager.cpp-L1708)     Description:U3V, Width[1440], Height[1080], OffsetX[0], OffsetY[0], PixelFormat[0x1080009], AcquisitionMode[2]     Solution:
Info    2026-05-23 03:29:23  DevID:MV-CS016-10UC(DA5555123)  Source-Line:libMvCameraControl.so(CInterfaceManager.cpp-L1713)     Description:U3V, TriggerMode[0], ResultingFrameRate[165.52], ExposureTime[1000.00], ExposureAuto[0], PayloadSize[1555200]     Solution:
Info    2026-05-23 03:29:23  DevID:MV-CS016-10UC(DA5555123)  Source-Line:libMvCameraControl.so(CInterfaceManager.cpp-L6315)     Description:CamCtrl RecvThread Start, ThreadId[-1811941824]     Solution:
Info    2026-05-23 03:29:23  DevID:MV-CS016-10UC(DA5555123)  Source-Line:libMvCameraControl.so(CInterfaceManager.cpp-L6083)     Description:CamCtrl Display Thread Start, ThreadId[-1820334528]     Solution:
Info    2026-05-23 03:29:23  DevID:MV-CS016-10UC(DA5555123)  Source-Line:libMvCameraControl.so(CInterfaceManager.cpp-L1795)     Description:There is no registration callback     Solution:
Info    2026-05-23 03:29:23  DevID:MV-CS016-10UC(DA5555123)  Source-Line:libMvCameraControl.so(CInterfaceManager.cpp-L1800)     Description:[MV_CC_StartGrabbing] return[0x0]     Solution:
Info    2026-05-23 03:29:58  DevID:MV-CS016-10UC(DA5555123)  Source-Line:libMvCameraControl.so(CInterfaceManager.cpp-L1888)     Description:[StopGrabbing] return[0x0]     Solution:
Info    2026-05-23 03:29:58  DevID:MV-CS016-10UC(DA5555123)  Source-Line:libMvCameraControl.so(CInterfaceManager.cpp-L6299)     Description:Display process exit     Solution:
Info    2026-05-23 03:29:58  DevID:MV-CS016-10UC(DA5555123)  Source-Line:libMvCameraControl.so(CInterfaceManager.cpp-L6545)     Description:RecvThread Process Exit     Solution:
Info    2026-05-23 03:30:00  DevID:MV-CS016-10UC(DA5555123)  Source-Line:libMvCameraControl.so(CInterfaceManager.cpp-L1166)     Description:[CloseDevice] return[0x0]     Solution:
Info    2026-05-23 03:30:48  DevID:MV-CS016-10UC(DA5555123)  Source-Line:libMvCameraControl.so(CInterfaceManager.cpp-L0809)     Description:Current dynamic library path[/home/whiteink/RM_PKA_Sentry_RMUC/install/rm_hik_camera_driver/lib/libMvCameraControl.so]     Solution:
Info    2026-05-23 03:30:48  DevID:MV-CS016-10UC(DA5555123)  Source-Line:libMvCameraControl.so(CInterfaceManager.cpp-L0812)     Description:CamCtl_Version: 3.2.1.0     Solution:
Info    2026-05-23 03:30:48  DevID:MV-CS016-10UC(DA5555123)  Source-Line:libMvCameraControl.so(CInterfaceManager.cpp-L0813)     Description:CamCtl_Description: BaseLine Build 20211203     Solution:
Info    2026-05-23 03:30:48  DevID:MV-CS016-10UC(DA5555123)  Source-Line:libMvCameraControl.so(CInterfaceManager.cpp-L0815)     Description:[MV_CC_CreateHandle] return[0x0]     Solution:
Info    2026-05-23 03:30:48  DevID:MV-CS016-10UC(DA5555123)  Source-Line:libMvCameraControl.so(CInterfaceManager.cpp-L6710)     Description:CamCtrl[0x3020100], U3V SDKVersion[0x3020100], DriverVersion[0x0]     Solution:
Info    2026-05-23 03:30:49  DevID:MV-CS016-10UC(DA5555123)  Source-Line:libMvCameraControl.so(CInterfaceManager.cpp-L4236)     Description:[MV_CC_InvalidateNodes] return[0x0]     Solution:
Info    2026-05-23 03:30:49  DevID:MV-CS016-10UC(DA5555123)  Source-Line:libMvCameraControl.so(CInterfaceManager.cpp-L1086)     Description:[MV_CC_OpenDevice] nPrivilegeMode[1], nSwitchoverKey[0], return[0x0]     Solution:
Info    2026-05-23 03:30:49  DevID:MV-CS016-10UC(DA5555123)  Source-Line:libMvCameraControl.so(CInterfaceManager.cpp-L3684)     Description:[MV_CC_GetImageInfo] return[0x0]     Solution:
Info    2026-05-23 03:30:49  DevID:MV-CS016-10UC(DA5555123)  Source-Line:libMvCameraControl.so(CInterfaceManager.cpp-L1703)     Description:U3V, DeviceModelName[MV-CS016-10UC], DeviceFirmwareVersion[V2.1.4 2309271116552 23092502], DeviceMaxThroughput[387500]     Solution:
Info    2026-05-23 03:30:49  DevID:MV-CS016-10UC(DA5555123)  Source-Line:libMvCameraControl.so(CInterfaceManager.cpp-L1708)     Description:U3V, Width[1440], Height[1080], OffsetX[0], OffsetY[0], PixelFormat[0x1080009], AcquisitionMode[2]     Solution:
Info    2026-05-23 03:30:49  DevID:MV-CS016-10UC(DA5555123)  Source-Line:libMvCameraControl.so(CInterfaceManager.cpp-L1713)     Description:U3V, TriggerMode[0], ResultingFrameRate[165.52], ExposureTime[1000.00], ExposureAuto[0], PayloadSize[1555200]     Solution:
Info    2026-05-23 03:30:49  DevID:MV-CS016-10UC(DA5555123)  Source-Line:libMvCameraControl.so(CInterfaceManager.cpp-L6315)     Description:CamCtrl RecvThread Start, ThreadId[1726481984]     Solution:
Info    2026-05-23 03:30:49  DevID:MV-CS016-10UC(DA5555123)  Source-Line:libMvCameraControl.so(CInterfaceManager.cpp-L6083)     Description:CamCtrl Display Thread Start, ThreadId[1718089280]     Solution:
Info    2026-05-23 03:30:49  DevID:MV-CS016-10UC(DA5555123)  Source-Line:libMvCameraControl.so(CInterfaceManager.cpp-L1795)     Description:There is no registration callback     Solution:
Info    2026-05-23 03:30:49  DevID:MV-CS016-10UC(DA5555123)  Source-Line:libMvCameraControl.so(CInterfaceManager.cpp-L1800)     Description:[MV_CC_StartGrabbing] return[0x0]     Solution:
Info    2026-05-23 03:30:51  DevID:MV-CS016-10UC(DA5555123)  Source-Line:libMvCameraControl.so(CInterfaceManager.cpp-L1888)     Description:[StopGrabbing] return[0x0]     Solution:
Info    2026-05-23 03:30:51  DevID:MV-CS016-10UC(DA5555123)  Source-Line:libMvCameraControl.so(CInterfaceManager.cpp-L6545)     Description:RecvThread Process Exit     Solution:
Info    2026-05-23 03:30:51  DevID:MV-CS016-10UC(DA5555123)  Source-Line:libMvCameraControl.so(CInterfaceManager.cpp-L6299)     Description:Display process exit     Solution:
Info    2026-05-23 03:30:52  DevID:MV-CS016-10UC(DA5555123)  Source-Line:libMvCameraControl.so(CInterfaceManager.cpp-L1166)     Description:[CloseDevice] return[0x0]     Solution:
Info    2026-05-23 03:31:00  DevID:MV-CS016-10UC(DA5555123)  Source-Line:libMvCameraControl.so(CInterfaceManager.cpp-L0809)     Description:Current dynamic library path[/home/whiteink/RM_PKA_Sentry_RMUC/install/rm_hik_camera_driver/lib/libMvCameraControl.so]     Solution:
Info    2026-05-23 03:31:00  DevID:MV-CS016-10UC(DA5555123)  Source-Line:libMvCameraControl.so(CInterfaceManager.cpp-L0812)     Description:CamCtl_Version: 3.2.1.0     Solution:
Info    2026-05-23 03:31:00  DevID:MV-CS016-10UC(DA5555123)  Source-Line:libMvCameraControl.so(CInterfaceManager.cpp-L0813)     Description:CamCtl_Description: BaseLine Build 20211203     Solution:
Info    2026-05-23 03:31:00  DevID:MV-CS016-10UC(DA5555123)  Source-Line:libMvCameraControl.so(CInterfaceManager.cpp-L0815)     Description:[MV_CC_CreateHandle] return[0x0]     Solution:
Info    2026-05-23 03:31:00  DevID:MV-CS016-10UC(DA5555123)  Source-Line:libMvCameraControl.so(CInterfaceManager.cpp-L6710)     Description:CamCtrl[0x3020100], U3V SDKVersion[0x3020100], DriverVersion[0x0]     Solution:
Info    2026-05-23 03:31:01  DevID:MV-CS016-10UC(DA5555123)  Source-Line:libMvCameraControl.so(CInterfaceManager.cpp-L4236)     Description:[MV_CC_InvalidateNodes] return[0x0]     Solution:
Info    2026-05-23 03:31:01  DevID:MV-CS016-10UC(DA5555123)  Source-Line:libMvCameraControl.so(CInterfaceManager.cpp-L1086)     Description:[MV_CC_OpenDevice] nPrivilegeMode[1], nSwitchoverKey[0], return[0x0]     Solution:
Info    2026-05-23 03:31:01  DevID:MV-CS016-10UC(DA5555123)  Source-Line:libMvCameraControl.so(CInterfaceManager.cpp-L3684)     Description:[MV_CC_GetImageInfo] return[0x0]     Solution:
Info    2026-05-23 03:31:01  DevID:MV-CS016-10UC(DA5555123)  Source-Line:libMvCameraControl.so(CInterfaceManager.cpp-L1703)     Description:U3V, DeviceModelName[MV-CS016-10UC], DeviceFirmwareVersion[V2.1.4 2309271116552 23092502], DeviceMaxThroughput[387500]     Solution:
Info    2026-05-23 03:31:01  DevID:MV-CS016-10UC(DA5555123)  Source-Line:libMvCameraControl.so(CInterfaceManager.cpp-L1708)     Description:U3V, Width[1440], Height[1080], OffsetX[0], OffsetY[0], PixelFormat[0x1080009], AcquisitionMode[2]     Solution:
Info    2026-05-23 03:31:01  DevID:MV-CS016-10UC(DA5555123)  Source-Line:libMvCameraControl.so(CInterfaceManager.cpp-L1713)     Description:U3V, TriggerMode[0], ResultingFrameRate[165.52], ExposureTime[1000.00], ExposureAuto[0], PayloadSize[1555200]     Solution:
Info    2026-05-23 03:31:01  DevID:MV-CS016-10UC(DA5555123)  Source-Line:libMvCameraControl.so(CInterfaceManager.cpp-L6315)     Description:CamCtrl RecvThread Start, ThreadId[-1493182912]     Solution:
Info    2026-05-23 03:31:01  DevID:MV-CS016-10UC(DA5555123)  Source-Line:libMvCameraControl.so(CInterfaceManager.cpp-L6083)     Description:CamCtrl Display Thread Start, ThreadId[-1501575616]     Solution:
Info    2026-05-23 03:31:01  DevID:MV-CS016-10UC(DA5555123)  Source-Line:libMvCameraControl.so(CInterfaceManager.cpp-L1795)     Description:There is no registration callback     Solution:
Info    2026-05-23 03:31:01  DevID:MV-CS016-10UC(DA5555123)  Source-Line:libMvCameraControl.so(CInterfaceManager.cpp-L1800)     Description:[MV_CC_StartGrabbing] return[0x0]     Solution:
Info    2026-05-23 03:31:27  DevID:MV-CS016-10UC(DA5555123)  Source-Line:libMvCameraControl.so(CInterfaceManager.cpp-L1888)     Description:[StopGrabbing] return[0x0]     Solution:
Info    2026-05-23 03:31:27  DevID:MV-CS016-10UC(DA5555123)  Source-Line:libMvCameraControl.so(CInterfaceManager.cpp-L6545)     Description:RecvThread Process Exit     Solution:
Info    2026-05-23 03:31:27  DevID:MV-CS016-10UC(DA5555123)  Source-Line:libMvCameraControl.so(CInterfaceManager.cpp-L6299)     Description:Display process exit     Solution:
Info    2026-05-23 03:31:28  DevID:MV-CS016-10UC(DA5555123)  Source-Line:libMvCameraControl.so(CInterfaceManager.cpp-L1166)     Description:[CloseDevice] return[0x0]     Solution:
Info    2026-05-23 03:31:38  DevID:MV-CS016-10UC(DA5555123)  Source-Line:libMvCameraControl.so(CInterfaceManager.cpp-L0809)     Description:Current dynamic library path[/home/whiteink/RM_PKA_Sentry_RMUC/install/rm_hik_camera_driver/lib/libMvCameraControl.so]     Solution:
Info    2026-05-23 03:31:38  DevID:MV-CS016-10UC(DA5555123)  Source-Line:libMvCameraControl.so(CInterfaceManager.cpp-L0812)     Description:CamCtl_Version: 3.2.1.0     Solution:
Info    2026-05-23 03:31:38  DevID:MV-CS016-10UC(DA5555123)  Source-Line:libMvCameraControl.so(CInterfaceManager.cpp-L0813)     Description:CamCtl_Description: BaseLine Build 20211203     Solution:
Info    2026-05-23 03:31:38  DevID:MV-CS016-10UC(DA5555123)  Source-Line:libMvCameraControl.so(CInterfaceManager.cpp-L0815)     Description:[MV_CC_CreateHandle] return[0x0]     Solution:
Info    2026-05-23 03:31:38  DevID:MV-CS016-10UC(DA5555123)  Source-Line:libMvCameraControl.so(CInterfaceManager.cpp-L6710)     Description:CamCtrl[0x3020100], U3V SDKVersion[0x3020100], DriverVersion[0x0]     Solution:
Info    2026-05-23 03:31:39  DevID:MV-CS016-10UC(DA5555123)  Source-Line:libMvCameraControl.so(CInterfaceManager.cpp-L4236)     Description:[MV_CC_InvalidateNodes] return[0x0]     Solution:
Info    2026-05-23 03:31:39  DevID:MV-CS016-10UC(DA5555123)  Source-Line:libMvCameraControl.so(CInterfaceManager.cpp-L1086)     Description:[MV_CC_OpenDevice] nPrivilegeMode[1], nSwitchoverKey[0], return[0x0]     Solution:
Info    2026-05-23 03:31:39  DevID:MV-CS016-10UC(DA5555123)  Source-Line:libMvCameraControl.so(CInterfaceManager.cpp-L3684)     Description:[MV_CC_GetImageInfo] return[0x0]     Solution:
Info    2026-05-23 03:31:39  DevID:MV-CS016-10UC(DA5555123)  Source-Line:libMvCameraControl.so(CInterfaceManager.cpp-L1703)     Description:U3V, DeviceModelName[MV-CS016-10UC], DeviceFirmwareVersion[V2.1.4 2309271116552 23092502], DeviceMaxThroughput[387500]     Solution:
Info    2026-05-23 03:31:39  DevID:MV-CS016-10UC(DA5555123)  Source-Line:libMvCameraControl.so(CInterfaceManager.cpp-L1708)     Description:U3V, Width[1440], Height[1080], OffsetX[0], OffsetY[0], PixelFormat[0x1080009], AcquisitionMode[2]     Solution:
Info    2026-05-23 03:31:39  DevID:MV-CS016-10UC(DA5555123)  Source-Line:libMvCameraControl.so(CInterfaceManager.cpp-L1713)     Description:U3V, TriggerMode[0], ResultingFrameRate[165.52], ExposureTime[1000.00], ExposureAuto[0], PayloadSize[1555200]     Solution:
Info    2026-05-23 03:31:39  DevID:MV-CS016-10UC(DA5555123)  Source-Line:libMvCameraControl.so(CInterfaceManager.cpp-L6315)     Description:CamCtrl RecvThread Start, ThreadId[1325389376]     Solution:
Info    2026-05-23 03:31:39  DevID:MV-CS016-10UC(DA5555123)  Source-Line:libMvCameraControl.so(CInterfaceManager.cpp-L6083)     Description:CamCtrl Display Thread Start, ThreadId[1316996672]     Solution:
Info    2026-05-23 03:31:39  DevID:MV-CS016-10UC(DA5555123)  Source-Line:libMvCameraControl.so(CInterfaceManager.cpp-L1795)     Description:There is no registration callback     Solution:
Info    2026-05-23 03:31:39  DevID:MV-CS016-10UC(DA5555123)  Source-Line:libMvCameraControl.so(CInterfaceManager.cpp-L1800)     Description:[MV_CC_StartGrabbing] return[0x0]     Solution:
Info    2026-05-23 03:32:15  DevID:MV-CS016-10UC(DA5555123)  Source-Line:libMvCameraControl.so(CInterfaceManager.cpp-L1888)     Description:[StopGrabbing] return[0x0]     Solution:
Info    2026-05-23 03:32:15  DevID:MV-CS016-10UC(DA5555123)  Source-Line:libMvCameraControl.so(CInterfaceManager.cpp-L6545)     Description:RecvThread Process Exit     Solution:
Info    2026-05-23 03:32:15  DevID:MV-CS016-10UC(DA5555123)  Source-Line:libMvCameraControl.so(CInterfaceManager.cpp-L6299)     Description:Display process exit     Solution:
Info    2026-05-23 03:32:16  DevID:MV-CS016-10UC(DA5555123)  Source-Line:libMvCameraControl.so(CInterfaceManager.cpp-L1166)     Description:[CloseDevice] return[0x0]     Solution:
Info    2026-05-23 03:32:36  DevID:MV-CS016-10UC(DA5555123)  Source-Line:libMvCameraControl.so(CInterfaceManager.cpp-L0809)     Description:Current dynamic library path[/home/whiteink/RM_PKA_Sentry_RMUC/install/rm_hik_camera_driver/lib/libMvCameraControl.so]     Solution:
Info    2026-05-23 03:32:36  DevID:MV-CS016-10UC(DA5555123)  Source-Line:libMvCameraControl.so(CInterfaceManager.cpp-L0812)     Description:CamCtl_Version: 3.2.1.0     Solution:
Info    2026-05-23 03:32:36  DevID:MV-CS016-10UC(DA5555123)  Source-Line:libMvCameraControl.so(CInterfaceManager.cpp-L0813)     Description:CamCtl_Description: BaseLine Build 20211203     Solution:
Info    2026-05-23 03:32:36  DevID:MV-CS016-10UC(DA5555123)  Source-Line:libMvCameraControl.so(CInterfaceManager.cpp-L0815)     Description:[MV_CC_CreateHandle] return[0x0]     Solution:
Info    2026-05-23 03:32:36  DevID:MV-CS016-10UC(DA5555123)  Source-Line:libMvCameraControl.so(CInterfaceManager.cpp-L6710)     Description:CamCtrl[0x3020100], U3V SDKVersion[0x3020100], DriverVersion[0x0]     Solution:
Info    2026-05-23 03:32:37  DevID:MV-CS016-10UC(DA5555123)  Source-Line:libMvCameraControl.so(CInterfaceManager.cpp-L4236)     Description:[MV_CC_InvalidateNodes] return[0x0]     Solution:
Info    2026-05-23 03:32:37  DevID:MV-CS016-10UC(DA5555123)  Source-Line:libMvCameraControl.so(CInterfaceManager.cpp-L1086)     Description:[MV_CC_OpenDevice] nPrivilegeMode[1], nSwitchoverKey[0], return[0x0]     Solution:
Info    2026-05-23 03:32:37  DevID:MV-CS016-10UC(DA5555123)  Source-Line:libMvCameraControl.so(CInterfaceManager.cpp-L3684)     Description:[MV_CC_GetImageInfo] return[0x0]     Solution:
Info    2026-05-23 03:32:37  DevID:MV-CS016-10UC(DA5555123)  Source-Line:libMvCameraControl.so(CInterfaceManager.cpp-L1703)     Description:U3V, DeviceModelName[MV-CS016-10UC], DeviceFirmwareVersion[V2.1.4 2309271116552 23092502], DeviceMaxThroughput[387500]     Solution:
Info    2026-05-23 03:32:37  DevID:MV-CS016-10UC(DA5555123)  Source-Line:libMvCameraControl.so(CInterfaceManager.cpp-L1708)     Description:U3V, Width[1440], Height[1080], OffsetX[0], OffsetY[0], PixelFormat[0x1080009], AcquisitionMode[2]     Solution:
Info    2026-05-23 03:32:37  DevID:MV-CS016-10UC(DA5555123)  Source-Line:libMvCameraControl.so(CInterfaceManager.cpp-L1713)     Description:U3V, TriggerMode[0], ResultingFrameRate[165.52], ExposureTime[1000.00], ExposureAuto[0], PayloadSize[1555200]     Solution:
Info    2026-05-23 03:32:37  DevID:MV-CS016-10UC(DA5555123)  Source-Line:libMvCameraControl.so(CInterfaceManager.cpp-L6315)     Description:CamCtrl RecvThread Start, ThreadId[2130695744]     Solution:
Info    2026-05-23 03:32:37  DevID:MV-CS016-10UC(DA5555123)  Source-Line:libMvCameraControl.so(CInterfaceManager.cpp-L6083)     Description:CamCtrl Display Thread Start, ThreadId[2122303040]     Solution:
Info    2026-05-23 03:32:37  DevID:MV-CS016-10UC(DA5555123)  Source-Line:libMvCameraControl.so(CInterfaceManager.cpp-L1795)     Description:There is no registration callback     Solution:
Info    2026-05-23 03:32:37  DevID:MV-CS016-10UC(DA5555123)  Source-Line:libMvCameraControl.so(CInterfaceManager.cpp-L1800)     Description:[MV_CC_StartGrabbing] return[0x0]     Solution:
Info    2026-05-23 03:32:57  DevID:MV-CS016-10UC(DA5555123)  Source-Line:libMvCameraControl.so(CInterfaceManager.cpp-L1888)     Description:[StopGrabbing] return[0x0]     Solution:
Info    2026-05-23 03:32:57  DevID:MV-CS016-10UC(DA5555123)  Source-Line:libMvCameraControl.so(CInterfaceManager.cpp-L6545)     Description:RecvThread Process Exit     Solution:
Info    2026-05-23 03:32:57  DevID:MV-CS016-10UC(DA5555123)  Source-Line:libMvCameraControl.so(CInterfaceManager.cpp-L6299)     Description:Display process exit     Solution:
Info    2026-05-23 03:32:58  DevID:MV-CS016-10UC(DA5555123)  Source-Line:libMvCameraControl.so(CInterfaceManager.cpp-L1166)     Description:[CloseDevice] return[0x0]     Solution:
Info    2026-05-23 03:34:17  DevID:MV-CS016-10UC(DA5555123)  Source-Line:libMvCameraControl.so(CInterfaceManager.cpp-L0809)     Description:Current dynamic library path[/home/whiteink/RM_PKA_Sentry_RMUC/install/rm_hik_camera_driver/lib/libMvCameraControl.so]     Solution:
Info    2026-05-23 03:34:17  DevID:MV-CS016-10UC(DA5555123)  Source-Line:libMvCameraControl.so(CInterfaceManager.cpp-L0812)     Description:CamCtl_Version: 3.2.1.0     Solution:
Info    2026-05-23 03:34:17  DevID:MV-CS016-10UC(DA5555123)  Source-Line:libMvCameraControl.so(CInterfaceManager.cpp-L0813)     Description:CamCtl_Description: BaseLine Build 20211203     Solution:
Info    2026-05-23 03:34:17  DevID:MV-CS016-10UC(DA5555123)  Source-Line:libMvCameraControl.so(CInterfaceManager.cpp-L0815)     Description:[MV_CC_CreateHandle] return[0x0]     Solution:
Info    2026-05-23 03:34:17  DevID:MV-CS016-10UC(DA5555123)  Source-Line:libMvCameraControl.so(CInterfaceManager.cpp-L6710)     Description:CamCtrl[0x3020100], U3V SDKVersion[0x3020100], DriverVersion[0x0]     Solution:
Info    2026-05-23 03:34:17  DevID:MV-CS016-10UC(DA5555123)  Source-Line:libMvCameraControl.so(CInterfaceManager.cpp-L4236)     Description:[MV_CC_InvalidateNodes] return[0x0]     Solution:
Info    2026-05-23 03:34:17  DevID:MV-CS016-10UC(DA5555123)  Source-Line:libMvCameraControl.so(CInterfaceManager.cpp-L1086)     Description:[MV_CC_OpenDevice] nPrivilegeMode[1], nSwitchoverKey[0], return[0x0]     Solution:
Info    2026-05-23 03:34:17  DevID:MV-CS016-10UC(DA5555123)  Source-Line:libMvCameraControl.so(CInterfaceManager.cpp-L3684)     Description:[MV_CC_GetImageInfo] return[0x0]     Solution:
Info    2026-05-23 03:34:17  DevID:MV-CS016-10UC(DA5555123)  Source-Line:libMvCameraControl.so(CInterfaceManager.cpp-L1703)     Description:U3V, DeviceModelName[MV-CS016-10UC], DeviceFirmwareVersion[V2.1.4 2309271116552 23092502], DeviceMaxThroughput[387500]     Solution:
Info    2026-05-23 03:34:17  DevID:MV-CS016-10UC(DA5555123)  Source-Line:libMvCameraControl.so(CInterfaceManager.cpp-L1708)     Description:U3V, Width[1440], Height[1080], OffsetX[0], OffsetY[0], PixelFormat[0x1080009], AcquisitionMode[2]     Solution:
Info    2026-05-23 03:34:17  DevID:MV-CS016-10UC(DA5555123)  Source-Line:libMvCameraControl.so(CInterfaceManager.cpp-L1713)     Description:U3V, TriggerMode[0], ResultingFrameRate[165.52], ExposureTime[1000.00], ExposureAuto[0], PayloadSize[1555200]     Solution:
Info    2026-05-23 03:34:17  DevID:MV-CS016-10UC(DA5555123)  Source-Line:libMvCameraControl.so(CInterfaceManager.cpp-L6315)     Description:CamCtrl RecvThread Start, ThreadId[1838511680]     Solution:
Info    2026-05-23 03:34:17  DevID:MV-CS016-10UC(DA5555123)  Source-Line:libMvCameraControl.so(CInterfaceManager.cpp-L6083)     Description:CamCtrl Display Thread Start, ThreadId[1830118976]     Solution:
Info    2026-05-23 03:34:17  DevID:MV-CS016-10UC(DA5555123)  Source-Line:libMvCameraControl.so(CInterfaceManager.cpp-L1795)     Description:There is no registration callback     Solution:
Info    2026-05-23 03:34:17  DevID:MV-CS016-10UC(DA5555123)  Source-Line:libMvCameraControl.so(CInterfaceManager.cpp-L1800)     Description:[MV_CC_StartGrabbing] return[0x0]     Solution:
Info    2026-05-23 03:35:03  DevID:MV-CS016-10UC(DA5555123)  Source-Line:libMvCameraControl.so(CInterfaceManager.cpp-L1888)     Description:[StopGrabbing] return[0x0]     Solution:
Info    2026-05-23 03:35:03  DevID:MV-CS016-10UC(DA5555123)  Source-Line:libMvCameraControl.so(CInterfaceManager.cpp-L6545)     Description:RecvThread Process Exit     Solution:
Info    2026-05-23 03:35:03  DevID:MV-CS016-10UC(DA5555123)  Source-Line:libMvCameraControl.so(CInterfaceManager.cpp-L6299)     Description:Display process exit     Solution:
Info    2026-05-23 03:35:04  DevID:MV-CS016-10UC(DA5555123)  Source-Line:libMvCameraControl.so(CInterfaceManager.cpp-L1166)     Description:[CloseDevice] return[0x0]     Solution:
Info    2026-05-23 03:35:19  DevID:MV-CS016-10UC(DA5555123)  Source-Line:libMvCameraControl.so(CInterfaceManager.cpp-L0809)     Description:Current dynamic library path[/home/whiteink/RM_PKA_Sentry_RMUC/install/rm_hik_camera_driver/lib/libMvCameraControl.so]     Solution:
Info    2026-05-23 03:35:19  DevID:MV-CS016-10UC(DA5555123)  Source-Line:libMvCameraControl.so(CInterfaceManager.cpp-L0812)     Description:CamCtl_Version: 3.2.1.0     Solution:
Info    2026-05-23 03:35:19  DevID:MV-CS016-10UC(DA5555123)  Source-Line:libMvCameraControl.so(CInterfaceManager.cpp-L0813)     Description:CamCtl_Description: BaseLine Build 20211203     Solution:
Info    2026-05-23 03:35:19  DevID:MV-CS016-10UC(DA5555123)  Source-Line:libMvCameraControl.so(CInterfaceManager.cpp-L0815)     Description:[MV_CC_CreateHandle] return[0x0]     Solution:
Info    2026-05-23 03:35:19  DevID:MV-CS016-10UC(DA5555123)  Source-Line:libMvCameraControl.so(CInterfaceManager.cpp-L6710)     Description:CamCtrl[0x3020100], U3V SDKVersion[0x3020100], DriverVersion[0x0]     Solution:
Info    2026-05-23 03:35:20  DevID:MV-CS016-10UC(DA5555123)  Source-Line:libMvCameraControl.so(CInterfaceManager.cpp-L4236)     Description:[MV_CC_InvalidateNodes] return[0x0]     Solution:
Info    2026-05-23 03:35:20  DevID:MV-CS016-10UC(DA5555123)  Source-Line:libMvCameraControl.so(CInterfaceManager.cpp-L1086)     Description:[MV_CC_OpenDevice] nPrivilegeMode[1], nSwitchoverKey[0], return[0x0]     Solution:
Info    2026-05-23 03:35:20  DevID:MV-CS016-10UC(DA5555123)  Source-Line:libMvCameraControl.so(CInterfaceManager.cpp-L3684)     Description:[MV_CC_GetImageInfo] return[0x0]     Solution:
Info    2026-05-23 03:35:20  DevID:MV-CS016-10UC(DA5555123)  Source-Line:libMvCameraControl.so(CInterfaceManager.cpp-L1703)     Description:U3V, DeviceModelName[MV-CS016-10UC], DeviceFirmwareVersion[V2.1.4 2309271116552 23092502], DeviceMaxThroughput[387500]     Solution:
Info    2026-05-23 03:35:20  DevID:MV-CS016-10UC(DA5555123)  Source-Line:libMvCameraControl.so(CInterfaceManager.cpp-L1708)     Description:U3V, Width[1440], Height[1080], OffsetX[0], OffsetY[0], PixelFormat[0x1080009], AcquisitionMode[2]     Solution:
Info    2026-05-23 03:35:20  DevID:MV-CS016-10UC(DA5555123)  Source-Line:libMvCameraControl.so(CInterfaceManager.cpp-L1713)     Description:U3V, TriggerMode[0], ResultingFrameRate[165.52], ExposureTime[1000.00], ExposureAuto[0], PayloadSize[1555200]     Solution:
Info    2026-05-23 03:35:20  DevID:MV-CS016-10UC(DA5555123)  Source-Line:libMvCameraControl.so(CInterfaceManager.cpp-L6315)     Description:CamCtrl RecvThread Start, ThreadId[1774274112]     Solution:
Info    2026-05-23 03:35:20  DevID:MV-CS016-10UC(DA5555123)  Source-Line:libMvCameraControl.so(CInterfaceManager.cpp-L6083)     Description:CamCtrl Display Thread Start, ThreadId[1765881408]     Solution:
Info    2026-05-23 03:35:20  DevID:MV-CS016-10UC(DA5555123)  Source-Line:libMvCameraControl.so(CInterfaceManager.cpp-L1795)     Description:There is no registration callback     Solution:
Info    2026-05-23 03:35:20  DevID:MV-CS016-10UC(DA5555123)  Source-Line:libMvCameraControl.so(CInterfaceManager.cpp-L1800)     Description:[MV_CC_StartGrabbing] return[0x0]     Solution:
Info    2026-05-23 03:36:00  DevID:MV-CS016-10UC(DA5555123)  Source-Line:libMvCameraControl.so(CInterfaceManager.cpp-L1888)     Description:[StopGrabbing] return[0x0]     Solution:
Info    2026-05-23 03:36:00  DevID:MV-CS016-10UC(DA5555123)  Source-Line:libMvCameraControl.so(CInterfaceManager.cpp-L6545)     Description:RecvThread Process Exit     Solution:
Info    2026-05-23 03:36:00  DevID:MV-CS016-10UC(DA5555123)  Source-Line:libMvCameraControl.so(CInterfaceManager.cpp-L6299)     Description:Display process exit     Solution:
Info    2026-05-23 03:36:01  DevID:MV-CS016-10UC(DA5555123)  Source-Line:libMvCameraControl.so(CInterfaceManager.cpp-L1166)     Description:[CloseDevice] return[0x0]     Solution:
Info    2026-05-23 03:36:08  DevID:MV-CS016-10UC(DA5555123)  Source-Line:libMvCameraControl.so(CInterfaceManager.cpp-L0809)     Description:Current dynamic library path[/home/whiteink/RM_PKA_Sentry_RMUC/install/rm_hik_camera_driver/lib/libMvCameraControl.so]     Solution:
Info    2026-05-23 03:36:08  DevID:MV-CS016-10UC(DA5555123)  Source-Line:libMvCameraControl.so(CInterfaceManager.cpp-L0812)     Description:CamCtl_Version: 3.2.1.0     Solution:
Info    2026-05-23 03:36:08  DevID:MV-CS016-10UC(DA5555123)  Source-Line:libMvCameraControl.so(CInterfaceManager.cpp-L0813)     Description:CamCtl_Description: BaseLine Build 20211203     Solution:
Info    2026-05-23 03:36:08  DevID:MV-CS016-10UC(DA5555123)  Source-Line:libMvCameraControl.so(CInterfaceManager.cpp-L0815)     Description:[MV_CC_CreateHandle] return[0x0]     Solution:
Info    2026-05-23 03:36:08  DevID:MV-CS016-10UC(DA5555123)  Source-Line:libMvCameraControl.so(CInterfaceManager.cpp-L6710)     Description:CamCtrl[0x3020100], U3V SDKVersion[0x3020100], DriverVersion[0x0]     Solution:
Info    2026-05-23 03:36:09  DevID:MV-CS016-10UC(DA5555123)  Source-Line:libMvCameraControl.so(CInterfaceManager.cpp-L4236)     Description:[MV_CC_InvalidateNodes] return[0x0]     Solution:
Info    2026-05-23 03:36:09  DevID:MV-CS016-10UC(DA5555123)  Source-Line:libMvCameraControl.so(CInterfaceManager.cpp-L1086)     Description:[MV_CC_OpenDevice] nPrivilegeMode[1], nSwitchoverKey[0], return[0x0]     Solution:
Info    2026-05-23 03:36:09  DevID:MV-CS016-10UC(DA5555123)  Source-Line:libMvCameraControl.so(CInterfaceManager.cpp-L3684)     Description:[MV_CC_GetImageInfo] return[0x0]     Solution:
Info    2026-05-23 03:36:09  DevID:MV-CS016-10UC(DA5555123)  Source-Line:libMvCameraControl.so(CInterfaceManager.cpp-L1703)     Description:U3V, DeviceModelName[MV-CS016-10UC], DeviceFirmwareVersion[V2.1.4 2309271116552 23092502], DeviceMaxThroughput[387500]     Solution:
Info    2026-05-23 03:36:09  DevID:MV-CS016-10UC(DA5555123)  Source-Line:libMvCameraControl.so(CInterfaceManager.cpp-L1708)     Description:U3V, Width[1440], Height[1080], OffsetX[0], OffsetY[0], PixelFormat[0x1080009], AcquisitionMode[2]     Solution:
Info    2026-05-23 03:36:09  DevID:MV-CS016-10UC(DA5555123)  Source-Line:libMvCameraControl.so(CInterfaceManager.cpp-L1713)     Description:U3V, TriggerMode[0], ResultingFrameRate[165.52], ExposureTime[1000.00], ExposureAuto[0], PayloadSize[1555200]     Solution:
Info    2026-05-23 03:36:09  DevID:MV-CS016-10UC(DA5555123)  Source-Line:libMvCameraControl.so(CInterfaceManager.cpp-L6315)     Description:CamCtrl RecvThread Start, ThreadId[-536873408]     Solution:
Info    2026-05-23 03:36:09  DevID:MV-CS016-10UC(DA5555123)  Source-Line:libMvCameraControl.so(CInterfaceManager.cpp-L6083)     Description:CamCtrl Display Thread Start, ThreadId[-545266112]     Solution:
Info    2026-05-23 03:36:09  DevID:MV-CS016-10UC(DA5555123)  Source-Line:libMvCameraControl.so(CInterfaceManager.cpp-L1795)     Description:There is no registration callback     Solution:
Info    2026-05-23 03:36:09  DevID:MV-CS016-10UC(DA5555123)  Source-Line:libMvCameraControl.so(CInterfaceManager.cpp-L1800)     Description:[MV_CC_StartGrabbing] return[0x0]     Solution:
Info    2026-05-23 03:36:15  DevID:MV-CS016-10UC(DA5555123)  Source-Line:libMvCameraControl.so(CInterfaceManager.cpp-L1888)     Description:[StopGrabbing] return[0x0]     Solution:
Info    2026-05-23 03:36:15  DevID:MV-CS016-10UC(DA5555123)  Source-Line:libMvCameraControl.so(CInterfaceManager.cpp-L6299)     Description:Display process exit     Solution:
Info    2026-05-23 03:36:15  DevID:MV-CS016-10UC(DA5555123)  Source-Line:libMvCameraControl.so(CInterfaceManager.cpp-L6545)     Description:RecvThread Process Exit     Solution:
Info    2026-05-23 03:36:16  DevID:MV-CS016-10UC(DA5555123)  Source-Line:libMvCameraControl.so(CInterfaceManager.cpp-L1166)     Description:[CloseDevice] return[0x0]     Solution:
Info    2026-05-23 03:36:42  DevID:MV-CS016-10UC(DA5555123)  Source-Line:libMvCameraControl.so(CInterfaceManager.cpp-L0809)     Description:Current dynamic library path[/home/whiteink/RM_PKA_Sentry_RMUC/install/rm_hik_camera_driver/lib/libMvCameraControl.so]     Solution:
Info    2026-05-23 03:36:42  DevID:MV-CS016-10UC(DA5555123)  Source-Line:libMvCameraControl.so(CInterfaceManager.cpp-L0812)     Description:CamCtl_Version: 3.2.1.0     Solution:
Info    2026-05-23 03:36:42  DevID:MV-CS016-10UC(DA5555123)  Source-Line:libMvCameraControl.so(CInterfaceManager.cpp-L0813)     Description:CamCtl_Description: BaseLine Build 20211203     Solution:
Info    2026-05-23 03:36:42  DevID:MV-CS016-10UC(DA5555123)  Source-Line:libMvCameraControl.so(CInterfaceManager.cpp-L0815)     Description:[MV_CC_CreateHandle] return[0x0]     Solution:
Info    2026-05-23 03:36:42  DevID:MV-CS016-10UC(DA5555123)  Source-Line:libMvCameraControl.so(CInterfaceManager.cpp-L6710)     Description:CamCtrl[0x3020100], U3V SDKVersion[0x3020100], DriverVersion[0x0]     Solution:
Info    2026-05-23 03:36:42  DevID:MV-CS016-10UC(DA5555123)  Source-Line:libMvCameraControl.so(CInterfaceManager.cpp-L4236)     Description:[MV_CC_InvalidateNodes] return[0x0]     Solution:
Info    2026-05-23 03:36:42  DevID:MV-CS016-10UC(DA5555123)  Source-Line:libMvCameraControl.so(CInterfaceManager.cpp-L1086)     Description:[MV_CC_OpenDevice] nPrivilegeMode[1], nSwitchoverKey[0], return[0x0]     Solution:
Info    2026-05-23 03:36:42  DevID:MV-CS016-10UC(DA5555123)  Source-Line:libMvCameraControl.so(CInterfaceManager.cpp-L3684)     Description:[MV_CC_GetImageInfo] return[0x0]     Solution:
Info    2026-05-23 03:36:42  DevID:MV-CS016-10UC(DA5555123)  Source-Line:libMvCameraControl.so(CInterfaceManager.cpp-L1703)     Description:U3V, DeviceModelName[MV-CS016-10UC], DeviceFirmwareVersion[V2.1.4 2309271116552 23092502], DeviceMaxThroughput[387500]     Solution:
Info    2026-05-23 03:36:42  DevID:MV-CS016-10UC(DA5555123)  Source-Line:libMvCameraControl.so(CInterfaceManager.cpp-L1708)     Description:U3V, Width[1440], Height[1080], OffsetX[0], OffsetY[0], PixelFormat[0x1080009], AcquisitionMode[2]     Solution:
Info    2026-05-23 03:36:42  DevID:MV-CS016-10UC(DA5555123)  Source-Line:libMvCameraControl.so(CInterfaceManager.cpp-L1713)     Description:U3V, TriggerMode[0], ResultingFrameRate[165.52], ExposureTime[1000.00], ExposureAuto[0], PayloadSize[1555200]     Solution:
Info    2026-05-23 03:36:42  DevID:MV-CS016-10UC(DA5555123)  Source-Line:libMvCameraControl.so(CInterfaceManager.cpp-L6315)     Description:CamCtrl RecvThread Start, ThreadId[-142612928]     Solution:
Info    2026-05-23 03:36:42  DevID:MV-CS016-10UC(DA5555123)  Source-Line:libMvCameraControl.so(CInterfaceManager.cpp-L6083)     Description:CamCtrl Display Thread Start, ThreadId[-151005632]     Solution:
Info    2026-05-23 03:36:42  DevID:MV-CS016-10UC(DA5555123)  Source-Line:libMvCameraControl.so(CInterfaceManager.cpp-L1795)     Description:There is no registration callback     Solution:
Info    2026-05-23 03:36:42  DevID:MV-CS016-10UC(DA5555123)  Source-Line:libMvCameraControl.so(CInterfaceManager.cpp-L1800)     Description:[MV_CC_StartGrabbing] return[0x0]     Solution:
Info    2026-05-23 03:36:45  DevID:MV-CS016-10UC(DA5555123)  Source-Line:libMvCameraControl.so(CInterfaceManager.cpp-L1888)     Description:[StopGrabbing] return[0x0]     Solution:
Info    2026-05-23 03:36:45  DevID:MV-CS016-10UC(DA5555123)  Source-Line:libMvCameraControl.so(CInterfaceManager.cpp-L6545)     Description:RecvThread Process Exit     Solution:
Info    2026-05-23 03:36:45  DevID:MV-CS016-10UC(DA5555123)  Source-Line:libMvCameraControl.so(CInterfaceManager.cpp-L6299)     Description:Display process exit     Solution:
Info    2026-05-23 03:36:45  DevID:MV-CS016-10UC(DA5555123)  Source-Line:libMvCameraControl.so(CInterfaceManager.cpp-L1166)     Description:[CloseDevice] return[0x0]     Solution:
Info    2026-05-23 03:37:07  DevID:MV-CS016-10UC(DA5555123)  Source-Line:libMvCameraControl.so(CInterfaceManager.cpp-L0809)     Description:Current dynamic library path[/home/whiteink/RM_PKA_Sentry_RMUC/install/rm_hik_camera_driver/lib/libMvCameraControl.so]     Solution:
Info    2026-05-23 03:37:07  DevID:MV-CS016-10UC(DA5555123)  Source-Line:libMvCameraControl.so(CInterfaceManager.cpp-L0812)     Description:CamCtl_Version: 3.2.1.0     Solution:
Info    2026-05-23 03:37:07  DevID:MV-CS016-10UC(DA5555123)  Source-Line:libMvCameraControl.so(CInterfaceManager.cpp-L0813)     Description:CamCtl_Description: BaseLine Build 20211203     Solution:
Info    2026-05-23 03:37:07  DevID:MV-CS016-10UC(DA5555123)  Source-Line:libMvCameraControl.so(CInterfaceManager.cpp-L0815)     Description:[MV_CC_CreateHandle] return[0x0]     Solution:
Info    2026-05-23 03:37:07  DevID:MV-CS016-10UC(DA5555123)  Source-Line:libMvCameraControl.so(CInterfaceManager.cpp-L6710)     Description:CamCtrl[0x3020100], U3V SDKVersion[0x3020100], DriverVersion[0x0]     Solution:
Info    2026-05-23 03:37:07  DevID:MV-CS016-10UC(DA5555123)  Source-Line:libMvCameraControl.so(CInterfaceManager.cpp-L4236)     Description:[MV_CC_InvalidateNodes] return[0x0]     Solution:
Info    2026-05-23 03:37:07  DevID:MV-CS016-10UC(DA5555123)  Source-Line:libMvCameraControl.so(CInterfaceManager.cpp-L1086)     Description:[MV_CC_OpenDevice] nPrivilegeMode[1], nSwitchoverKey[0], return[0x0]     Solution:
Info    2026-05-23 03:37:07  DevID:MV-CS016-10UC(DA5555123)  Source-Line:libMvCameraControl.so(CInterfaceManager.cpp-L3684)     Description:[MV_CC_GetImageInfo] return[0x0]     Solution:
Info    2026-05-23 03:37:08  DevID:MV-CS016-10UC(DA5555123)  Source-Line:libMvCameraControl.so(CInterfaceManager.cpp-L1703)     Description:U3V, DeviceModelName[MV-CS016-10UC], DeviceFirmwareVersion[V2.1.4 2309271116552 23092502], DeviceMaxThroughput[387500]     Solution:
Info    2026-05-23 03:37:08  DevID:MV-CS016-10UC(DA5555123)  Source-Line:libMvCameraControl.so(CInterfaceManager.cpp-L1708)     Description:U3V, Width[1440], Height[1080], OffsetX[0], OffsetY[0], PixelFormat[0x1080009], AcquisitionMode[2]     Solution:
Info    2026-05-23 03:37:08  DevID:MV-CS016-10UC(DA5555123)  Source-Line:libMvCameraControl.so(CInterfaceManager.cpp-L1713)     Description:U3V, TriggerMode[0], ResultingFrameRate[165.52], ExposureTime[1000.00], ExposureAuto[0], PayloadSize[1555200]     Solution:
Info    2026-05-23 03:37:08  DevID:MV-CS016-10UC(DA5555123)  Source-Line:libMvCameraControl.so(CInterfaceManager.cpp-L6315)     Description:CamCtrl RecvThread Start, ThreadId[2114500160]     Solution:
Info    2026-05-23 03:37:08  DevID:MV-CS016-10UC(DA5555123)  Source-Line:libMvCameraControl.so(CInterfaceManager.cpp-L6083)     Description:CamCtrl Display Thread Start, ThreadId[2106107456]     Solution:
Info    2026-05-23 03:37:08  DevID:MV-CS016-10UC(DA5555123)  Source-Line:libMvCameraControl.so(CInterfaceManager.cpp-L1795)     Description:There is no registration callback     Solution:
Info    2026-05-23 03:37:08  DevID:MV-CS016-10UC(DA5555123)  Source-Line:libMvCameraControl.so(CInterfaceManager.cpp-L1800)     Description:[MV_CC_StartGrabbing] return[0x0]     Solution:
Info    2026-05-23 03:37:11  DevID:MV-CS016-10UC(DA5555123)  Source-Line:libMvCameraControl.so(CInterfaceManager.cpp-L1888)     Description:[StopGrabbing] return[0x0]     Solution:
Info    2026-05-23 03:37:11  DevID:MV-CS016-10UC(DA5555123)  Source-Line:libMvCameraControl.so(CInterfaceManager.cpp-L6545)     Description:RecvThread Process Exit     Solution:
Info    2026-05-23 03:37:11  DevID:MV-CS016-10UC(DA5555123)  Source-Line:libMvCameraControl.so(CInterfaceManager.cpp-L6299)     Description:Display process exit     Solution:
Info    2026-05-23 03:37:12  DevID:MV-CS016-10UC(DA5555123)  Source-Line:libMvCameraControl.so(CInterfaceManager.cpp-L1166)     Description:[CloseDevice] return[0x0]     Solution:
Info    2026-05-23 03:37:31  DevID:MV-CS016-10UC(DA5555123)  Source-Line:libMvCameraControl.so(CInterfaceManager.cpp-L0809)     Description:Current dynamic library path[/home/whiteink/RM_PKA_Sentry_RMUC/install/rm_hik_camera_driver/lib/libMvCameraControl.so]     Solution:
Info    2026-05-23 03:37:31  DevID:MV-CS016-10UC(DA5555123)  Source-Line:libMvCameraControl.so(CInterfaceManager.cpp-L0812)     Description:CamCtl_Version: 3.2.1.0     Solution:
Info    2026-05-23 03:37:31  DevID:MV-CS016-10UC(DA5555123)  Source-Line:libMvCameraControl.so(CInterfaceManager.cpp-L0813)     Description:CamCtl_Description: BaseLine Build 20211203     Solution:
Info    2026-05-23 03:37:31  DevID:MV-CS016-10UC(DA5555123)  Source-Line:libMvCameraControl.so(CInterfaceManager.cpp-L0815)     Description:[MV_CC_CreateHandle] return[0x0]     Solution:
Info    2026-05-23 03:37:31  DevID:MV-CS016-10UC(DA5555123)  Source-Line:libMvCameraControl.so(CInterfaceManager.cpp-L6710)     Description:CamCtrl[0x3020100], U3V SDKVersion[0x3020100], DriverVersion[0x0]     Solution:
Info    2026-05-23 03:37:32  DevID:MV-CS016-10UC(DA5555123)  Source-Line:libMvCameraControl.so(CInterfaceManager.cpp-L4236)     Description:[MV_CC_InvalidateNodes] return[0x0]     Solution:
Info    2026-05-23 03:37:32  DevID:MV-CS016-10UC(DA5555123)  Source-Line:libMvCameraControl.so(CInterfaceManager.cpp-L1086)     Description:[MV_CC_OpenDevice] nPrivilegeMode[1], nSwitchoverKey[0], return[0x0]     Solution:
Info    2026-05-23 03:37:32  DevID:MV-CS016-10UC(DA5555123)  Source-Line:libMvCameraControl.so(CInterfaceManager.cpp-L3684)     Description:[MV_CC_GetImageInfo] return[0x0]     Solution:
Info    2026-05-23 03:37:32  DevID:MV-CS016-10UC(DA5555123)  Source-Line:libMvCameraControl.so(CInterfaceManager.cpp-L1703)     Description:U3V, DeviceModelName[MV-CS016-10UC], DeviceFirmwareVersion[V2.1.4 2309271116552 23092502], DeviceMaxThroughput[387500]     Solution:
Info    2026-05-23 03:37:32  DevID:MV-CS016-10UC(DA5555123)  Source-Line:libMvCameraControl.so(CInterfaceManager.cpp-L1708)     Description:U3V, Width[1440], Height[1080], OffsetX[0], OffsetY[0], PixelFormat[0x1080009], AcquisitionMode[2]     Solution:
Info    2026-05-23 03:37:32  DevID:MV-CS016-10UC(DA5555123)  Source-Line:libMvCameraControl.so(CInterfaceManager.cpp-L1713)     Description:U3V, TriggerMode[0], ResultingFrameRate[165.52], ExposureTime[1000.00], ExposureAuto[0], PayloadSize[1555200]     Solution:
Info    2026-05-23 03:37:32  DevID:MV-CS016-10UC(DA5555123)  Source-Line:libMvCameraControl.so(CInterfaceManager.cpp-L6315)     Description:CamCtrl RecvThread Start, ThreadId[-1417681344]     Solution:
Info    2026-05-23 03:37:32  DevID:MV-CS016-10UC(DA5555123)  Source-Line:libMvCameraControl.so(CInterfaceManager.cpp-L6083)     Description:CamCtrl Display Thread Start, ThreadId[-1426074048]     Solution:
Info    2026-05-23 03:37:32  DevID:MV-CS016-10UC(DA5555123)  Source-Line:libMvCameraControl.so(CInterfaceManager.cpp-L1795)     Description:There is no registration callback     Solution:
Info    2026-05-23 03:37:32  DevID:MV-CS016-10UC(DA5555123)  Source-Line:libMvCameraControl.so(CInterfaceManager.cpp-L1800)     Description:[MV_CC_StartGrabbing] return[0x0]     Solution:
Info    2026-05-23 03:37:34  DevID:MV-CS016-10UC(DA5555123)  Source-Line:libMvCameraControl.so(CInterfaceManager.cpp-L1888)     Description:[StopGrabbing] return[0x0]     Solution:
Info    2026-05-23 03:37:34  DevID:MV-CS016-10UC(DA5555123)  Source-Line:libMvCameraControl.so(CInterfaceManager.cpp-L6545)     Description:RecvThread Process Exit     Solution:
Info    2026-05-23 03:37:34  DevID:MV-CS016-10UC(DA5555123)  Source-Line:libMvCameraControl.so(CInterfaceManager.cpp-L6299)     Description:Display process exit     Solution:
Info    2026-05-23 03:37:35  DevID:MV-CS016-10UC(DA5555123)  Source-Line:libMvCameraControl.so(CInterfaceManager.cpp-L1166)     Description:[CloseDevice] return[0x0]     Solution:
Info    2026-05-23 03:37:59  DevID:MV-CS016-10UC(DA5555123)  Source-Line:libMvCameraControl.so(CInterfaceManager.cpp-L0809)     Description:Current dynamic library path[/home/whiteink/RM_PKA_Sentry_RMUC/install/rm_hik_camera_driver/lib/libMvCameraControl.so]     Solution:
Info    2026-05-23 03:37:59  DevID:MV-CS016-10UC(DA5555123)  Source-Line:libMvCameraControl.so(CInterfaceManager.cpp-L0812)     Description:CamCtl_Version: 3.2.1.0     Solution:
Info    2026-05-23 03:37:59  DevID:MV-CS016-10UC(DA5555123)  Source-Line:libMvCameraControl.so(CInterfaceManager.cpp-L0813)     Description:CamCtl_Description: BaseLine Build 20211203     Solution:
Info    2026-05-23 03:37:59  DevID:MV-CS016-10UC(DA5555123)  Source-Line:libMvCameraControl.so(CInterfaceManager.cpp-L0815)     Description:[MV_CC_CreateHandle] return[0x0]     Solution:
Info    2026-05-23 03:37:59  DevID:MV-CS016-10UC(DA5555123)  Source-Line:libMvCameraControl.so(CInterfaceManager.cpp-L6710)     Description:CamCtrl[0x3020100], U3V SDKVersion[0x3020100], DriverVersion[0x0]     Solution:
Info    2026-05-23 03:37:59  DevID:MV-CS016-10UC(DA5555123)  Source-Line:libMvCameraControl.so(CInterfaceManager.cpp-L4236)     Description:[MV_CC_InvalidateNodes] return[0x0]     Solution:
Info    2026-05-23 03:37:59  DevID:MV-CS016-10UC(DA5555123)  Source-Line:libMvCameraControl.so(CInterfaceManager.cpp-L1086)     Description:[MV_CC_OpenDevice] nPrivilegeMode[1], nSwitchoverKey[0], return[0x0]     Solution:
Info    2026-05-23 03:37:59  DevID:MV-CS016-10UC(DA5555123)  Source-Line:libMvCameraControl.so(CInterfaceManager.cpp-L3684)     Description:[MV_CC_GetImageInfo] return[0x0]     Solution:
Info    2026-05-23 03:37:59  DevID:MV-CS016-10UC(DA5555123)  Source-Line:libMvCameraControl.so(CInterfaceManager.cpp-L1703)     Description:U3V, DeviceModelName[MV-CS016-10UC], DeviceFirmwareVersion[V2.1.4 2309271116552 23092502], DeviceMaxThroughput[387500]     Solution:
Info    2026-05-23 03:37:59  DevID:MV-CS016-10UC(DA5555123)  Source-Line:libMvCameraControl.so(CInterfaceManager.cpp-L1708)     Description:U3V, Width[1440], Height[1080], OffsetX[0], OffsetY[0], PixelFormat[0x1080009], AcquisitionMode[2]     Solution:
Info    2026-05-23 03:37:59  DevID:MV-CS016-10UC(DA5555123)  Source-Line:libMvCameraControl.so(CInterfaceManager.cpp-L1713)     Description:U3V, TriggerMode[0], ResultingFrameRate[165.52], ExposureTime[1000.00], ExposureAuto[0], PayloadSize[1555200]     Solution:
Info    2026-05-23 03:37:59  DevID:MV-CS016-10UC(DA5555123)  Source-Line:libMvCameraControl.so(CInterfaceManager.cpp-L6315)     Description:CamCtrl RecvThread Start, ThreadId[-83896768]     Solution:
Info    2026-05-23 03:37:59  DevID:MV-CS016-10UC(DA5555123)  Source-Line:libMvCameraControl.so(CInterfaceManager.cpp-L6083)     Description:CamCtrl Display Thread Start, ThreadId[-92289472]     Solution:
Info    2026-05-23 03:37:59  DevID:MV-CS016-10UC(DA5555123)  Source-Line:libMvCameraControl.so(CInterfaceManager.cpp-L1795)     Description:There is no registration callback     Solution:
Info    2026-05-23 03:37:59  DevID:MV-CS016-10UC(DA5555123)  Source-Line:libMvCameraControl.so(CInterfaceManager.cpp-L1800)     Description:[MV_CC_StartGrabbing] return[0x0]     Solution:
Info    2026-05-23 03:57:34  DevID:MV-CS016-10UC(DA5555123)  Source-Line:libMvCameraControl.so(CInterfaceManager.cpp-L0809)     Description:Current dynamic library path[/home/whiteink/RM_PKA_Sentry_RMUC/install/rm_hik_camera_driver/lib/libMvCameraControl.so]     Solution:
Info    2026-05-23 03:57:34  DevID:MV-CS016-10UC(DA5555123)  Source-Line:libMvCameraControl.so(CInterfaceManager.cpp-L0812)     Description:CamCtl_Version: 3.2.1.0     Solution:
Info    2026-05-23 03:57:34  DevID:MV-CS016-10UC(DA5555123)  Source-Line:libMvCameraControl.so(CInterfaceManager.cpp-L0813)     Description:CamCtl_Description: BaseLine Build 20211203     Solution:
Info    2026-05-23 03:57:34  DevID:MV-CS016-10UC(DA5555123)  Source-Line:libMvCameraControl.so(CInterfaceManager.cpp-L0815)     Description:[MV_CC_CreateHandle] return[0x0]     Solution:
Info    2026-05-23 03:57:34  DevID:MV-CS016-10UC(DA5555123)  Source-Line:libMvCameraControl.so(CInterfaceManager.cpp-L6710)     Description:CamCtrl[0x3020100], U3V SDKVersion[0x3020100], DriverVersion[0x0]     Solution:
Info    2026-05-23 03:57:35  DevID:MV-CS016-10UC(DA5555123)  Source-Line:libMvCameraControl.so(CInterfaceManager.cpp-L4236)     Description:[MV_CC_InvalidateNodes] return[0x0]     Solution:
Info    2026-05-23 03:57:35  DevID:MV-CS016-10UC(DA5555123)  Source-Line:libMvCameraControl.so(CInterfaceManager.cpp-L1086)     Description:[MV_CC_OpenDevice] nPrivilegeMode[1], nSwitchoverKey[0], return[0x0]     Solution:
Info    2026-05-23 03:57:35  DevID:MV-CS016-10UC(DA5555123)  Source-Line:libMvCameraControl.so(CInterfaceManager.cpp-L3684)     Description:[MV_CC_GetImageInfo] return[0x0]     Solution:
Info    2026-05-23 03:57:35  DevID:MV-CS016-10UC(DA5555123)  Source-Line:libMvCameraControl.so(CInterfaceManager.cpp-L1703)     Description:U3V, DeviceModelName[MV-CS016-10UC], DeviceFirmwareVersion[V2.1.4 2309271116552 23092502], DeviceMaxThroughput[387500]     Solution:
Info    2026-05-23 03:57:35  DevID:MV-CS016-10UC(DA5555123)  Source-Line:libMvCameraControl.so(CInterfaceManager.cpp-L1708)     Description:U3V, Width[1440], Height[1080], OffsetX[0], OffsetY[0], PixelFormat[0x1080009], AcquisitionMode[2]     Solution:
Info    2026-05-23 03:57:35  DevID:MV-CS016-10UC(DA5555123)  Source-Line:libMvCameraControl.so(CInterfaceManager.cpp-L1713)     Description:U3V, TriggerMode[0], ResultingFrameRate[165.52], ExposureTime[1000.00], ExposureAuto[0], PayloadSize[1555200]     Solution:
Info    2026-05-23 03:57:35  DevID:MV-CS016-10UC(DA5555123)  Source-Line:libMvCameraControl.so(CInterfaceManager.cpp-L6315)     Description:CamCtrl RecvThread Start, ThreadId[-687876544]     Solution:
Info    2026-05-23 03:57:35  DevID:MV-CS016-10UC(DA5555123)  Source-Line:libMvCameraControl.so(CInterfaceManager.cpp-L6083)     Description:CamCtrl Display Thread Start, ThreadId[-696269248]     Solution:
Info    2026-05-23 03:57:35  DevID:MV-CS016-10UC(DA5555123)  Source-Line:libMvCameraControl.so(CInterfaceManager.cpp-L1795)     Description:There is no registration callback     Solution:
Info    2026-05-23 03:57:35  DevID:MV-CS016-10UC(DA5555123)  Source-Line:libMvCameraControl.so(CInterfaceManager.cpp-L1800)     Description:[MV_CC_StartGrabbing] return[0x0]     Solution:
Info    2026-05-23 03:58:56  DevID:MV-CS016-10UC(DA5555123)  Source-Line:libMvCameraControl.so(CInterfaceManager.cpp-L1888)     Description:[StopGrabbing] return[0x0]     Solution:
Info    2026-05-23 03:58:56  DevID:MV-CS016-10UC(DA5555123)  Source-Line:libMvCameraControl.so(CInterfaceManager.cpp-L6545)     Description:RecvThread Process Exit     Solution:
Info    2026-05-23 03:58:56  DevID:MV-CS016-10UC(DA5555123)  Source-Line:libMvCameraControl.so(CInterfaceManager.cpp-L6299)     Description:Display process exit     Solution:
Info    2026-05-23 03:58:57  DevID:MV-CS016-10UC(DA5555123)  Source-Line:libMvCameraControl.so(CInterfaceManager.cpp-L1166)     Description:[CloseDevice] return[0x0]     Solution:
Info    2026-05-23 04:00:01  DevID:MV-CS016-10UC(DA5555123)  Source-Line:libMvCameraControl.so(CInterfaceManager.cpp-L0809)     Description:Current dynamic library path[/home/whiteink/RM_PKA_Sentry_RMUC/install/rm_hik_camera_driver/lib/libMvCameraControl.so]     Solution:
Info    2026-05-23 04:00:01  DevID:MV-CS016-10UC(DA5555123)  Source-Line:libMvCameraControl.so(CInterfaceManager.cpp-L0812)     Description:CamCtl_Version: 3.2.1.0     Solution:
Info    2026-05-23 04:00:01  DevID:MV-CS016-10UC(DA5555123)  Source-Line:libMvCameraControl.so(CInterfaceManager.cpp-L0813)     Description:CamCtl_Description: BaseLine Build 20211203     Solution:
Info    2026-05-23 04:00:01  DevID:MV-CS016-10UC(DA5555123)  Source-Line:libMvCameraControl.so(CInterfaceManager.cpp-L0815)     Description:[MV_CC_CreateHandle] return[0x0]     Solution:
Info    2026-05-23 04:00:01  DevID:MV-CS016-10UC(DA5555123)  Source-Line:libMvCameraControl.so(CInterfaceManager.cpp-L6710)     Description:CamCtrl[0x3020100], U3V SDKVersion[0x3020100], DriverVersion[0x0]     Solution:
Info    2026-05-23 04:00:01  DevID:MV-CS016-10UC(DA5555123)  Source-Line:libMvCameraControl.so(CInterfaceManager.cpp-L4236)     Description:[MV_CC_InvalidateNodes] return[0x0]     Solution:
Info    2026-05-23 04:00:01  DevID:MV-CS016-10UC(DA5555123)  Source-Line:libMvCameraControl.so(CInterfaceManager.cpp-L1086)     Description:[MV_CC_OpenDevice] nPrivilegeMode[1], nSwitchoverKey[0], return[0x0]     Solution:
Info    2026-05-23 04:00:01  DevID:MV-CS016-10UC(DA5555123)  Source-Line:libMvCameraControl.so(CInterfaceManager.cpp-L3684)     Description:[MV_CC_GetImageInfo] return[0x0]     Solution:
Info    2026-05-23 04:00:01  DevID:MV-CS016-10UC(DA5555123)  Source-Line:libMvCameraControl.so(CInterfaceManager.cpp-L1703)     Description:U3V, DeviceModelName[MV-CS016-10UC], DeviceFirmwareVersion[V2.1.4 2309271116552 23092502], DeviceMaxThroughput[387500]     Solution:
Info    2026-05-23 04:00:01  DevID:MV-CS016-10UC(DA5555123)  Source-Line:libMvCameraControl.so(CInterfaceManager.cpp-L1708)     Description:U3V, Width[1440], Height[1080], OffsetX[0], OffsetY[0], PixelFormat[0x1080009], AcquisitionMode[2]     Solution:
Info    2026-05-23 04:00:01  DevID:MV-CS016-10UC(DA5555123)  Source-Line:libMvCameraControl.so(CInterfaceManager.cpp-L1713)     Description:U3V, TriggerMode[0], ResultingFrameRate[165.52], ExposureTime[1000.00], ExposureAuto[0], PayloadSize[1555200]     Solution:
Info    2026-05-23 04:00:01  DevID:MV-CS016-10UC(DA5555123)  Source-Line:libMvCameraControl.so(CInterfaceManager.cpp-L6315)     Description:CamCtrl RecvThread Start, ThreadId[510719552]     Solution:
Info    2026-05-23 04:00:01  DevID:MV-CS016-10UC(DA5555123)  Source-Line:libMvCameraControl.so(CInterfaceManager.cpp-L6083)     Description:CamCtrl Display Thread Start, ThreadId[502326848]     Solution:
Info    2026-05-23 04:00:01  DevID:MV-CS016-10UC(DA5555123)  Source-Line:libMvCameraControl.so(CInterfaceManager.cpp-L1795)     Description:There is no registration callback     Solution:
Info    2026-05-23 04:00:01  DevID:MV-CS016-10UC(DA5555123)  Source-Line:libMvCameraControl.so(CInterfaceManager.cpp-L1800)     Description:[MV_CC_StartGrabbing] return[0x0]     Solution:
Info    2026-05-23 04:00:05  DevID:MV-CS016-10UC(DA5555123)  Source-Line:libMvCameraControl.so(CInterfaceManager.cpp-L1888)     Description:[StopGrabbing] return[0x0]     Solution:
Info    2026-05-23 04:00:05  DevID:MV-CS016-10UC(DA5555123)  Source-Line:libMvCameraControl.so(CInterfaceManager.cpp-L6545)     Description:RecvThread Process Exit     Solution:
Info    2026-05-23 04:00:05  DevID:MV-CS016-10UC(DA5555123)  Source-Line:libMvCameraControl.so(CInterfaceManager.cpp-L6299)     Description:Display process exit     Solution:
Info    2026-05-23 04:00:07  DevID:MV-CS016-10UC(DA5555123)  Source-Line:libMvCameraControl.so(CInterfaceManager.cpp-L1166)     Description:[CloseDevice] return[0x0]     Solution:
Info    2026-05-23 04:00:14  DevID:MV-CS016-10UC(DA5555123)  Source-Line:libMvCameraControl.so(CInterfaceManager.cpp-L0809)     Description:Current dynamic library path[/home/whiteink/RM_PKA_Sentry_RMUC/install/rm_hik_camera_driver/lib/libMvCameraControl.so]     Solution:
Info    2026-05-23 04:00:14  DevID:MV-CS016-10UC(DA5555123)  Source-Line:libMvCameraControl.so(CInterfaceManager.cpp-L0812)     Description:CamCtl_Version: 3.2.1.0     Solution:
Info    2026-05-23 04:00:14  DevID:MV-CS016-10UC(DA5555123)  Source-Line:libMvCameraControl.so(CInterfaceManager.cpp-L0813)     Description:CamCtl_Description: BaseLine Build 20211203     Solution:
Info    2026-05-23 04:00:14  DevID:MV-CS016-10UC(DA5555123)  Source-Line:libMvCameraControl.so(CInterfaceManager.cpp-L0815)     Description:[MV_CC_CreateHandle] return[0x0]     Solution:
Info    2026-05-23 04:00:14  DevID:MV-CS016-10UC(DA5555123)  Source-Line:libMvCameraControl.so(CInterfaceManager.cpp-L6710)     Description:CamCtrl[0x3020100], U3V SDKVersion[0x3020100], DriverVersion[0x0]     Solution:
Info    2026-05-23 04:00:15  DevID:MV-CS016-10UC(DA5555123)  Source-Line:libMvCameraControl.so(CInterfaceManager.cpp-L4236)     Description:[MV_CC_InvalidateNodes] return[0x0]     Solution:
Info    2026-05-23 04:00:15  DevID:MV-CS016-10UC(DA5555123)  Source-Line:libMvCameraControl.so(CInterfaceManager.cpp-L1086)     Description:[MV_CC_OpenDevice] nPrivilegeMode[1], nSwitchoverKey[0], return[0x0]     Solution:
Info    2026-05-23 04:00:15  DevID:MV-CS016-10UC(DA5555123)  Source-Line:libMvCameraControl.so(CInterfaceManager.cpp-L3684)     Description:[MV_CC_GetImageInfo] return[0x0]     Solution:
Info    2026-05-23 04:00:15  DevID:MV-CS016-10UC(DA5555123)  Source-Line:libMvCameraControl.so(CInterfaceManager.cpp-L1703)     Description:U3V, DeviceModelName[MV-CS016-10UC], DeviceFirmwareVersion[V2.1.4 2309271116552 23092502], DeviceMaxThroughput[387500]     Solution:
Info    2026-05-23 04:00:15  DevID:MV-CS016-10UC(DA5555123)  Source-Line:libMvCameraControl.so(CInterfaceManager.cpp-L1708)     Description:U3V, Width[1440], Height[1080], OffsetX[0], OffsetY[0], PixelFormat[0x1080009], AcquisitionMode[2]     Solution:
Info    2026-05-23 04:00:15  DevID:MV-CS016-10UC(DA5555123)  Source-Line:libMvCameraControl.so(CInterfaceManager.cpp-L1713)     Description:U3V, TriggerMode[0], ResultingFrameRate[165.52], ExposureTime[1000.00], ExposureAuto[0], PayloadSize[1555200]     Solution:
Info    2026-05-23 04:00:15  DevID:MV-CS016-10UC(DA5555123)  Source-Line:libMvCameraControl.so(CInterfaceManager.cpp-L6315)     Description:CamCtrl RecvThread Start, ThreadId[-2128656832]     Solution:
Info    2026-05-23 04:00:15  DevID:MV-CS016-10UC(DA5555123)  Source-Line:libMvCameraControl.so(CInterfaceManager.cpp-L6083)     Description:CamCtrl Display Thread Start, ThreadId[-2137049536]     Solution:
Info    2026-05-23 04:00:15  DevID:MV-CS016-10UC(DA5555123)  Source-Line:libMvCameraControl.so(CInterfaceManager.cpp-L1795)     Description:There is no registration callback     Solution:
Info    2026-05-23 04:00:15  DevID:MV-CS016-10UC(DA5555123)  Source-Line:libMvCameraControl.so(CInterfaceManager.cpp-L1800)     Description:[MV_CC_StartGrabbing] return[0x0]     Solution:
Info    2026-05-23 04:00:54  DevID:MV-CS016-10UC(DA5555123)  Source-Line:libMvCameraControl.so(CInterfaceManager.cpp-L1888)     Description:[StopGrabbing] return[0x0]     Solution:
Info    2026-05-23 04:00:54  DevID:MV-CS016-10UC(DA5555123)  Source-Line:libMvCameraControl.so(CInterfaceManager.cpp-L6545)     Description:RecvThread Process Exit     Solution:
Info    2026-05-23 04:00:54  DevID:MV-CS016-10UC(DA5555123)  Source-Line:libMvCameraControl.so(CInterfaceManager.cpp-L6299)     Description:Display process exit     Solution:
Info    2026-05-23 04:00:56  DevID:MV-CS016-10UC(DA5555123)  Source-Line:libMvCameraControl.so(CInterfaceManager.cpp-L1166)     Description:[CloseDevice] return[0x0]     Solution:
Info    2026-05-23 04:01:27  DevID:MV-CS016-10UC(DA5555123)  Source-Line:libMvCameraControl.so(CInterfaceManager.cpp-L0809)     Description:Current dynamic library path[/home/whiteink/RM_PKA_Sentry_RMUC/install/rm_hik_camera_driver/lib/libMvCameraControl.so]     Solution:
Info    2026-05-23 04:01:27  DevID:MV-CS016-10UC(DA5555123)  Source-Line:libMvCameraControl.so(CInterfaceManager.cpp-L0812)     Description:CamCtl_Version: 3.2.1.0     Solution:
Info    2026-05-23 04:01:27  DevID:MV-CS016-10UC(DA5555123)  Source-Line:libMvCameraControl.so(CInterfaceManager.cpp-L0813)     Description:CamCtl_Description: BaseLine Build 20211203     Solution:
Info    2026-05-23 04:01:27  DevID:MV-CS016-10UC(DA5555123)  Source-Line:libMvCameraControl.so(CInterfaceManager.cpp-L0815)     Description:[MV_CC_CreateHandle] return[0x0]     Solution:
Info    2026-05-23 04:01:27  DevID:MV-CS016-10UC(DA5555123)  Source-Line:libMvCameraControl.so(CInterfaceManager.cpp-L6710)     Description:CamCtrl[0x3020100], U3V SDKVersion[0x3020100], DriverVersion[0x0]     Solution:
Info    2026-05-23 04:01:28  DevID:MV-CS016-10UC(DA5555123)  Source-Line:libMvCameraControl.so(CInterfaceManager.cpp-L4236)     Description:[MV_CC_InvalidateNodes] return[0x0]     Solution:
Info    2026-05-23 04:01:28  DevID:MV-CS016-10UC(DA5555123)  Source-Line:libMvCameraControl.so(CInterfaceManager.cpp-L1086)     Description:[MV_CC_OpenDevice] nPrivilegeMode[1], nSwitchoverKey[0], return[0x0]     Solution:
Info    2026-05-23 04:01:28  DevID:MV-CS016-10UC(DA5555123)  Source-Line:libMvCameraControl.so(CInterfaceManager.cpp-L3684)     Description:[MV_CC_GetImageInfo] return[0x0]     Solution:
Info    2026-05-23 04:01:28  DevID:MV-CS016-10UC(DA5555123)  Source-Line:libMvCameraControl.so(CInterfaceManager.cpp-L1703)     Description:U3V, DeviceModelName[MV-CS016-10UC], DeviceFirmwareVersion[V2.1.4 2309271116552 23092502], DeviceMaxThroughput[387500]     Solution:
Info    2026-05-23 04:01:28  DevID:MV-CS016-10UC(DA5555123)  Source-Line:libMvCameraControl.so(CInterfaceManager.cpp-L1708)     Description:U3V, Width[1440], Height[1080], OffsetX[0], OffsetY[0], PixelFormat[0x1080009], AcquisitionMode[2]     Solution:
Info    2026-05-23 04:01:28  DevID:MV-CS016-10UC(DA5555123)  Source-Line:libMvCameraControl.so(CInterfaceManager.cpp-L1713)     Description:U3V, TriggerMode[0], ResultingFrameRate[165.52], ExposureTime[1000.00], ExposureAuto[0], PayloadSize[1555200]     Solution:
Info    2026-05-23 04:01:28  DevID:MV-CS016-10UC(DA5555123)  Source-Line:libMvCameraControl.so(CInterfaceManager.cpp-L6315)     Description:CamCtrl RecvThread Start, ThreadId[1325389376]     Solution:
Info    2026-05-23 04:01:28  DevID:MV-CS016-10UC(DA5555123)  Source-Line:libMvCameraControl.so(CInterfaceManager.cpp-L6083)     Description:CamCtrl Display Thread Start, ThreadId[1316996672]     Solution:
Info    2026-05-23 04:01:28  DevID:MV-CS016-10UC(DA5555123)  Source-Line:libMvCameraControl.so(CInterfaceManager.cpp-L1795)     Description:There is no registration callback     Solution:
Info    2026-05-23 04:01:28  DevID:MV-CS016-10UC(DA5555123)  Source-Line:libMvCameraControl.so(CInterfaceManager.cpp-L1800)     Description:[MV_CC_StartGrabbing] return[0x0]     Solution:
Info    2026-05-23 04:03:30  DevID:MV-CS016-10UC(DA5555123)  Source-Line:libMvCameraControl.so(CInterfaceManager.cpp-L0809)     Description:Current dynamic library path[/home/whiteink/RM_PKA_Sentry_RMUC/install/rm_hik_camera_driver/lib/libMvCameraControl.so]     Solution:
Info    2026-05-23 04:03:30  DevID:MV-CS016-10UC(DA5555123)  Source-Line:libMvCameraControl.so(CInterfaceManager.cpp-L0812)     Description:CamCtl_Version: 3.2.1.0     Solution:
Info    2026-05-23 04:03:30  DevID:MV-CS016-10UC(DA5555123)  Source-Line:libMvCameraControl.so(CInterfaceManager.cpp-L0813)     Description:CamCtl_Description: BaseLine Build 20211203     Solution:
Info    2026-05-23 04:03:30  DevID:MV-CS016-10UC(DA5555123)  Source-Line:libMvCameraControl.so(CInterfaceManager.cpp-L0815)     Description:[MV_CC_CreateHandle] return[0x0]     Solution:
Info    2026-05-23 04:03:30  DevID:MV-CS016-10UC(DA5555123)  Source-Line:libMvCameraControl.so(CInterfaceManager.cpp-L6710)     Description:CamCtrl[0x3020100], U3V SDKVersion[0x3020100], DriverVersion[0x0]     Solution:
Info    2026-05-23 04:03:32  DevID:MV-CS016-10UC(DA5555123)  Source-Line:libMvCameraControl.so(CInterfaceManager.cpp-L4236)     Description:[MV_CC_InvalidateNodes] return[0x0]     Solution:
Info    2026-05-23 04:03:32  DevID:MV-CS016-10UC(DA5555123)  Source-Line:libMvCameraControl.so(CInterfaceManager.cpp-L1086)     Description:[MV_CC_OpenDevice] nPrivilegeMode[1], nSwitchoverKey[0], return[0x0]     Solution:
Info    2026-05-23 04:03:32  DevID:MV-CS016-10UC(DA5555123)  Source-Line:libMvCameraControl.so(CInterfaceManager.cpp-L3684)     Description:[MV_CC_GetImageInfo] return[0x0]     Solution:
Info    2026-05-23 04:03:32  DevID:MV-CS016-10UC(DA5555123)  Source-Line:libMvCameraControl.so(CInterfaceManager.cpp-L1703)     Description:U3V, DeviceModelName[MV-CS016-10UC], DeviceFirmwareVersion[V2.1.4 2309271116552 23092502], DeviceMaxThroughput[387500]     Solution:
Info    2026-05-23 04:03:32  DevID:MV-CS016-10UC(DA5555123)  Source-Line:libMvCameraControl.so(CInterfaceManager.cpp-L1708)     Description:U3V, Width[1440], Height[1080], OffsetX[0], OffsetY[0], PixelFormat[0x1080009], AcquisitionMode[2]     Solution:
Info    2026-05-23 04:03:32  DevID:MV-CS016-10UC(DA5555123)  Source-Line:libMvCameraControl.so(CInterfaceManager.cpp-L1713)     Description:U3V, TriggerMode[0], ResultingFrameRate[165.52], ExposureTime[1000.00], ExposureAuto[0], PayloadSize[1555200]     Solution:
Info    2026-05-23 04:03:32  DevID:MV-CS016-10UC(DA5555123)  Source-Line:libMvCameraControl.so(CInterfaceManager.cpp-L6315)     Description:CamCtrl RecvThread Start, ThreadId[1838511680]     Solution:
Info    2026-05-23 04:03:32  DevID:MV-CS016-10UC(DA5555123)  Source-Line:libMvCameraControl.so(CInterfaceManager.cpp-L6083)     Description:CamCtrl Display Thread Start, ThreadId[1830118976]     Solution:
Info    2026-05-23 04:03:32  DevID:MV-CS016-10UC(DA5555123)  Source-Line:libMvCameraControl.so(CInterfaceManager.cpp-L1795)     Description:There is no registration callback     Solution:
Info    2026-05-23 04:03:32  DevID:MV-CS016-10UC(DA5555123)  Source-Line:libMvCameraControl.so(CInterfaceManager.cpp-L1800)     Description:[MV_CC_StartGrabbing] return[0x0]     Solution:
Info    2026-05-23 04:03:36  DevID:MV-CS016-10UC(DA5555123)  Source-Line:libMvCameraControl.so(CInterfaceManager.cpp-L1888)     Description:[StopGrabbing] return[0x0]     Solution:
Info    2026-05-23 04:03:36  DevID:MV-CS016-10UC(DA5555123)  Source-Line:libMvCameraControl.so(CInterfaceManager.cpp-L6545)     Description:RecvThread Process Exit     Solution:
Info    2026-05-23 04:03:36  DevID:MV-CS016-10UC(DA5555123)  Source-Line:libMvCameraControl.so(CInterfaceManager.cpp-L6299)     Description:Display process exit     Solution:
Info    2026-05-23 04:03:38  DevID:MV-CS016-10UC(DA5555123)  Source-Line:libMvCameraControl.so(CInterfaceManager.cpp-L1166)     Description:[CloseDevice] return[0x0]     Solution:
Info    2026-05-23 04:04:21  DevID:MV-CS016-10UC(DA5555123)  Source-Line:libMvCameraControl.so(CInterfaceManager.cpp-L0809)     Description:Current dynamic library path[/home/whiteink/RM_PKA_Sentry_RMUC/install/rm_hik_camera_driver/lib/libMvCameraControl.so]     Solution:
Info    2026-05-23 04:04:21  DevID:MV-CS016-10UC(DA5555123)  Source-Line:libMvCameraControl.so(CInterfaceManager.cpp-L0812)     Description:CamCtl_Version: 3.2.1.0     Solution:
Info    2026-05-23 04:04:21  DevID:MV-CS016-10UC(DA5555123)  Source-Line:libMvCameraControl.so(CInterfaceManager.cpp-L0813)     Description:CamCtl_Description: BaseLine Build 20211203     Solution:
Info    2026-05-23 04:04:21  DevID:MV-CS016-10UC(DA5555123)  Source-Line:libMvCameraControl.so(CInterfaceManager.cpp-L0815)     Description:[MV_CC_CreateHandle] return[0x0]     Solution:
Info    2026-05-23 04:04:21  DevID:MV-CS016-10UC(DA5555123)  Source-Line:libMvCameraControl.so(CInterfaceManager.cpp-L6710)     Description:CamCtrl[0x3020100], U3V SDKVersion[0x3020100], DriverVersion[0x0]     Solution:
Info    2026-05-23 04:04:22  DevID:MV-CS016-10UC(DA5555123)  Source-Line:libMvCameraControl.so(CInterfaceManager.cpp-L4236)     Description:[MV_CC_InvalidateNodes] return[0x0]     Solution:
Info    2026-05-23 04:04:22  DevID:MV-CS016-10UC(DA5555123)  Source-Line:libMvCameraControl.so(CInterfaceManager.cpp-L1086)     Description:[MV_CC_OpenDevice] nPrivilegeMode[1], nSwitchoverKey[0], return[0x0]     Solution:
Info    2026-05-23 04:04:22  DevID:MV-CS016-10UC(DA5555123)  Source-Line:libMvCameraControl.so(CInterfaceManager.cpp-L3684)     Description:[MV_CC_GetImageInfo] return[0x0]     Solution:
Info    2026-05-23 04:04:22  DevID:MV-CS016-10UC(DA5555123)  Source-Line:libMvCameraControl.so(CInterfaceManager.cpp-L1703)     Description:U3V, DeviceModelName[MV-CS016-10UC], DeviceFirmwareVersion[V2.1.4 2309271116552 23092502], DeviceMaxThroughput[387500]     Solution:
Info    2026-05-23 04:04:22  DevID:MV-CS016-10UC(DA5555123)  Source-Line:libMvCameraControl.so(CInterfaceManager.cpp-L1708)     Description:U3V, Width[1440], Height[1080], OffsetX[0], OffsetY[0], PixelFormat[0x1080009], AcquisitionMode[2]     Solution:
Info    2026-05-23 04:04:22  DevID:MV-CS016-10UC(DA5555123)  Source-Line:libMvCameraControl.so(CInterfaceManager.cpp-L1713)     Description:U3V, TriggerMode[0], ResultingFrameRate[165.52], ExposureTime[1000.00], ExposureAuto[0], PayloadSize[1555200]     Solution:
Info    2026-05-23 04:04:22  DevID:MV-CS016-10UC(DA5555123)  Source-Line:libMvCameraControl.so(CInterfaceManager.cpp-L6315)     Description:CamCtrl RecvThread Start, ThreadId[-184797632]     Solution:
Info    2026-05-23 04:04:22  DevID:MV-CS016-10UC(DA5555123)  Source-Line:libMvCameraControl.so(CInterfaceManager.cpp-L6083)     Description:CamCtrl Display Thread Start, ThreadId[-335546816]     Solution:
Info    2026-05-23 04:04:22  DevID:MV-CS016-10UC(DA5555123)  Source-Line:libMvCameraControl.so(CInterfaceManager.cpp-L1795)     Description:There is no registration callback     Solution:
Info    2026-05-23 04:04:22  DevID:MV-CS016-10UC(DA5555123)  Source-Line:libMvCameraControl.so(CInterfaceManager.cpp-L1800)     Description:[MV_CC_StartGrabbing] return[0x0]     Solution:
Info    2026-05-23 04:05:47  DevID:MV-CS016-10UC(DA5555123)  Source-Line:libMvCameraControl.so(CInterfaceManager.cpp-L1888)     Description:[StopGrabbing] return[0x0]     Solution:
Info    2026-05-23 04:05:47  DevID:MV-CS016-10UC(DA5555123)  Source-Line:libMvCameraControl.so(CInterfaceManager.cpp-L6545)     Description:RecvThread Process Exit     Solution:
Info    2026-05-23 04:05:47  DevID:MV-CS016-10UC(DA5555123)  Source-Line:libMvCameraControl.so(CInterfaceManager.cpp-L6299)     Description:Display process exit     Solution:
Info    2026-05-23 04:05:49  DevID:MV-CS016-10UC(DA5555123)  Source-Line:libMvCameraControl.so(CInterfaceManager.cpp-L1166)     Description:[CloseDevice] return[0x0]     Solution:
Info    2026-05-23 04:06:31  DevID:MV-CS016-10UC(DA5555123)  Source-Line:libMvCameraControl.so(CInterfaceManager.cpp-L0809)     Description:Current dynamic library path[/home/whiteink/RM_PKA_Sentry_RMUC/install/rm_hik_camera_driver/lib/libMvCameraControl.so]     Solution:
Info    2026-05-23 04:06:31  DevID:MV-CS016-10UC(DA5555123)  Source-Line:libMvCameraControl.so(CInterfaceManager.cpp-L0812)     Description:CamCtl_Version: 3.2.1.0     Solution:
Info    2026-05-23 04:06:31  DevID:MV-CS016-10UC(DA5555123)  Source-Line:libMvCameraControl.so(CInterfaceManager.cpp-L0813)     Description:CamCtl_Description: BaseLine Build 20211203     Solution:
Info    2026-05-23 04:06:31  DevID:MV-CS016-10UC(DA5555123)  Source-Line:libMvCameraControl.so(CInterfaceManager.cpp-L0815)     Description:[MV_CC_CreateHandle] return[0x0]     Solution:
Info    2026-05-23 04:06:31  DevID:MV-CS016-10UC(DA5555123)  Source-Line:libMvCameraControl.so(CInterfaceManager.cpp-L6710)     Description:CamCtrl[0x3020100], U3V SDKVersion[0x3020100], DriverVersion[0x0]     Solution:
Info    2026-05-23 04:06:31  DevID:MV-CS016-10UC(DA5555123)  Source-Line:libMvCameraControl.so(CInterfaceManager.cpp-L4236)     Description:[MV_CC_InvalidateNodes] return[0x0]     Solution:
Info    2026-05-23 04:06:31  DevID:MV-CS016-10UC(DA5555123)  Source-Line:libMvCameraControl.so(CInterfaceManager.cpp-L1086)     Description:[MV_CC_OpenDevice] nPrivilegeMode[1], nSwitchoverKey[0], return[0x0]     Solution:
Info    2026-05-23 04:06:31  DevID:MV-CS016-10UC(DA5555123)  Source-Line:libMvCameraControl.so(CInterfaceManager.cpp-L3684)     Description:[MV_CC_GetImageInfo] return[0x0]     Solution:
Info    2026-05-23 04:06:31  DevID:MV-CS016-10UC(DA5555123)  Source-Line:libMvCameraControl.so(CInterfaceManager.cpp-L1703)     Description:U3V, DeviceModelName[MV-CS016-10UC], DeviceFirmwareVersion[V2.1.4 2309271116552 23092502], DeviceMaxThroughput[387500]     Solution:
Info    2026-05-23 04:06:31  DevID:MV-CS016-10UC(DA5555123)  Source-Line:libMvCameraControl.so(CInterfaceManager.cpp-L1708)     Description:U3V, Width[1440], Height[1080], OffsetX[0], OffsetY[0], PixelFormat[0x1080009], AcquisitionMode[2]     Solution:
Info    2026-05-23 04:06:31  DevID:MV-CS016-10UC(DA5555123)  Source-Line:libMvCameraControl.so(CInterfaceManager.cpp-L1713)     Description:U3V, TriggerMode[0], ResultingFrameRate[165.52], ExposureTime[1000.00], ExposureAuto[0], PayloadSize[1555200]     Solution:
Info    2026-05-23 04:06:31  DevID:MV-CS016-10UC(DA5555123)  Source-Line:libMvCameraControl.so(CInterfaceManager.cpp-L6315)     Description:CamCtrl RecvThread Start, ThreadId[1238963776]     Solution:
Info    2026-05-23 04:06:31  DevID:MV-CS016-10UC(DA5555123)  Source-Line:libMvCameraControl.so(CInterfaceManager.cpp-L6083)     Description:CamCtrl Display Thread Start, ThreadId[1230571072]     Solution:
Info    2026-05-23 04:06:31  DevID:MV-CS016-10UC(DA5555123)  Source-Line:libMvCameraControl.so(CInterfaceManager.cpp-L1795)     Description:There is no registration callback     Solution:
Info    2026-05-23 04:06:31  DevID:MV-CS016-10UC(DA5555123)  Source-Line:libMvCameraControl.so(CInterfaceManager.cpp-L1800)     Description:[MV_CC_StartGrabbing] return[0x0]     Solution:
Info    2026-05-23 04:06:47  DevID:MV-CS016-10UC(DA5555123)  Source-Line:libMvCameraControl.so(CInterfaceManager.cpp-L1888)     Description:[StopGrabbing] return[0x0]     Solution:
Info    2026-05-23 04:06:47  DevID:MV-CS016-10UC(DA5555123)  Source-Line:libMvCameraControl.so(CInterfaceManager.cpp-L6545)     Description:RecvThread Process Exit     Solution:
Info    2026-05-23 04:06:47  DevID:MV-CS016-10UC(DA5555123)  Source-Line:libMvCameraControl.so(CInterfaceManager.cpp-L6299)     Description:Display process exit     Solution:
Info    2026-05-23 04:06:47  DevID:MV-CS016-10UC(DA5555123)  Source-Line:libMvCameraControl.so(CInterfaceManager.cpp-L1166)     Description:[CloseDevice] return[0x0]     Solution:
Info    2026-05-23 04:07:49  DevID:MV-CS016-10UC(DA5555123)  Source-Line:libMvCameraControl.so(CInterfaceManager.cpp-L0809)     Description:Current dynamic library path[/home/whiteink/RM_PKA_Sentry_RMUC/install/rm_hik_camera_driver/lib/libMvCameraControl.so]     Solution:
Info    2026-05-23 04:07:49  DevID:MV-CS016-10UC(DA5555123)  Source-Line:libMvCameraControl.so(CInterfaceManager.cpp-L0812)     Description:CamCtl_Version: 3.2.1.0     Solution:
Info    2026-05-23 04:07:49  DevID:MV-CS016-10UC(DA5555123)  Source-Line:libMvCameraControl.so(CInterfaceManager.cpp-L0813)     Description:CamCtl_Description: BaseLine Build 20211203     Solution:
Info    2026-05-23 04:07:49  DevID:MV-CS016-10UC(DA5555123)  Source-Line:libMvCameraControl.so(CInterfaceManager.cpp-L0815)     Description:[MV_CC_CreateHandle] return[0x0]     Solution:
Info    2026-05-23 04:07:49  DevID:MV-CS016-10UC(DA5555123)  Source-Line:libMvCameraControl.so(CInterfaceManager.cpp-L6710)     Description:CamCtrl[0x3020100], U3V SDKVersion[0x3020100], DriverVersion[0x0]     Solution:
Info    2026-05-23 04:07:50  DevID:MV-CS016-10UC(DA5555123)  Source-Line:libMvCameraControl.so(CInterfaceManager.cpp-L4236)     Description:[MV_CC_InvalidateNodes] return[0x0]     Solution:
Info    2026-05-23 04:07:50  DevID:MV-CS016-10UC(DA5555123)  Source-Line:libMvCameraControl.so(CInterfaceManager.cpp-L1086)     Description:[MV_CC_OpenDevice] nPrivilegeMode[1], nSwitchoverKey[0], return[0x0]     Solution:
Info    2026-05-23 04:07:50  DevID:MV-CS016-10UC(DA5555123)  Source-Line:libMvCameraControl.so(CInterfaceManager.cpp-L3684)     Description:[MV_CC_GetImageInfo] return[0x0]     Solution:
Info    2026-05-23 04:07:50  DevID:MV-CS016-10UC(DA5555123)  Source-Line:libMvCameraControl.so(CInterfaceManager.cpp-L1703)     Description:U3V, DeviceModelName[MV-CS016-10UC], DeviceFirmwareVersion[V2.1.4 2309271116552 23092502], DeviceMaxThroughput[387500]     Solution:
Info    2026-05-23 04:07:50  DevID:MV-CS016-10UC(DA5555123)  Source-Line:libMvCameraControl.so(CInterfaceManager.cpp-L1708)     Description:U3V, Width[1440], Height[1080], OffsetX[0], OffsetY[0], PixelFormat[0x1080009], AcquisitionMode[2]     Solution:
Info    2026-05-23 04:07:50  DevID:MV-CS016-10UC(DA5555123)  Source-Line:libMvCameraControl.so(CInterfaceManager.cpp-L1713)     Description:U3V, TriggerMode[0], ResultingFrameRate[165.52], ExposureTime[1000.00], ExposureAuto[0], PayloadSize[1555200]     Solution:
Info    2026-05-23 04:07:50  DevID:MV-CS016-10UC(DA5555123)  Source-Line:libMvCameraControl.so(CInterfaceManager.cpp-L6315)     Description:CamCtrl RecvThread Start, ThreadId[1772713536]     Solution:
Info    2026-05-23 04:07:50  DevID:MV-CS016-10UC(DA5555123)  Source-Line:libMvCameraControl.so(CInterfaceManager.cpp-L6083)     Description:CamCtrl Display Thread Start, ThreadId[1764320832]     Solution:
Info    2026-05-23 04:07:50  DevID:MV-CS016-10UC(DA5555123)  Source-Line:libMvCameraControl.so(CInterfaceManager.cpp-L1795)     Description:There is no registration callback     Solution:
Info    2026-05-23 04:07:50  DevID:MV-CS016-10UC(DA5555123)  Source-Line:libMvCameraControl.so(CInterfaceManager.cpp-L1800)     Description:[MV_CC_StartGrabbing] return[0x0]     Solution:
Info    2026-05-23 04:08:23  DevID:MV-CS016-10UC(DA5555123)  Source-Line:libMvCameraControl.so(CInterfaceManager.cpp-L1888)     Description:[StopGrabbing] return[0x0]     Solution:
Info    2026-05-23 04:08:23  DevID:MV-CS016-10UC(DA5555123)  Source-Line:libMvCameraControl.so(CInterfaceManager.cpp-L6299)     Description:Display process exit     Solution:
Info    2026-05-23 04:08:23  DevID:MV-CS016-10UC(DA5555123)  Source-Line:libMvCameraControl.so(CInterfaceManager.cpp-L6545)     Description:RecvThread Process Exit     Solution:
Info    2026-05-23 04:08:25  DevID:MV-CS016-10UC(DA5555123)  Source-Line:libMvCameraControl.so(CInterfaceManager.cpp-L1166)     Description:[CloseDevice] return[0x0]     Solution:
Info    2026-05-23 04:08:38  DevID:MV-CS016-10UC(DA5555123)  Source-Line:libMvCameraControl.so(CInterfaceManager.cpp-L0809)     Description:Current dynamic library path[/home/whiteink/RM_PKA_Sentry_RMUC/install/rm_hik_camera_driver/lib/libMvCameraControl.so]     Solution:
Info    2026-05-23 04:08:38  DevID:MV-CS016-10UC(DA5555123)  Source-Line:libMvCameraControl.so(CInterfaceManager.cpp-L0812)     Description:CamCtl_Version: 3.2.1.0     Solution:
Info    2026-05-23 04:08:38  DevID:MV-CS016-10UC(DA5555123)  Source-Line:libMvCameraControl.so(CInterfaceManager.cpp-L0813)     Description:CamCtl_Description: BaseLine Build 20211203     Solution:
Info    2026-05-23 04:08:38  DevID:MV-CS016-10UC(DA5555123)  Source-Line:libMvCameraControl.so(CInterfaceManager.cpp-L0815)     Description:[MV_CC_CreateHandle] return[0x0]     Solution:
Info    2026-05-23 04:08:38  DevID:MV-CS016-10UC(DA5555123)  Source-Line:libMvCameraControl.so(CInterfaceManager.cpp-L6710)     Description:CamCtrl[0x3020100], U3V SDKVersion[0x3020100], DriverVersion[0x0]     Solution:
Info    2026-05-23 04:08:39  DevID:MV-CS016-10UC(DA5555123)  Source-Line:libMvCameraControl.so(CInterfaceManager.cpp-L4236)     Description:[MV_CC_InvalidateNodes] return[0x0]     Solution:
Info    2026-05-23 04:08:39  DevID:MV-CS016-10UC(DA5555123)  Source-Line:libMvCameraControl.so(CInterfaceManager.cpp-L1086)     Description:[MV_CC_OpenDevice] nPrivilegeMode[1], nSwitchoverKey[0], return[0x0]     Solution:
Info    2026-05-23 04:08:39  DevID:MV-CS016-10UC(DA5555123)  Source-Line:libMvCameraControl.so(CInterfaceManager.cpp-L3684)     Description:[MV_CC_GetImageInfo] return[0x0]     Solution:
Info    2026-05-23 04:08:39  DevID:MV-CS016-10UC(DA5555123)  Source-Line:libMvCameraControl.so(CInterfaceManager.cpp-L1703)     Description:U3V, DeviceModelName[MV-CS016-10UC], DeviceFirmwareVersion[V2.1.4 2309271116552 23092502], DeviceMaxThroughput[387500]     Solution:
Info    2026-05-23 04:08:39  DevID:MV-CS016-10UC(DA5555123)  Source-Line:libMvCameraControl.so(CInterfaceManager.cpp-L1708)     Description:U3V, Width[1440], Height[1080], OffsetX[0], OffsetY[0], PixelFormat[0x1080009], AcquisitionMode[2]     Solution:
Info    2026-05-23 04:08:39  DevID:MV-CS016-10UC(DA5555123)  Source-Line:libMvCameraControl.so(CInterfaceManager.cpp-L1713)     Description:U3V, TriggerMode[0], ResultingFrameRate[165.52], ExposureTime[1000.00], ExposureAuto[0], PayloadSize[1555200]     Solution:
Info    2026-05-23 04:08:39  DevID:MV-CS016-10UC(DA5555123)  Source-Line:libMvCameraControl.so(CInterfaceManager.cpp-L6315)     Description:CamCtrl RecvThread Start, ThreadId[634984000]     Solution:
Info    2026-05-23 04:08:39  DevID:MV-CS016-10UC(DA5555123)  Source-Line:libMvCameraControl.so(CInterfaceManager.cpp-L6083)     Description:CamCtrl Display Thread Start, ThreadId[626591296]     Solution:
Info    2026-05-23 04:08:39  DevID:MV-CS016-10UC(DA5555123)  Source-Line:libMvCameraControl.so(CInterfaceManager.cpp-L1795)     Description:There is no registration callback     Solution:
Info    2026-05-23 04:08:39  DevID:MV-CS016-10UC(DA5555123)  Source-Line:libMvCameraControl.so(CInterfaceManager.cpp-L1800)     Description:[MV_CC_StartGrabbing] return[0x0]     Solution:
Info    2026-05-23 04:09:05  DevID:MV-CS016-10UC(DA5555123)  Source-Line:libMvCameraControl.so(CInterfaceManager.cpp-L1888)     Description:[StopGrabbing] return[0x0]     Solution:
Info    2026-05-23 04:09:05  DevID:MV-CS016-10UC(DA5555123)  Source-Line:libMvCameraControl.so(CInterfaceManager.cpp-L6299)     Description:Display process exit     Solution:
Info    2026-05-23 04:09:05  DevID:MV-CS016-10UC(DA5555123)  Source-Line:libMvCameraControl.so(CInterfaceManager.cpp-L6545)     Description:RecvThread Process Exit     Solution:
Info    2026-05-23 04:09:07  DevID:MV-CS016-10UC(DA5555123)  Source-Line:libMvCameraControl.so(CInterfaceManager.cpp-L1166)     Description:[CloseDevice] return[0x0]     Solution:
Info    2026-05-23 04:09:29  DevID:MV-CS016-10UC(DA5555123)  Source-Line:libMvCameraControl.so(CInterfaceManager.cpp-L0809)     Description:Current dynamic library path[/home/whiteink/RM_PKA_Sentry_RMUC/install/rm_hik_camera_driver/lib/libMvCameraControl.so]     Solution:
Info    2026-05-23 04:09:29  DevID:MV-CS016-10UC(DA5555123)  Source-Line:libMvCameraControl.so(CInterfaceManager.cpp-L0812)     Description:CamCtl_Version: 3.2.1.0     Solution:
Info    2026-05-23 04:09:29  DevID:MV-CS016-10UC(DA5555123)  Source-Line:libMvCameraControl.so(CInterfaceManager.cpp-L0813)     Description:CamCtl_Description: BaseLine Build 20211203     Solution:
Info    2026-05-23 04:09:29  DevID:MV-CS016-10UC(DA5555123)  Source-Line:libMvCameraControl.so(CInterfaceManager.cpp-L0815)     Description:[MV_CC_CreateHandle] return[0x0]     Solution:
Info    2026-05-23 04:09:29  DevID:MV-CS016-10UC(DA5555123)  Source-Line:libMvCameraControl.so(CInterfaceManager.cpp-L6710)     Description:CamCtrl[0x3020100], U3V SDKVersion[0x3020100], DriverVersion[0x0]     Solution:
Info    2026-05-23 04:09:30  DevID:MV-CS016-10UC(DA5555123)  Source-Line:libMvCameraControl.so(CInterfaceManager.cpp-L4236)     Description:[MV_CC_InvalidateNodes] return[0x0]     Solution:
Info    2026-05-23 04:09:30  DevID:MV-CS016-10UC(DA5555123)  Source-Line:libMvCameraControl.so(CInterfaceManager.cpp-L1086)     Description:[MV_CC_OpenDevice] nPrivilegeMode[1], nSwitchoverKey[0], return[0x0]     Solution:
Info    2026-05-23 04:09:30  DevID:MV-CS016-10UC(DA5555123)  Source-Line:libMvCameraControl.so(CInterfaceManager.cpp-L3684)     Description:[MV_CC_GetImageInfo] return[0x0]     Solution:
Info    2026-05-23 04:09:30  DevID:MV-CS016-10UC(DA5555123)  Source-Line:libMvCameraControl.so(CInterfaceManager.cpp-L1703)     Description:U3V, DeviceModelName[MV-CS016-10UC], DeviceFirmwareVersion[V2.1.4 2309271116552 23092502], DeviceMaxThroughput[387500]     Solution:
Info    2026-05-23 04:09:30  DevID:MV-CS016-10UC(DA5555123)  Source-Line:libMvCameraControl.so(CInterfaceManager.cpp-L1708)     Description:U3V, Width[1440], Height[1080], OffsetX[0], OffsetY[0], PixelFormat[0x1080009], AcquisitionMode[2]     Solution:
Info    2026-05-23 04:09:30  DevID:MV-CS016-10UC(DA5555123)  Source-Line:libMvCameraControl.so(CInterfaceManager.cpp-L1713)     Description:U3V, TriggerMode[0], ResultingFrameRate[165.52], ExposureTime[1000.00], ExposureAuto[0], PayloadSize[1555200]     Solution:
Info    2026-05-23 04:09:30  DevID:MV-CS016-10UC(DA5555123)  Source-Line:libMvCameraControl.so(CInterfaceManager.cpp-L6315)     Description:CamCtrl RecvThread Start, ThreadId[914933312]     Solution:
Info    2026-05-23 04:09:30  DevID:MV-CS016-10UC(DA5555123)  Source-Line:libMvCameraControl.so(CInterfaceManager.cpp-L6083)     Description:CamCtrl Display Thread Start, ThreadId[906540608]     Solution:
Info    2026-05-23 04:09:30  DevID:MV-CS016-10UC(DA5555123)  Source-Line:libMvCameraControl.so(CInterfaceManager.cpp-L1795)     Description:There is no registration callback     Solution:
Info    2026-05-23 04:09:30  DevID:MV-CS016-10UC(DA5555123)  Source-Line:libMvCameraControl.so(CInterfaceManager.cpp-L1800)     Description:[MV_CC_StartGrabbing] return[0x0]     Solution:
Info    2026-05-23 04:09:51  DevID:MV-CS016-10UC(DA5555123)  Source-Line:libMvCameraControl.so(CInterfaceManager.cpp-L1888)     Description:[StopGrabbing] return[0x0]     Solution:
Info    2026-05-23 04:09:51  DevID:MV-CS016-10UC(DA5555123)  Source-Line:libMvCameraControl.so(CInterfaceManager.cpp-L6545)     Description:RecvThread Process Exit     Solution:
Info    2026-05-23 04:09:51  DevID:MV-CS016-10UC(DA5555123)  Source-Line:libMvCameraControl.so(CInterfaceManager.cpp-L6299)     Description:Display process exit     Solution:
Info    2026-05-23 04:09:53  DevID:MV-CS016-10UC(DA5555123)  Source-Line:libMvCameraControl.so(CInterfaceManager.cpp-L1166)     Description:[CloseDevice] return[0x0]     Solution:
Info    2026-05-23 04:10:14  DevID:MV-CS016-10UC(DA5555123)  Source-Line:libMvCameraControl.so(CInterfaceManager.cpp-L0809)     Description:Current dynamic library path[/home/whiteink/RM_PKA_Sentry_RMUC/install/rm_hik_camera_driver/lib/libMvCameraControl.so]     Solution:
Info    2026-05-23 04:10:14  DevID:MV-CS016-10UC(DA5555123)  Source-Line:libMvCameraControl.so(CInterfaceManager.cpp-L0812)     Description:CamCtl_Version: 3.2.1.0     Solution:
Info    2026-05-23 04:10:14  DevID:MV-CS016-10UC(DA5555123)  Source-Line:libMvCameraControl.so(CInterfaceManager.cpp-L0813)     Description:CamCtl_Description: BaseLine Build 20211203     Solution:
Info    2026-05-23 04:10:14  DevID:MV-CS016-10UC(DA5555123)  Source-Line:libMvCameraControl.so(CInterfaceManager.cpp-L0815)     Description:[MV_CC_CreateHandle] return[0x0]     Solution:
Info    2026-05-23 04:10:14  DevID:MV-CS016-10UC(DA5555123)  Source-Line:libMvCameraControl.so(CInterfaceManager.cpp-L6710)     Description:CamCtrl[0x3020100], U3V SDKVersion[0x3020100], DriverVersion[0x0]     Solution:
Info    2026-05-23 04:10:15  DevID:MV-CS016-10UC(DA5555123)  Source-Line:libMvCameraControl.so(CInterfaceManager.cpp-L4236)     Description:[MV_CC_InvalidateNodes] return[0x0]     Solution:
Info    2026-05-23 04:10:15  DevID:MV-CS016-10UC(DA5555123)  Source-Line:libMvCameraControl.so(CInterfaceManager.cpp-L1086)     Description:[MV_CC_OpenDevice] nPrivilegeMode[1], nSwitchoverKey[0], return[0x0]     Solution:
Info    2026-05-23 04:10:15  DevID:MV-CS016-10UC(DA5555123)  Source-Line:libMvCameraControl.so(CInterfaceManager.cpp-L3684)     Description:[MV_CC_GetImageInfo] return[0x0]     Solution:
Info    2026-05-23 04:10:15  DevID:MV-CS016-10UC(DA5555123)  Source-Line:libMvCameraControl.so(CInterfaceManager.cpp-L1703)     Description:U3V, DeviceModelName[MV-CS016-10UC], DeviceFirmwareVersion[V2.1.4 2309271116552 23092502], DeviceMaxThroughput[387500]     Solution:
Info    2026-05-23 04:10:15  DevID:MV-CS016-10UC(DA5555123)  Source-Line:libMvCameraControl.so(CInterfaceManager.cpp-L1708)     Description:U3V, Width[1440], Height[1080], OffsetX[0], OffsetY[0], PixelFormat[0x1080009], AcquisitionMode[2]     Solution:
Info    2026-05-23 04:10:15  DevID:MV-CS016-10UC(DA5555123)  Source-Line:libMvCameraControl.so(CInterfaceManager.cpp-L1713)     Description:U3V, TriggerMode[0], ResultingFrameRate[165.52], ExposureTime[1000.00], ExposureAuto[0], PayloadSize[1555200]     Solution:
Info    2026-05-23 04:10:15  DevID:MV-CS016-10UC(DA5555123)  Source-Line:libMvCameraControl.so(CInterfaceManager.cpp-L6315)     Description:CamCtrl RecvThread Start, ThreadId[-494352832]     Solution:
Info    2026-05-23 04:10:15  DevID:MV-CS016-10UC(DA5555123)  Source-Line:libMvCameraControl.so(CInterfaceManager.cpp-L6083)     Description:CamCtrl Display Thread Start, ThreadId[-502745536]     Solution:
Info    2026-05-23 04:10:15  DevID:MV-CS016-10UC(DA5555123)  Source-Line:libMvCameraControl.so(CInterfaceManager.cpp-L1795)     Description:There is no registration callback     Solution:
Info    2026-05-23 04:10:15  DevID:MV-CS016-10UC(DA5555123)  Source-Line:libMvCameraControl.so(CInterfaceManager.cpp-L1800)     Description:[MV_CC_StartGrabbing] return[0x0]     Solution:
Info    2026-05-23 04:11:16  DevID:MV-CS016-10UC(DA5555123)  Source-Line:libMvCameraControl.so(CInterfaceManager.cpp-L1888)     Description:[StopGrabbing] return[0x0]     Solution:
Info    2026-05-23 04:11:16  DevID:MV-CS016-10UC(DA5555123)  Source-Line:libMvCameraControl.so(CInterfaceManager.cpp-L6545)     Description:RecvThread Process Exit     Solution:
Info    2026-05-23 04:11:16  DevID:MV-CS016-10UC(DA5555123)  Source-Line:libMvCameraControl.so(CInterfaceManager.cpp-L6299)     Description:Display process exit     Solution:
Info    2026-05-23 04:11:17  DevID:MV-CS016-10UC(DA5555123)  Source-Line:libMvCameraControl.so(CInterfaceManager.cpp-L1166)     Description:[CloseDevice] return[0x0]     Solution:
Info    2026-05-23 04:12:06  DevID:MV-CS016-10UC(DA5555123)  Source-Line:libMvCameraControl.so(CInterfaceManager.cpp-L0809)     Description:Current dynamic library path[/home/whiteink/RM_PKA_Sentry_RMUC/install/rm_hik_camera_driver/lib/libMvCameraControl.so]     Solution:
Info    2026-05-23 04:12:06  DevID:MV-CS016-10UC(DA5555123)  Source-Line:libMvCameraControl.so(CInterfaceManager.cpp-L0812)     Description:CamCtl_Version: 3.2.1.0     Solution:
Info    2026-05-23 04:12:06  DevID:MV-CS016-10UC(DA5555123)  Source-Line:libMvCameraControl.so(CInterfaceManager.cpp-L0813)     Description:CamCtl_Description: BaseLine Build 20211203     Solution:
Info    2026-05-23 04:12:06  DevID:MV-CS016-10UC(DA5555123)  Source-Line:libMvCameraControl.so(CInterfaceManager.cpp-L0815)     Description:[MV_CC_CreateHandle] return[0x0]     Solution:
Info    2026-05-23 04:12:06  DevID:MV-CS016-10UC(DA5555123)  Source-Line:libMvCameraControl.so(CInterfaceManager.cpp-L6710)     Description:CamCtrl[0x3020100], U3V SDKVersion[0x3020100], DriverVersion[0x0]     Solution:
Info    2026-05-23 04:12:06  DevID:MV-CS016-10UC(DA5555123)  Source-Line:libMvCameraControl.so(CInterfaceManager.cpp-L4236)     Description:[MV_CC_InvalidateNodes] return[0x0]     Solution:
Info    2026-05-23 04:12:06  DevID:MV-CS016-10UC(DA5555123)  Source-Line:libMvCameraControl.so(CInterfaceManager.cpp-L1086)     Description:[MV_CC_OpenDevice] nPrivilegeMode[1], nSwitchoverKey[0], return[0x0]     Solution:
Info    2026-05-23 04:12:06  DevID:MV-CS016-10UC(DA5555123)  Source-Line:libMvCameraControl.so(CInterfaceManager.cpp-L3684)     Description:[MV_CC_GetImageInfo] return[0x0]     Solution:
Info    2026-05-23 04:12:06  DevID:MV-CS016-10UC(DA5555123)  Source-Line:libMvCameraControl.so(CInterfaceManager.cpp-L1703)     Description:U3V, DeviceModelName[MV-CS016-10UC], DeviceFirmwareVersion[V2.1.4 2309271116552 23092502], DeviceMaxThroughput[387500]     Solution:
Info    2026-05-23 04:12:06  DevID:MV-CS016-10UC(DA5555123)  Source-Line:libMvCameraControl.so(CInterfaceManager.cpp-L1708)     Description:U3V, Width[1440], Height[1080], OffsetX[0], OffsetY[0], PixelFormat[0x1080009], AcquisitionMode[2]     Solution:
Info    2026-05-23 04:12:06  DevID:MV-CS016-10UC(DA5555123)  Source-Line:libMvCameraControl.so(CInterfaceManager.cpp-L1713)     Description:U3V, TriggerMode[0], ResultingFrameRate[165.52], ExposureTime[1000.00], ExposureAuto[0], PayloadSize[1555200]     Solution:
Info    2026-05-23 04:12:06  DevID:MV-CS016-10UC(DA5555123)  Source-Line:libMvCameraControl.so(CInterfaceManager.cpp-L6315)     Description:CamCtrl RecvThread Start, ThreadId[-1973868992]     Solution:
Info    2026-05-23 04:12:06  DevID:MV-CS016-10UC(DA5555123)  Source-Line:libMvCameraControl.so(CInterfaceManager.cpp-L6083)     Description:CamCtrl Display Thread Start, ThreadId[-1982261696]     Solution:
Info    2026-05-23 04:12:06  DevID:MV-CS016-10UC(DA5555123)  Source-Line:libMvCameraControl.so(CInterfaceManager.cpp-L1795)     Description:There is no registration callback     Solution:
Info    2026-05-23 04:12:06  DevID:MV-CS016-10UC(DA5555123)  Source-Line:libMvCameraControl.so(CInterfaceManager.cpp-L1800)     Description:[MV_CC_StartGrabbing] return[0x0]     Solution:
Info    2026-05-23 04:12:53  DevID:MV-CS016-10UC(DA5555123)  Source-Line:libMvCameraControl.so(CInterfaceManager.cpp-L1888)     Description:[StopGrabbing] return[0x0]     Solution:
Info    2026-05-23 04:12:54  DevID:MV-CS016-10UC(DA5555123)  Source-Line:libMvCameraControl.so(CInterfaceManager.cpp-L6299)     Description:Display process exit     Solution:
Info    2026-05-23 04:12:54  DevID:MV-CS016-10UC(DA5555123)  Source-Line:libMvCameraControl.so(CInterfaceManager.cpp-L6545)     Description:RecvThread Process Exit     Solution:
Info    2026-05-23 04:12:55  DevID:MV-CS016-10UC(DA5555123)  Source-Line:libMvCameraControl.so(CInterfaceManager.cpp-L1166)     Description:[CloseDevice] return[0x0]     Solution:
Info    2026-05-23 04:19:14  DevID:MV-CS016-10UC(DA5555123)  Source-Line:libMvCameraControl.so(CInterfaceManager.cpp-L0809)     Description:Current dynamic library path[/home/whiteink/RM_PKA_Sentry_RMUC/install/rm_hik_camera_driver/lib/libMvCameraControl.so]     Solution:
Info    2026-05-23 04:19:14  DevID:MV-CS016-10UC(DA5555123)  Source-Line:libMvCameraControl.so(CInterfaceManager.cpp-L0812)     Description:CamCtl_Version: 3.2.1.0     Solution:
Info    2026-05-23 04:19:14  DevID:MV-CS016-10UC(DA5555123)  Source-Line:libMvCameraControl.so(CInterfaceManager.cpp-L0813)     Description:CamCtl_Description: BaseLine Build 20211203     Solution:
Info    2026-05-23 04:19:14  DevID:MV-CS016-10UC(DA5555123)  Source-Line:libMvCameraControl.so(CInterfaceManager.cpp-L0815)     Description:[MV_CC_CreateHandle] return[0x0]     Solution:
Info    2026-05-23 04:19:14  DevID:MV-CS016-10UC(DA5555123)  Source-Line:libMvCameraControl.so(CInterfaceManager.cpp-L6710)     Description:CamCtrl[0x3020100], U3V SDKVersion[0x3020100], DriverVersion[0x0]     Solution:
Info    2026-05-23 04:19:15  DevID:MV-CS016-10UC(DA5555123)  Source-Line:libMvCameraControl.so(CInterfaceManager.cpp-L4236)     Description:[MV_CC_InvalidateNodes] return[0x0]     Solution:
Info    2026-05-23 04:19:15  DevID:MV-CS016-10UC(DA5555123)  Source-Line:libMvCameraControl.so(CInterfaceManager.cpp-L1086)     Description:[MV_CC_OpenDevice] nPrivilegeMode[1], nSwitchoverKey[0], return[0x0]     Solution:
Info    2026-05-23 04:19:15  DevID:MV-CS016-10UC(DA5555123)  Source-Line:libMvCameraControl.so(CInterfaceManager.cpp-L3684)     Description:[MV_CC_GetImageInfo] return[0x0]     Solution:
Info    2026-05-23 04:19:15  DevID:MV-CS016-10UC(DA5555123)  Source-Line:libMvCameraControl.so(CInterfaceManager.cpp-L1703)     Description:U3V, DeviceModelName[MV-CS016-10UC], DeviceFirmwareVersion[V2.1.4 2309271116552 23092502], DeviceMaxThroughput[387500]     Solution:
Info    2026-05-23 04:19:15  DevID:MV-CS016-10UC(DA5555123)  Source-Line:libMvCameraControl.so(CInterfaceManager.cpp-L1708)     Description:U3V, Width[1440], Height[1080], OffsetX[0], OffsetY[0], PixelFormat[0x1080009], AcquisitionMode[2]     Solution:
Info    2026-05-23 04:19:15  DevID:MV-CS016-10UC(DA5555123)  Source-Line:libMvCameraControl.so(CInterfaceManager.cpp-L1713)     Description:U3V, TriggerMode[0], ResultingFrameRate[165.52], ExposureTime[1000.00], ExposureAuto[0], PayloadSize[1555200]     Solution:
Info    2026-05-23 04:19:15  DevID:MV-CS016-10UC(DA5555123)  Source-Line:libMvCameraControl.so(CInterfaceManager.cpp-L6315)     Description:CamCtrl RecvThread Start, ThreadId[1453364800]     Solution:
Info    2026-05-23 04:19:15  DevID:MV-CS016-10UC(DA5555123)  Source-Line:libMvCameraControl.so(CInterfaceManager.cpp-L6083)     Description:CamCtrl Display Thread Start, ThreadId[1444972096]     Solution:
Info    2026-05-23 04:19:15  DevID:MV-CS016-10UC(DA5555123)  Source-Line:libMvCameraControl.so(CInterfaceManager.cpp-L1795)     Description:There is no registration callback     Solution:
Info    2026-05-23 04:19:15  DevID:MV-CS016-10UC(DA5555123)  Source-Line:libMvCameraControl.so(CInterfaceManager.cpp-L1800)     Description:[MV_CC_StartGrabbing] return[0x0]     Solution:
Info    2026-05-23 04:19:53  DevID:MV-CS016-10UC(DA5555123)  Source-Line:libMvCameraControl.so(CInterfaceManager.cpp-L1888)     Description:[StopGrabbing] return[0x0]     Solution:
Info    2026-05-23 04:19:53  DevID:MV-CS016-10UC(DA5555123)  Source-Line:libMvCameraControl.so(CInterfaceManager.cpp-L6299)     Description:Display process exit     Solution:
Info    2026-05-23 04:19:53  DevID:MV-CS016-10UC(DA5555123)  Source-Line:libMvCameraControl.so(CInterfaceManager.cpp-L6545)     Description:RecvThread Process Exit     Solution:
Info    2026-05-23 04:19:55  DevID:MV-CS016-10UC(DA5555123)  Source-Line:libMvCameraControl.so(CInterfaceManager.cpp-L1166)     Description:[CloseDevice] return[0x0]     Solution:
Info    2026-05-23 04:20:16  DevID:MV-CS016-10UC(DA5555123)  Source-Line:libMvCameraControl.so(CInterfaceManager.cpp-L0809)     Description:Current dynamic library path[/home/whiteink/RM_PKA_Sentry_RMUC/install/rm_hik_camera_driver/lib/libMvCameraControl.so]     Solution:
Info    2026-05-23 04:20:16  DevID:MV-CS016-10UC(DA5555123)  Source-Line:libMvCameraControl.so(CInterfaceManager.cpp-L0812)     Description:CamCtl_Version: 3.2.1.0     Solution:
Info    2026-05-23 04:20:16  DevID:MV-CS016-10UC(DA5555123)  Source-Line:libMvCameraControl.so(CInterfaceManager.cpp-L0813)     Description:CamCtl_Description: BaseLine Build 20211203     Solution:
Info    2026-05-23 04:20:16  DevID:MV-CS016-10UC(DA5555123)  Source-Line:libMvCameraControl.so(CInterfaceManager.cpp-L0815)     Description:[MV_CC_CreateHandle] return[0x0]     Solution:
Info    2026-05-23 04:20:16  DevID:MV-CS016-10UC(DA5555123)  Source-Line:libMvCameraControl.so(CInterfaceManager.cpp-L6710)     Description:CamCtrl[0x3020100], U3V SDKVersion[0x3020100], DriverVersion[0x0]     Solution:
Info    2026-05-23 04:20:16  DevID:MV-CS016-10UC(DA5555123)  Source-Line:libMvCameraControl.so(CInterfaceManager.cpp-L4236)     Description:[MV_CC_InvalidateNodes] return[0x0]     Solution:
Info    2026-05-23 04:20:16  DevID:MV-CS016-10UC(DA5555123)  Source-Line:libMvCameraControl.so(CInterfaceManager.cpp-L1086)     Description:[MV_CC_OpenDevice] nPrivilegeMode[1], nSwitchoverKey[0], return[0x0]     Solution:
Info    2026-05-23 04:20:16  DevID:MV-CS016-10UC(DA5555123)  Source-Line:libMvCameraControl.so(CInterfaceManager.cpp-L3684)     Description:[MV_CC_GetImageInfo] return[0x0]     Solution:
Info    2026-05-23 04:20:16  DevID:MV-CS016-10UC(DA5555123)  Source-Line:libMvCameraControl.so(CInterfaceManager.cpp-L1703)     Description:U3V, DeviceModelName[MV-CS016-10UC], DeviceFirmwareVersion[V2.1.4 2309271116552 23092502], DeviceMaxThroughput[387500]     Solution:
Info    2026-05-23 04:20:16  DevID:MV-CS016-10UC(DA5555123)  Source-Line:libMvCameraControl.so(CInterfaceManager.cpp-L1708)     Description:U3V, Width[1440], Height[1080], OffsetX[0], OffsetY[0], PixelFormat[0x1080009], AcquisitionMode[2]     Solution:
Info    2026-05-23 04:20:16  DevID:MV-CS016-10UC(DA5555123)  Source-Line:libMvCameraControl.so(CInterfaceManager.cpp-L1713)     Description:U3V, TriggerMode[0], ResultingFrameRate[165.52], ExposureTime[1000.00], ExposureAuto[0], PayloadSize[1555200]     Solution:
Info    2026-05-23 04:20:16  DevID:MV-CS016-10UC(DA5555123)  Source-Line:libMvCameraControl.so(CInterfaceManager.cpp-L6315)     Description:CamCtrl RecvThread Start, ThreadId[452974144]     Solution:
Info    2026-05-23 04:20:16  DevID:MV-CS016-10UC(DA5555123)  Source-Line:libMvCameraControl.so(CInterfaceManager.cpp-L6083)     Description:CamCtrl Display Thread Start, ThreadId[444581440]     Solution:
Info    2026-05-23 04:20:16  DevID:MV-CS016-10UC(DA5555123)  Source-Line:libMvCameraControl.so(CInterfaceManager.cpp-L1795)     Description:There is no registration callback     Solution:
Info    2026-05-23 04:20:16  DevID:MV-CS016-10UC(DA5555123)  Source-Line:libMvCameraControl.so(CInterfaceManager.cpp-L1800)     Description:[MV_CC_StartGrabbing] return[0x0]     Solution:
Info    2026-05-23 04:23:59  DevID:MV-CS016-10UC(DA5555123)  Source-Line:libMvCameraControl.so(CInterfaceManager.cpp-L1888)     Description:[StopGrabbing] return[0x0]     Solution:
Info    2026-05-23 04:23:59  DevID:MV-CS016-10UC(DA5555123)  Source-Line:libMvCameraControl.so(CInterfaceManager.cpp-L6299)     Description:Display process exit     Solution:
Info    2026-05-23 04:23:59  DevID:MV-CS016-10UC(DA5555123)  Source-Line:libMvCameraControl.so(CInterfaceManager.cpp-L6545)     Description:RecvThread Process Exit     Solution:
Info    2026-05-23 04:24:00  DevID:MV-CS016-10UC(DA5555123)  Source-Line:libMvCameraControl.so(CInterfaceManager.cpp-L1166)     Description:[CloseDevice] return[0x0]     Solution:
Info    2026-05-23 04:24:14  DevID:MV-CS016-10UC(DA5555123)  Source-Line:libMvCameraControl.so(CInterfaceManager.cpp-L0809)     Description:Current dynamic library path[/home/whiteink/RM_PKA_Sentry_RMUC/install/rm_hik_camera_driver/lib/libMvCameraControl.so]     Solution:
Info    2026-05-23 04:24:14  DevID:MV-CS016-10UC(DA5555123)  Source-Line:libMvCameraControl.so(CInterfaceManager.cpp-L0812)     Description:CamCtl_Version: 3.2.1.0     Solution:
Info    2026-05-23 04:24:14  DevID:MV-CS016-10UC(DA5555123)  Source-Line:libMvCameraControl.so(CInterfaceManager.cpp-L0813)     Description:CamCtl_Description: BaseLine Build 20211203     Solution:
Info    2026-05-23 04:24:14  DevID:MV-CS016-10UC(DA5555123)  Source-Line:libMvCameraControl.so(CInterfaceManager.cpp-L0815)     Description:[MV_CC_CreateHandle] return[0x0]     Solution:
Info    2026-05-23 04:24:14  DevID:MV-CS016-10UC(DA5555123)  Source-Line:libMvCameraControl.so(CInterfaceManager.cpp-L6710)     Description:CamCtrl[0x3020100], U3V SDKVersion[0x3020100], DriverVersion[0x0]     Solution:
Info    2026-05-23 04:24:15  DevID:MV-CS016-10UC(DA5555123)  Source-Line:libMvCameraControl.so(CInterfaceManager.cpp-L4236)     Description:[MV_CC_InvalidateNodes] return[0x0]     Solution:
Info    2026-05-23 04:24:15  DevID:MV-CS016-10UC(DA5555123)  Source-Line:libMvCameraControl.so(CInterfaceManager.cpp-L1086)     Description:[MV_CC_OpenDevice] nPrivilegeMode[1], nSwitchoverKey[0], return[0x0]     Solution:
Info    2026-05-23 04:24:15  DevID:MV-CS016-10UC(DA5555123)  Source-Line:libMvCameraControl.so(CInterfaceManager.cpp-L3684)     Description:[MV_CC_GetImageInfo] return[0x0]     Solution:
Info    2026-05-23 04:24:15  DevID:MV-CS016-10UC(DA5555123)  Source-Line:libMvCameraControl.so(CInterfaceManager.cpp-L1703)     Description:U3V, DeviceModelName[MV-CS016-10UC], DeviceFirmwareVersion[V2.1.4 2309271116552 23092502], DeviceMaxThroughput[387500]     Solution:
Info    2026-05-23 04:24:15  DevID:MV-CS016-10UC(DA5555123)  Source-Line:libMvCameraControl.so(CInterfaceManager.cpp-L1708)     Description:U3V, Width[1440], Height[1080], OffsetX[0], OffsetY[0], PixelFormat[0x1080009], AcquisitionMode[2]     Solution:
Info    2026-05-23 04:24:15  DevID:MV-CS016-10UC(DA5555123)  Source-Line:libMvCameraControl.so(CInterfaceManager.cpp-L1713)     Description:U3V, TriggerMode[0], ResultingFrameRate[165.52], ExposureTime[1000.00], ExposureAuto[0], PayloadSize[1555200]     Solution:
Info    2026-05-23 04:24:15  DevID:MV-CS016-10UC(DA5555123)  Source-Line:libMvCameraControl.so(CInterfaceManager.cpp-L6315)     Description:CamCtrl RecvThread Start, ThreadId[-671091136]     Solution:
Info    2026-05-23 04:24:15  DevID:MV-CS016-10UC(DA5555123)  Source-Line:libMvCameraControl.so(CInterfaceManager.cpp-L6083)     Description:CamCtrl Display Thread Start, ThreadId[-679483840]     Solution:
Info    2026-05-23 04:24:15  DevID:MV-CS016-10UC(DA5555123)  Source-Line:libMvCameraControl.so(CInterfaceManager.cpp-L1795)     Description:There is no registration callback     Solution:
Info    2026-05-23 04:24:15  DevID:MV-CS016-10UC(DA5555123)  Source-Line:libMvCameraControl.so(CInterfaceManager.cpp-L1800)     Description:[MV_CC_StartGrabbing] return[0x0]     Solution:
Info    2026-05-23 04:24:26  DevID:MV-CS016-10UC(DA5555123)  Source-Line:libMvCameraControl.so(CInterfaceManager.cpp-L1888)     Description:[StopGrabbing] return[0x0]     Solution:
Info    2026-05-23 04:24:26  DevID:MV-CS016-10UC(DA5555123)  Source-Line:libMvCameraControl.so(CInterfaceManager.cpp-L6299)     Description:Display process exit     Solution:
Info    2026-05-23 04:24:26  DevID:MV-CS016-10UC(DA5555123)  Source-Line:libMvCameraControl.so(CInterfaceManager.cpp-L6545)     Description:RecvThread Process Exit     Solution:
Info    2026-05-23 04:24:27  DevID:MV-CS016-10UC(DA5555123)  Source-Line:libMvCameraControl.so(CInterfaceManager.cpp-L1166)     Description:[CloseDevice] return[0x0]     Solution:
Info    2026-05-23 04:24:51  DevID:MV-CS016-10UC(DA5555123)  Source-Line:libMvCameraControl.so(CInterfaceManager.cpp-L0809)     Description:Current dynamic library path[/home/whiteink/RM_PKA_Sentry_RMUC/install/rm_hik_camera_driver/lib/libMvCameraControl.so]     Solution:
Info    2026-05-23 04:24:51  DevID:MV-CS016-10UC(DA5555123)  Source-Line:libMvCameraControl.so(CInterfaceManager.cpp-L0812)     Description:CamCtl_Version: 3.2.1.0     Solution:
Info    2026-05-23 04:24:51  DevID:MV-CS016-10UC(DA5555123)  Source-Line:libMvCameraControl.so(CInterfaceManager.cpp-L0813)     Description:CamCtl_Description: BaseLine Build 20211203     Solution:
Info    2026-05-23 04:24:51  DevID:MV-CS016-10UC(DA5555123)  Source-Line:libMvCameraControl.so(CInterfaceManager.cpp-L0815)     Description:[MV_CC_CreateHandle] return[0x0]     Solution:
Info    2026-05-23 04:24:51  DevID:MV-CS016-10UC(DA5555123)  Source-Line:libMvCameraControl.so(CInterfaceManager.cpp-L6710)     Description:CamCtrl[0x3020100], U3V SDKVersion[0x3020100], DriverVersion[0x0]     Solution:
Info    2026-05-23 04:24:52  DevID:MV-CS016-10UC(DA5555123)  Source-Line:libMvCameraControl.so(CInterfaceManager.cpp-L4236)     Description:[MV_CC_InvalidateNodes] return[0x0]     Solution:
Info    2026-05-23 04:24:52  DevID:MV-CS016-10UC(DA5555123)  Source-Line:libMvCameraControl.so(CInterfaceManager.cpp-L1086)     Description:[MV_CC_OpenDevice] nPrivilegeMode[1], nSwitchoverKey[0], return[0x0]     Solution:
Info    2026-05-23 04:24:52  DevID:MV-CS016-10UC(DA5555123)  Source-Line:libMvCameraControl.so(CInterfaceManager.cpp-L3684)     Description:[MV_CC_GetImageInfo] return[0x0]     Solution:
Info    2026-05-23 04:24:52  DevID:MV-CS016-10UC(DA5555123)  Source-Line:libMvCameraControl.so(CInterfaceManager.cpp-L1703)     Description:U3V, DeviceModelName[MV-CS016-10UC], DeviceFirmwareVersion[V2.1.4 2309271116552 23092502], DeviceMaxThroughput[387500]     Solution:
Info    2026-05-23 04:24:52  DevID:MV-CS016-10UC(DA5555123)  Source-Line:libMvCameraControl.so(CInterfaceManager.cpp-L1708)     Description:U3V, Width[1440], Height[1080], OffsetX[0], OffsetY[0], PixelFormat[0x1080009], AcquisitionMode[2]     Solution:
Info    2026-05-23 04:24:52  DevID:MV-CS016-10UC(DA5555123)  Source-Line:libMvCameraControl.so(CInterfaceManager.cpp-L1713)     Description:U3V, TriggerMode[0], ResultingFrameRate[165.52], ExposureTime[1000.00], ExposureAuto[0], PayloadSize[1555200]     Solution:
Info    2026-05-23 04:24:52  DevID:MV-CS016-10UC(DA5555123)  Source-Line:libMvCameraControl.so(CInterfaceManager.cpp-L6315)     Description:CamCtrl RecvThread Start, ThreadId[-2097162688]     Solution:
Info    2026-05-23 04:24:52  DevID:MV-CS016-10UC(DA5555123)  Source-Line:libMvCameraControl.so(CInterfaceManager.cpp-L6083)     Description:CamCtrl Display Thread Start, ThreadId[-2105555392]     Solution:
Info    2026-05-23 04:24:52  DevID:MV-CS016-10UC(DA5555123)  Source-Line:libMvCameraControl.so(CInterfaceManager.cpp-L1795)     Description:There is no registration callback     Solution:
Info    2026-05-23 04:24:52  DevID:MV-CS016-10UC(DA5555123)  Source-Line:libMvCameraControl.so(CInterfaceManager.cpp-L1800)     Description:[MV_CC_StartGrabbing] return[0x0]     Solution:
Info    2026-05-23 04:25:01  DevID:MV-CS016-10UC(DA5555123)  Source-Line:libMvCameraControl.so(CInterfaceManager.cpp-L1888)     Description:[StopGrabbing] return[0x0]     Solution:
Info    2026-05-23 04:25:01  DevID:MV-CS016-10UC(DA5555123)  Source-Line:libMvCameraControl.so(CInterfaceManager.cpp-L6545)     Description:RecvThread Process Exit     Solution:
Info    2026-05-23 04:25:01  DevID:MV-CS016-10UC(DA5555123)  Source-Line:libMvCameraControl.so(CInterfaceManager.cpp-L6299)     Description:Display process exit     Solution:
Info    2026-05-23 04:25:02  DevID:MV-CS016-10UC(DA5555123)  Source-Line:libMvCameraControl.so(CInterfaceManager.cpp-L1166)     Description:[CloseDevice] return[0x0]     Solution:
Info    2026-05-23 04:25:13  DevID:MV-CS016-10UC(DA5555123)  Source-Line:libMvCameraControl.so(CInterfaceManager.cpp-L0809)     Description:Current dynamic library path[/home/whiteink/RM_PKA_Sentry_RMUC/install/rm_hik_camera_driver/lib/libMvCameraControl.so]     Solution:
Info    2026-05-23 04:25:13  DevID:MV-CS016-10UC(DA5555123)  Source-Line:libMvCameraControl.so(CInterfaceManager.cpp-L0812)     Description:CamCtl_Version: 3.2.1.0     Solution:
Info    2026-05-23 04:25:13  DevID:MV-CS016-10UC(DA5555123)  Source-Line:libMvCameraControl.so(CInterfaceManager.cpp-L0813)     Description:CamCtl_Description: BaseLine Build 20211203     Solution:
Info    2026-05-23 04:25:13  DevID:MV-CS016-10UC(DA5555123)  Source-Line:libMvCameraControl.so(CInterfaceManager.cpp-L0815)     Description:[MV_CC_CreateHandle] return[0x0]     Solution:
Info    2026-05-23 04:25:13  DevID:MV-CS016-10UC(DA5555123)  Source-Line:libMvCameraControl.so(CInterfaceManager.cpp-L6710)     Description:CamCtrl[0x3020100], U3V SDKVersion[0x3020100], DriverVersion[0x0]     Solution:
Info    2026-05-23 04:25:14  DevID:MV-CS016-10UC(DA5555123)  Source-Line:libMvCameraControl.so(CInterfaceManager.cpp-L4236)     Description:[MV_CC_InvalidateNodes] return[0x0]     Solution:
Info    2026-05-23 04:25:14  DevID:MV-CS016-10UC(DA5555123)  Source-Line:libMvCameraControl.so(CInterfaceManager.cpp-L1086)     Description:[MV_CC_OpenDevice] nPrivilegeMode[1], nSwitchoverKey[0], return[0x0]     Solution:
Info    2026-05-23 04:25:14  DevID:MV-CS016-10UC(DA5555123)  Source-Line:libMvCameraControl.so(CInterfaceManager.cpp-L3684)     Description:[MV_CC_GetImageInfo] return[0x0]     Solution:
Info    2026-05-23 04:25:14  DevID:MV-CS016-10UC(DA5555123)  Source-Line:libMvCameraControl.so(CInterfaceManager.cpp-L1703)     Description:U3V, DeviceModelName[MV-CS016-10UC], DeviceFirmwareVersion[V2.1.4 2309271116552 23092502], DeviceMaxThroughput[387500]     Solution:
Info    2026-05-23 04:25:14  DevID:MV-CS016-10UC(DA5555123)  Source-Line:libMvCameraControl.so(CInterfaceManager.cpp-L1708)     Description:U3V, Width[1440], Height[1080], OffsetX[0], OffsetY[0], PixelFormat[0x1080009], AcquisitionMode[2]     Solution:
Info    2026-05-23 04:25:14  DevID:MV-CS016-10UC(DA5555123)  Source-Line:libMvCameraControl.so(CInterfaceManager.cpp-L1713)     Description:U3V, TriggerMode[0], ResultingFrameRate[165.52], ExposureTime[1000.00], ExposureAuto[0], PayloadSize[1555200]     Solution:
Info    2026-05-23 04:25:14  DevID:MV-CS016-10UC(DA5555123)  Source-Line:libMvCameraControl.so(CInterfaceManager.cpp-L6315)     Description:CamCtrl RecvThread Start, ThreadId[1044469312]     Solution:
Info    2026-05-23 04:25:14  DevID:MV-CS016-10UC(DA5555123)  Source-Line:libMvCameraControl.so(CInterfaceManager.cpp-L6083)     Description:CamCtrl Display Thread Start, ThreadId[1036076608]     Solution:
Info    2026-05-23 04:25:14  DevID:MV-CS016-10UC(DA5555123)  Source-Line:libMvCameraControl.so(CInterfaceManager.cpp-L1795)     Description:There is no registration callback     Solution:
Info    2026-05-23 04:25:14  DevID:MV-CS016-10UC(DA5555123)  Source-Line:libMvCameraControl.so(CInterfaceManager.cpp-L1800)     Description:[MV_CC_StartGrabbing] return[0x0]     Solution:
Info    2026-05-23 04:25:33  DevID:MV-CS016-10UC(DA5555123)  Source-Line:libMvCameraControl.so(CInterfaceManager.cpp-L1888)     Description:[StopGrabbing] return[0x0]     Solution:
Info    2026-05-23 04:25:33  DevID:MV-CS016-10UC(DA5555123)  Source-Line:libMvCameraControl.so(CInterfaceManager.cpp-L6299)     Description:Display process exit     Solution:
Info    2026-05-23 04:25:33  DevID:MV-CS016-10UC(DA5555123)  Source-Line:libMvCameraControl.so(CInterfaceManager.cpp-L6545)     Description:RecvThread Process Exit     Solution:
Info    2026-05-23 04:25:35  DevID:MV-CS016-10UC(DA5555123)  Source-Line:libMvCameraControl.so(CInterfaceManager.cpp-L1166)     Description:[CloseDevice] return[0x0]     Solution:
Info    2026-05-23 04:26:23  DevID:MV-CS016-10UC(DA5555123)  Source-Line:libMvCameraControl.so(CInterfaceManager.cpp-L0809)     Description:Current dynamic library path[/home/whiteink/RM_PKA_Sentry_RMUC/install/rm_hik_camera_driver/lib/libMvCameraControl.so]     Solution:
Info    2026-05-23 04:26:23  DevID:MV-CS016-10UC(DA5555123)  Source-Line:libMvCameraControl.so(CInterfaceManager.cpp-L0812)     Description:CamCtl_Version: 3.2.1.0     Solution:
Info    2026-05-23 04:26:23  DevID:MV-CS016-10UC(DA5555123)  Source-Line:libMvCameraControl.so(CInterfaceManager.cpp-L0813)     Description:CamCtl_Description: BaseLine Build 20211203     Solution:
Info    2026-05-23 04:26:23  DevID:MV-CS016-10UC(DA5555123)  Source-Line:libMvCameraControl.so(CInterfaceManager.cpp-L0815)     Description:[MV_CC_CreateHandle] return[0x0]     Solution:
Info    2026-05-23 04:26:23  DevID:MV-CS016-10UC(DA5555123)  Source-Line:libMvCameraControl.so(CInterfaceManager.cpp-L6710)     Description:CamCtrl[0x3020100], U3V SDKVersion[0x3020100], DriverVersion[0x0]     Solution:
Info    2026-05-23 04:26:23  DevID:MV-CS016-10UC(DA5555123)  Source-Line:libMvCameraControl.so(CInterfaceManager.cpp-L4236)     Description:[MV_CC_InvalidateNodes] return[0x0]     Solution:
Info    2026-05-23 04:26:23  DevID:MV-CS016-10UC(DA5555123)  Source-Line:libMvCameraControl.so(CInterfaceManager.cpp-L1086)     Description:[MV_CC_OpenDevice] nPrivilegeMode[1], nSwitchoverKey[0], return[0x0]     Solution:
Info    2026-05-23 04:26:23  DevID:MV-CS016-10UC(DA5555123)  Source-Line:libMvCameraControl.so(CInterfaceManager.cpp-L3684)     Description:[MV_CC_GetImageInfo] return[0x0]     Solution:
Info    2026-05-23 04:26:23  DevID:MV-CS016-10UC(DA5555123)  Source-Line:libMvCameraControl.so(CInterfaceManager.cpp-L1703)     Description:U3V, DeviceModelName[MV-CS016-10UC], DeviceFirmwareVersion[V2.1.4 2309271116552 23092502], DeviceMaxThroughput[387500]     Solution:
Info    2026-05-23 04:26:23  DevID:MV-CS016-10UC(DA5555123)  Source-Line:libMvCameraControl.so(CInterfaceManager.cpp-L1708)     Description:U3V, Width[1440], Height[1080], OffsetX[0], OffsetY[0], PixelFormat[0x1080009], AcquisitionMode[2]     Solution:
Info    2026-05-23 04:26:23  DevID:MV-CS016-10UC(DA5555123)  Source-Line:libMvCameraControl.so(CInterfaceManager.cpp-L1713)     Description:U3V, TriggerMode[0], ResultingFrameRate[165.52], ExposureTime[1000.00], ExposureAuto[0], PayloadSize[1555200]     Solution:
Info    2026-05-23 04:26:23  DevID:MV-CS016-10UC(DA5555123)  Source-Line:libMvCameraControl.so(CInterfaceManager.cpp-L6315)     Description:CamCtrl RecvThread Start, ThreadId[652740160]     Solution:
Info    2026-05-23 04:26:23  DevID:MV-CS016-10UC(DA5555123)  Source-Line:libMvCameraControl.so(CInterfaceManager.cpp-L6083)     Description:CamCtrl Display Thread Start, ThreadId[644347456]     Solution:
Info    2026-05-23 04:26:23  DevID:MV-CS016-10UC(DA5555123)  Source-Line:libMvCameraControl.so(CInterfaceManager.cpp-L1795)     Description:There is no registration callback     Solution:
Info    2026-05-23 04:26:23  DevID:MV-CS016-10UC(DA5555123)  Source-Line:libMvCameraControl.so(CInterfaceManager.cpp-L1800)     Description:[MV_CC_StartGrabbing] return[0x0]     Solution:
Info    2026-05-23 04:26:37  DevID:MV-CS016-10UC(DA5555123)  Source-Line:libMvCameraControl.so(CInterfaceManager.cpp-L1888)     Description:[StopGrabbing] return[0x0]     Solution:
Info    2026-05-23 04:26:37  DevID:MV-CS016-10UC(DA5555123)  Source-Line:libMvCameraControl.so(CInterfaceManager.cpp-L6545)     Description:RecvThread Process Exit     Solution:
Info    2026-05-23 04:26:37  DevID:MV-CS016-10UC(DA5555123)  Source-Line:libMvCameraControl.so(CInterfaceManager.cpp-L6299)     Description:Display process exit     Solution:
Info    2026-05-23 04:26:37  DevID:MV-CS016-10UC(DA5555123)  Source-Line:libMvCameraControl.so(CInterfaceManager.cpp-L1166)     Description:[CloseDevice] return[0x0]     Solution:
Info    2026-05-23 04:26:56  DevID:MV-CS016-10UC(DA5555123)  Source-Line:libMvCameraControl.so(CInterfaceManager.cpp-L0809)     Description:Current dynamic library path[/home/whiteink/RM_PKA_Sentry_RMUC/install/rm_hik_camera_driver/lib/libMvCameraControl.so]     Solution:
Info    2026-05-23 04:26:56  DevID:MV-CS016-10UC(DA5555123)  Source-Line:libMvCameraControl.so(CInterfaceManager.cpp-L0812)     Description:CamCtl_Version: 3.2.1.0     Solution:
Info    2026-05-23 04:26:56  DevID:MV-CS016-10UC(DA5555123)  Source-Line:libMvCameraControl.so(CInterfaceManager.cpp-L0813)     Description:CamCtl_Description: BaseLine Build 20211203     Solution:
Info    2026-05-23 04:26:56  DevID:MV-CS016-10UC(DA5555123)  Source-Line:libMvCameraControl.so(CInterfaceManager.cpp-L0815)     Description:[MV_CC_CreateHandle] return[0x0]     Solution:
Info    2026-05-23 04:26:56  DevID:MV-CS016-10UC(DA5555123)  Source-Line:libMvCameraControl.so(CInterfaceManager.cpp-L6710)     Description:CamCtrl[0x3020100], U3V SDKVersion[0x3020100], DriverVersion[0x0]     Solution:
Info    2026-05-23 04:26:56  DevID:MV-CS016-10UC(DA5555123)  Source-Line:libMvCameraControl.so(CInterfaceManager.cpp-L4236)     Description:[MV_CC_InvalidateNodes] return[0x0]     Solution:
Info    2026-05-23 04:26:56  DevID:MV-CS016-10UC(DA5555123)  Source-Line:libMvCameraControl.so(CInterfaceManager.cpp-L1086)     Description:[MV_CC_OpenDevice] nPrivilegeMode[1], nSwitchoverKey[0], return[0x0]     Solution:
Info    2026-05-23 04:26:56  DevID:MV-CS016-10UC(DA5555123)  Source-Line:libMvCameraControl.so(CInterfaceManager.cpp-L3684)     Description:[MV_CC_GetImageInfo] return[0x0]     Solution:
Info    2026-05-23 04:26:56  DevID:MV-CS016-10UC(DA5555123)  Source-Line:libMvCameraControl.so(CInterfaceManager.cpp-L1703)     Description:U3V, DeviceModelName[MV-CS016-10UC], DeviceFirmwareVersion[V2.1.4 2309271116552 23092502], DeviceMaxThroughput[387500]     Solution:
Info    2026-05-23 04:26:56  DevID:MV-CS016-10UC(DA5555123)  Source-Line:libMvCameraControl.so(CInterfaceManager.cpp-L1708)     Description:U3V, Width[1440], Height[1080], OffsetX[0], OffsetY[0], PixelFormat[0x1080009], AcquisitionMode[2]     Solution:
Info    2026-05-23 04:26:56  DevID:MV-CS016-10UC(DA5555123)  Source-Line:libMvCameraControl.so(CInterfaceManager.cpp-L1713)     Description:U3V, TriggerMode[0], ResultingFrameRate[165.52], ExposureTime[1000.00], ExposureAuto[0], PayloadSize[1555200]     Solution:
Info    2026-05-23 04:26:56  DevID:MV-CS016-10UC(DA5555123)  Source-Line:libMvCameraControl.so(CInterfaceManager.cpp-L6315)     Description:CamCtrl RecvThread Start, ThreadId[-1962944960]     Solution:
Info    2026-05-23 04:26:56  DevID:MV-CS016-10UC(DA5555123)  Source-Line:libMvCameraControl.so(CInterfaceManager.cpp-L6083)     Description:CamCtrl Display Thread Start, ThreadId[-1971337664]     Solution:
Info    2026-05-23 04:26:56  DevID:MV-CS016-10UC(DA5555123)  Source-Line:libMvCameraControl.so(CInterfaceManager.cpp-L1795)     Description:There is no registration callback     Solution:
Info    2026-05-23 04:26:56  DevID:MV-CS016-10UC(DA5555123)  Source-Line:libMvCameraControl.so(CInterfaceManager.cpp-L1800)     Description:[MV_CC_StartGrabbing] return[0x0]     Solution:
Info    2026-05-23 04:27:36  DevID:MV-CS016-10UC(DA5555123)  Source-Line:libMvCameraControl.so(CInterfaceManager.cpp-L1888)     Description:[StopGrabbing] return[0x0]     Solution:
Info    2026-05-23 04:27:36  DevID:MV-CS016-10UC(DA5555123)  Source-Line:libMvCameraControl.so(CInterfaceManager.cpp-L6545)     Description:RecvThread Process Exit     Solution:
Info    2026-05-23 04:27:36  DevID:MV-CS016-10UC(DA5555123)  Source-Line:libMvCameraControl.so(CInterfaceManager.cpp-L6299)     Description:Display process exit     Solution:
Info    2026-05-23 04:27:37  DevID:MV-CS016-10UC(DA5555123)  Source-Line:libMvCameraControl.so(CInterfaceManager.cpp-L1166)     Description:[CloseDevice] return[0x0]     Solution:
Info    2026-05-23 04:28:32  DevID:MV-CS016-10UC(DA5555123)  Source-Line:libMvCameraControl.so(CInterfaceManager.cpp-L0809)     Description:Current dynamic library path[/home/whiteink/RM_PKA_Sentry_RMUC/install/rm_hik_camera_driver/lib/libMvCameraControl.so]     Solution:
Info    2026-05-23 04:28:32  DevID:MV-CS016-10UC(DA5555123)  Source-Line:libMvCameraControl.so(CInterfaceManager.cpp-L0812)     Description:CamCtl_Version: 3.2.1.0     Solution:
Info    2026-05-23 04:28:32  DevID:MV-CS016-10UC(DA5555123)  Source-Line:libMvCameraControl.so(CInterfaceManager.cpp-L0813)     Description:CamCtl_Description: BaseLine Build 20211203     Solution:
Info    2026-05-23 04:28:32  DevID:MV-CS016-10UC(DA5555123)  Source-Line:libMvCameraControl.so(CInterfaceManager.cpp-L0815)     Description:[MV_CC_CreateHandle] return[0x0]     Solution:
Info    2026-05-23 04:28:32  DevID:MV-CS016-10UC(DA5555123)  Source-Line:libMvCameraControl.so(CInterfaceManager.cpp-L6710)     Description:CamCtrl[0x3020100], U3V SDKVersion[0x3020100], DriverVersion[0x0]     Solution:
Info    2026-05-23 04:28:33  DevID:MV-CS016-10UC(DA5555123)  Source-Line:libMvCameraControl.so(CInterfaceManager.cpp-L4236)     Description:[MV_CC_InvalidateNodes] return[0x0]     Solution:
Info    2026-05-23 04:28:33  DevID:MV-CS016-10UC(DA5555123)  Source-Line:libMvCameraControl.so(CInterfaceManager.cpp-L1086)     Description:[MV_CC_OpenDevice] nPrivilegeMode[1], nSwitchoverKey[0], return[0x0]     Solution:
Info    2026-05-23 04:28:33  DevID:MV-CS016-10UC(DA5555123)  Source-Line:libMvCameraControl.so(CInterfaceManager.cpp-L3684)     Description:[MV_CC_GetImageInfo] return[0x0]     Solution:
Info    2026-05-23 04:28:33  DevID:MV-CS016-10UC(DA5555123)  Source-Line:libMvCameraControl.so(CInterfaceManager.cpp-L1703)     Description:U3V, DeviceModelName[MV-CS016-10UC], DeviceFirmwareVersion[V2.1.4 2309271116552 23092502], DeviceMaxThroughput[387500]     Solution:
Info    2026-05-23 04:28:33  DevID:MV-CS016-10UC(DA5555123)  Source-Line:libMvCameraControl.so(CInterfaceManager.cpp-L1708)     Description:U3V, Width[1440], Height[1080], OffsetX[0], OffsetY[0], PixelFormat[0x1080009], AcquisitionMode[2]     Solution:
Info    2026-05-23 04:28:33  DevID:MV-CS016-10UC(DA5555123)  Source-Line:libMvCameraControl.so(CInterfaceManager.cpp-L1713)     Description:U3V, TriggerMode[0], ResultingFrameRate[165.52], ExposureTime[1000.00], ExposureAuto[0], PayloadSize[1555200]     Solution:
Info    2026-05-23 04:28:33  DevID:MV-CS016-10UC(DA5555123)  Source-Line:libMvCameraControl.so(CInterfaceManager.cpp-L6315)     Description:CamCtrl RecvThread Start, ThreadId[98113088]     Solution:
Info    2026-05-23 04:28:33  DevID:MV-CS016-10UC(DA5555123)  Source-Line:libMvCameraControl.so(CInterfaceManager.cpp-L6083)     Description:CamCtrl Display Thread Start, ThreadId[89720384]     Solution:
Info    2026-05-23 04:28:33  DevID:MV-CS016-10UC(DA5555123)  Source-Line:libMvCameraControl.so(CInterfaceManager.cpp-L1795)     Description:There is no registration callback     Solution:
Info    2026-05-23 04:28:33  DevID:MV-CS016-10UC(DA5555123)  Source-Line:libMvCameraControl.so(CInterfaceManager.cpp-L1800)     Description:[MV_CC_StartGrabbing] return[0x0]     Solution:
Info    2026-05-23 04:38:14  DevID:MV-CS016-10UC(DA5555123)  Source-Line:libMvCameraControl.so(CInterfaceManager.cpp-L0809)     Description:Current dynamic library path[/home/whiteink/RM_PKA_Sentry_RMUC/install/rm_hik_camera_driver/lib/libMvCameraControl.so]     Solution:
Info    2026-05-23 04:38:14  DevID:MV-CS016-10UC(DA5555123)  Source-Line:libMvCameraControl.so(CInterfaceManager.cpp-L0812)     Description:CamCtl_Version: 3.2.1.0     Solution:
Info    2026-05-23 04:38:14  DevID:MV-CS016-10UC(DA5555123)  Source-Line:libMvCameraControl.so(CInterfaceManager.cpp-L0813)     Description:CamCtl_Description: BaseLine Build 20211203     Solution:
Info    2026-05-23 04:38:14  DevID:MV-CS016-10UC(DA5555123)  Source-Line:libMvCameraControl.so(CInterfaceManager.cpp-L0815)     Description:[MV_CC_CreateHandle] return[0x0]     Solution:
Info    2026-05-23 04:38:14  DevID:MV-CS016-10UC(DA5555123)  Source-Line:libMvCameraControl.so(CInterfaceManager.cpp-L6710)     Description:CamCtrl[0x3020100], U3V SDKVersion[0x3020100], DriverVersion[0x0]     Solution:
Info    2026-05-23 04:38:15  DevID:MV-CS016-10UC(DA5555123)  Source-Line:libMvCameraControl.so(CInterfaceManager.cpp-L4236)     Description:[MV_CC_InvalidateNodes] return[0x0]     Solution:
Info    2026-05-23 04:38:15  DevID:MV-CS016-10UC(DA5555123)  Source-Line:libMvCameraControl.so(CInterfaceManager.cpp-L1086)     Description:[MV_CC_OpenDevice] nPrivilegeMode[1], nSwitchoverKey[0], return[0x0]     Solution:
Info    2026-05-23 04:38:15  DevID:MV-CS016-10UC(DA5555123)  Source-Line:libMvCameraControl.so(CInterfaceManager.cpp-L3684)     Description:[MV_CC_GetImageInfo] return[0x0]     Solution:
Info    2026-05-23 04:38:15  DevID:MV-CS016-10UC(DA5555123)  Source-Line:libMvCameraControl.so(CInterfaceManager.cpp-L1703)     Description:U3V, DeviceModelName[MV-CS016-10UC], DeviceFirmwareVersion[V2.1.4 2309271116552 23092502], DeviceMaxThroughput[387500]     Solution:
Info    2026-05-23 04:38:15  DevID:MV-CS016-10UC(DA5555123)  Source-Line:libMvCameraControl.so(CInterfaceManager.cpp-L1708)     Description:U3V, Width[1440], Height[1080], OffsetX[0], OffsetY[0], PixelFormat[0x1080009], AcquisitionMode[2]     Solution:
Info    2026-05-23 04:38:15  DevID:MV-CS016-10UC(DA5555123)  Source-Line:libMvCameraControl.so(CInterfaceManager.cpp-L1713)     Description:U3V, TriggerMode[0], ResultingFrameRate[165.52], ExposureTime[1000.00], ExposureAuto[0], PayloadSize[1555200]     Solution:
Info    2026-05-23 04:38:15  DevID:MV-CS016-10UC(DA5555123)  Source-Line:libMvCameraControl.so(CInterfaceManager.cpp-L6315)     Description:CamCtrl RecvThread Start, ThreadId[-1946159552]     Solution:
Info    2026-05-23 04:38:15  DevID:MV-CS016-10UC(DA5555123)  Source-Line:libMvCameraControl.so(CInterfaceManager.cpp-L6083)     Description:CamCtrl Display Thread Start, ThreadId[-1954552256]     Solution:
Info    2026-05-23 04:38:15  DevID:MV-CS016-10UC(DA5555123)  Source-Line:libMvCameraControl.so(CInterfaceManager.cpp-L1795)     Description:There is no registration callback     Solution:
Info    2026-05-23 04:38:15  DevID:MV-CS016-10UC(DA5555123)  Source-Line:libMvCameraControl.so(CInterfaceManager.cpp-L1800)     Description:[MV_CC_StartGrabbing] return[0x0]     Solution:
Info    2026-05-23 04:47:14  DevID:MV-CS016-10UC(DA5555123)  Source-Line:libMvCameraControl.so(CInterfaceManager.cpp-L1888)     Description:[StopGrabbing] return[0x0]     Solution:
Info    2026-05-23 04:47:14  DevID:MV-CS016-10UC(DA5555123)  Source-Line:libMvCameraControl.so(CInterfaceManager.cpp-L6545)     Description:RecvThread Process Exit     Solution:
Info    2026-05-23 04:47:14  DevID:MV-CS016-10UC(DA5555123)  Source-Line:libMvCameraControl.so(CInterfaceManager.cpp-L6299)     Description:Display process exit     Solution:
Info    2026-05-23 04:47:16  DevID:MV-CS016-10UC(DA5555123)  Source-Line:libMvCameraControl.so(CInterfaceManager.cpp-L1166)     Description:[CloseDevice] return[0x0]     Solution:
Info    2026-05-23 04:50:23  DevID:MV-CS016-10UC(DA5555123)  Source-Line:libMvCameraControl.so(CInterfaceManager.cpp-L0809)     Description:Current dynamic library path[/home/whiteink/RM_PKA_Sentry_RMUC/install/rm_hik_camera_driver/lib/libMvCameraControl.so]     Solution:
Info    2026-05-23 04:50:23  DevID:MV-CS016-10UC(DA5555123)  Source-Line:libMvCameraControl.so(CInterfaceManager.cpp-L0812)     Description:CamCtl_Version: 3.2.1.0     Solution:
Info    2026-05-23 04:50:23  DevID:MV-CS016-10UC(DA5555123)  Source-Line:libMvCameraControl.so(CInterfaceManager.cpp-L0813)     Description:CamCtl_Description: BaseLine Build 20211203     Solution:
Info    2026-05-23 04:50:23  DevID:MV-CS016-10UC(DA5555123)  Source-Line:libMvCameraControl.so(CInterfaceManager.cpp-L0815)     Description:[MV_CC_CreateHandle] return[0x0]     Solution:
Info    2026-05-23 04:50:23  DevID:MV-CS016-10UC(DA5555123)  Source-Line:libMvCameraControl.so(CInterfaceManager.cpp-L6710)     Description:CamCtrl[0x3020100], U3V SDKVersion[0x3020100], DriverVersion[0x0]     Solution:
Info    2026-05-23 04:50:24  DevID:MV-CS016-10UC(DA5555123)  Source-Line:libMvCameraControl.so(CInterfaceManager.cpp-L4236)     Description:[MV_CC_InvalidateNodes] return[0x0]     Solution:
Info    2026-05-23 04:50:24  DevID:MV-CS016-10UC(DA5555123)  Source-Line:libMvCameraControl.so(CInterfaceManager.cpp-L1086)     Description:[MV_CC_OpenDevice] nPrivilegeMode[1], nSwitchoverKey[0], return[0x0]     Solution:
Info    2026-05-23 04:50:24  DevID:MV-CS016-10UC(DA5555123)  Source-Line:libMvCameraControl.so(CInterfaceManager.cpp-L3684)     Description:[MV_CC_GetImageInfo] return[0x0]     Solution:
Info    2026-05-23 04:50:24  DevID:MV-CS016-10UC(DA5555123)  Source-Line:libMvCameraControl.so(CInterfaceManager.cpp-L1703)     Description:U3V, DeviceModelName[MV-CS016-10UC], DeviceFirmwareVersion[V2.1.4 2309271116552 23092502], DeviceMaxThroughput[387500]     Solution:
Info    2026-05-23 04:50:24  DevID:MV-CS016-10UC(DA5555123)  Source-Line:libMvCameraControl.so(CInterfaceManager.cpp-L1708)     Description:U3V, Width[1440], Height[1080], OffsetX[0], OffsetY[0], PixelFormat[0x1080009], AcquisitionMode[2]     Solution:
Info    2026-05-23 04:50:24  DevID:MV-CS016-10UC(DA5555123)  Source-Line:libMvCameraControl.so(CInterfaceManager.cpp-L1713)     Description:U3V, TriggerMode[0], ResultingFrameRate[165.52], ExposureTime[1000.00], ExposureAuto[0], PayloadSize[1555200]     Solution:
Info    2026-05-23 04:50:24  DevID:MV-CS016-10UC(DA5555123)  Source-Line:libMvCameraControl.so(CInterfaceManager.cpp-L6315)     Description:CamCtrl RecvThread Start, ThreadId[1946154560]     Solution:
Info    2026-05-23 04:50:24  DevID:MV-CS016-10UC(DA5555123)  Source-Line:libMvCameraControl.so(CInterfaceManager.cpp-L6083)     Description:CamCtrl Display Thread Start, ThreadId[1937761856]     Solution:
Info    2026-05-23 04:50:24  DevID:MV-CS016-10UC(DA5555123)  Source-Line:libMvCameraControl.so(CInterfaceManager.cpp-L1795)     Description:There is no registration callback     Solution:
Info    2026-05-23 04:50:24  DevID:MV-CS016-10UC(DA5555123)  Source-Line:libMvCameraControl.so(CInterfaceManager.cpp-L1800)     Description:[MV_CC_StartGrabbing] return[0x0]     Solution:
Info    2026-05-23 05:54:18  DevID:MV-CS016-10UC(DA5555123)  Source-Line:libMvCameraControl.so(CInterfaceManager.cpp-L0809)     Description:Current dynamic library path[/home/whiteink/RM_PKA_Sentry_RMUC/install/rm_hik_camera_driver/lib/libMvCameraControl.so]     Solution:
Info    2026-05-23 05:54:18  DevID:MV-CS016-10UC(DA5555123)  Source-Line:libMvCameraControl.so(CInterfaceManager.cpp-L0812)     Description:CamCtl_Version: 3.2.1.0     Solution:
Info    2026-05-23 05:54:18  DevID:MV-CS016-10UC(DA5555123)  Source-Line:libMvCameraControl.so(CInterfaceManager.cpp-L0813)     Description:CamCtl_Description: BaseLine Build 20211203     Solution:
Info    2026-05-23 05:54:18  DevID:MV-CS016-10UC(DA5555123)  Source-Line:libMvCameraControl.so(CInterfaceManager.cpp-L0815)     Description:[MV_CC_CreateHandle] return[0x0]     Solution:
Info    2026-05-23 05:54:18  DevID:MV-CS016-10UC(DA5555123)  Source-Line:libMvCameraControl.so(CInterfaceManager.cpp-L6710)     Description:CamCtrl[0x3020100], U3V SDKVersion[0x3020100], DriverVersion[0x0]     Solution:
Info    2026-05-23 05:54:18  DevID:MV-CS016-10UC(DA5555123)  Source-Line:libMvCameraControl.so(CInterfaceManager.cpp-L4236)     Description:[MV_CC_InvalidateNodes] return[0x0]     Solution:
Info    2026-05-23 05:54:18  DevID:MV-CS016-10UC(DA5555123)  Source-Line:libMvCameraControl.so(CInterfaceManager.cpp-L1086)     Description:[MV_CC_OpenDevice] nPrivilegeMode[1], nSwitchoverKey[0], return[0x0]     Solution:
Info    2026-05-23 05:54:18  DevID:MV-CS016-10UC(DA5555123)  Source-Line:libMvCameraControl.so(CInterfaceManager.cpp-L3684)     Description:[MV_CC_GetImageInfo] return[0x0]     Solution:
Info    2026-05-23 05:54:19  DevID:MV-CS016-10UC(DA5555123)  Source-Line:libMvCameraControl.so(CInterfaceManager.cpp-L1703)     Description:U3V, DeviceModelName[MV-CS016-10UC], DeviceFirmwareVersion[V2.1.4 2309271116552 23092502], DeviceMaxThroughput[387500]     Solution:
Info    2026-05-23 05:54:19  DevID:MV-CS016-10UC(DA5555123)  Source-Line:libMvCameraControl.so(CInterfaceManager.cpp-L1708)     Description:U3V, Width[1440], Height[1080], OffsetX[0], OffsetY[0], PixelFormat[0x1080009], AcquisitionMode[2]     Solution:
Info    2026-05-23 05:54:19  DevID:MV-CS016-10UC(DA5555123)  Source-Line:libMvCameraControl.so(CInterfaceManager.cpp-L1713)     Description:U3V, TriggerMode[0], ResultingFrameRate[165.52], ExposureTime[1000.00], ExposureAuto[0], PayloadSize[1555200]     Solution:
Info    2026-05-23 05:54:19  DevID:MV-CS016-10UC(DA5555123)  Source-Line:libMvCameraControl.so(CInterfaceManager.cpp-L6315)     Description:CamCtrl RecvThread Start, ThreadId[-163490240]     Solution:
Info    2026-05-23 05:54:19  DevID:MV-CS016-10UC(DA5555123)  Source-Line:libMvCameraControl.so(CInterfaceManager.cpp-L6083)     Description:CamCtrl Display Thread Start, ThreadId[-171882944]     Solution:
Info    2026-05-23 05:54:19  DevID:MV-CS016-10UC(DA5555123)  Source-Line:libMvCameraControl.so(CInterfaceManager.cpp-L1795)     Description:There is no registration callback     Solution:
Info    2026-05-23 05:54:19  DevID:MV-CS016-10UC(DA5555123)  Source-Line:libMvCameraControl.so(CInterfaceManager.cpp-L1800)     Description:[MV_CC_StartGrabbing] return[0x0]     Solution:
Info    2026-05-23 05:56:27  DevID:MV-CS016-10UC(DA5555123)  Source-Line:libMvCameraControl.so(CInterfaceManager.cpp-L1888)     Description:[StopGrabbing] return[0x0]     Solution:
Info    2026-05-23 05:56:27  DevID:MV-CS016-10UC(DA5555123)  Source-Line:libMvCameraControl.so(CInterfaceManager.cpp-L6545)     Description:RecvThread Process Exit     Solution:
Info    2026-05-23 05:56:27  DevID:MV-CS016-10UC(DA5555123)  Source-Line:libMvCameraControl.so(CInterfaceManager.cpp-L6299)     Description:Display process exit     Solution:
Info    2026-05-23 05:56:29  DevID:MV-CS016-10UC(DA5555123)  Source-Line:libMvCameraControl.so(CInterfaceManager.cpp-L1166)     Description:[CloseDevice] return[0x0]     Solution:
Info    2026-05-23 05:59:08  DevID:MV-CS016-10UC(DA5555123)  Source-Line:libMvCameraControl.so(CInterfaceManager.cpp-L0809)     Description:Current dynamic library path[/home/whiteink/RM_PKA_Sentry_RMUC/install/rm_hik_camera_driver/lib/libMvCameraControl.so]     Solution:
Info    2026-05-23 05:59:08  DevID:MV-CS016-10UC(DA5555123)  Source-Line:libMvCameraControl.so(CInterfaceManager.cpp-L0812)     Description:CamCtl_Version: 3.2.1.0     Solution:
Info    2026-05-23 05:59:08  DevID:MV-CS016-10UC(DA5555123)  Source-Line:libMvCameraControl.so(CInterfaceManager.cpp-L0813)     Description:CamCtl_Description: BaseLine Build 20211203     Solution:
Info    2026-05-23 05:59:08  DevID:MV-CS016-10UC(DA5555123)  Source-Line:libMvCameraControl.so(CInterfaceManager.cpp-L0815)     Description:[MV_CC_CreateHandle] return[0x0]     Solution:
Info    2026-05-23 05:59:08  DevID:MV-CS016-10UC(DA5555123)  Source-Line:libMvCameraControl.so(CInterfaceManager.cpp-L6710)     Description:CamCtrl[0x3020100], U3V SDKVersion[0x3020100], DriverVersion[0x0]     Solution:
Info    2026-05-23 05:59:08  DevID:MV-CS016-10UC(DA5555123)  Source-Line:libMvCameraControl.so(CInterfaceManager.cpp-L4236)     Description:[MV_CC_InvalidateNodes] return[0x0]     Solution:
Info    2026-05-23 05:59:08  DevID:MV-CS016-10UC(DA5555123)  Source-Line:libMvCameraControl.so(CInterfaceManager.cpp-L1086)     Description:[MV_CC_OpenDevice] nPrivilegeMode[1], nSwitchoverKey[0], return[0x0]     Solution:
Info    2026-05-23 05:59:08  DevID:MV-CS016-10UC(DA5555123)  Source-Line:libMvCameraControl.so(CInterfaceManager.cpp-L3684)     Description:[MV_CC_GetImageInfo] return[0x0]     Solution:
Info    2026-05-23 05:59:09  DevID:MV-CS016-10UC(DA5555123)  Source-Line:libMvCameraControl.so(CInterfaceManager.cpp-L1703)     Description:U3V, DeviceModelName[MV-CS016-10UC], DeviceFirmwareVersion[V2.1.4 2309271116552 23092502], DeviceMaxThroughput[387500]     Solution:
Info    2026-05-23 05:59:09  DevID:MV-CS016-10UC(DA5555123)  Source-Line:libMvCameraControl.so(CInterfaceManager.cpp-L1708)     Description:U3V, Width[1440], Height[1080], OffsetX[0], OffsetY[0], PixelFormat[0x1080009], AcquisitionMode[2]     Solution:
Info    2026-05-23 05:59:09  DevID:MV-CS016-10UC(DA5555123)  Source-Line:libMvCameraControl.so(CInterfaceManager.cpp-L1713)     Description:U3V, TriggerMode[0], ResultingFrameRate[165.52], ExposureTime[1000.00], ExposureAuto[0], PayloadSize[1555200]     Solution:
Info    2026-05-23 05:59:09  DevID:MV-CS016-10UC(DA5555123)  Source-Line:libMvCameraControl.so(CInterfaceManager.cpp-L6083)     Description:CamCtrl Display Thread Start, ThreadId[-708753856]     Solution:
Info    2026-05-23 05:59:09  DevID:MV-CS016-10UC(DA5555123)  Source-Line:libMvCameraControl.so(CInterfaceManager.cpp-L6315)     Description:CamCtrl RecvThread Start, ThreadId[-700361152]     Solution:
Info    2026-05-23 05:59:09  DevID:MV-CS016-10UC(DA5555123)  Source-Line:libMvCameraControl.so(CInterfaceManager.cpp-L1795)     Description:There is no registration callback     Solution:
Info    2026-05-23 05:59:09  DevID:MV-CS016-10UC(DA5555123)  Source-Line:libMvCameraControl.so(CInterfaceManager.cpp-L1800)     Description:[MV_CC_StartGrabbing] return[0x0]     Solution:
Info    2026-05-23 05:59:54  DevID:MV-CS016-10UC(DA5555123)  Source-Line:libMvCameraControl.so(CInterfaceManager.cpp-L1888)     Description:[StopGrabbing] return[0x0]     Solution:
Info    2026-05-23 05:59:54  DevID:MV-CS016-10UC(DA5555123)  Source-Line:libMvCameraControl.so(CInterfaceManager.cpp-L6299)     Description:Display process exit     Solution:
Info    2026-05-23 05:59:54  DevID:MV-CS016-10UC(DA5555123)  Source-Line:libMvCameraControl.so(CInterfaceManager.cpp-L6545)     Description:RecvThread Process Exit     Solution:
Info    2026-05-23 05:59:55  DevID:MV-CS016-10UC(DA5555123)  Source-Line:libMvCameraControl.so(CInterfaceManager.cpp-L1166)     Description:[CloseDevice] return[0x0]     Solution:
Info    2026-05-23 06:00:32  DevID:MV-CS016-10UC(DA5555123)  Source-Line:libMvCameraControl.so(CInterfaceManager.cpp-L0809)     Description:Current dynamic library path[/home/whiteink/RM_PKA_Sentry_RMUC/install/rm_hik_camera_driver/lib/libMvCameraControl.so]     Solution:
Info    2026-05-23 06:00:32  DevID:MV-CS016-10UC(DA5555123)  Source-Line:libMvCameraControl.so(CInterfaceManager.cpp-L0812)     Description:CamCtl_Version: 3.2.1.0     Solution:
Info    2026-05-23 06:00:32  DevID:MV-CS016-10UC(DA5555123)  Source-Line:libMvCameraControl.so(CInterfaceManager.cpp-L0813)     Description:CamCtl_Description: BaseLine Build 20211203     Solution:
Info    2026-05-23 06:00:32  DevID:MV-CS016-10UC(DA5555123)  Source-Line:libMvCameraControl.so(CInterfaceManager.cpp-L0815)     Description:[MV_CC_CreateHandle] return[0x0]     Solution:
Info    2026-05-23 06:00:32  DevID:MV-CS016-10UC(DA5555123)  Source-Line:libMvCameraControl.so(CInterfaceManager.cpp-L6710)     Description:CamCtrl[0x3020100], U3V SDKVersion[0x3020100], DriverVersion[0x0]     Solution:
Info    2026-05-23 06:00:33  DevID:MV-CS016-10UC(DA5555123)  Source-Line:libMvCameraControl.so(CInterfaceManager.cpp-L4236)     Description:[MV_CC_InvalidateNodes] return[0x0]     Solution:
Info    2026-05-23 06:00:33  DevID:MV-CS016-10UC(DA5555123)  Source-Line:libMvCameraControl.so(CInterfaceManager.cpp-L1086)     Description:[MV_CC_OpenDevice] nPrivilegeMode[1], nSwitchoverKey[0], return[0x0]     Solution:
Info    2026-05-23 06:00:33  DevID:MV-CS016-10UC(DA5555123)  Source-Line:libMvCameraControl.so(CInterfaceManager.cpp-L3684)     Description:[MV_CC_GetImageInfo] return[0x0]     Solution:
Info    2026-05-23 06:00:33  DevID:MV-CS016-10UC(DA5555123)  Source-Line:libMvCameraControl.so(CInterfaceManager.cpp-L1703)     Description:U3V, DeviceModelName[MV-CS016-10UC], DeviceFirmwareVersion[V2.1.4 2309271116552 23092502], DeviceMaxThroughput[387500]     Solution:
Info    2026-05-23 06:00:33  DevID:MV-CS016-10UC(DA5555123)  Source-Line:libMvCameraControl.so(CInterfaceManager.cpp-L1708)     Description:U3V, Width[1440], Height[1080], OffsetX[0], OffsetY[0], PixelFormat[0x1080009], AcquisitionMode[2]     Solution:
Info    2026-05-23 06:00:33  DevID:MV-CS016-10UC(DA5555123)  Source-Line:libMvCameraControl.so(CInterfaceManager.cpp-L1713)     Description:U3V, TriggerMode[0], ResultingFrameRate[165.52], ExposureTime[1000.00], ExposureAuto[0], PayloadSize[1555200]     Solution:
Info    2026-05-23 06:00:33  DevID:MV-CS016-10UC(DA5555123)  Source-Line:libMvCameraControl.so(CInterfaceManager.cpp-L6315)     Description:CamCtrl RecvThread Start, ThreadId[613176896]     Solution:
Info    2026-05-23 06:00:33  DevID:MV-CS016-10UC(DA5555123)  Source-Line:libMvCameraControl.so(CInterfaceManager.cpp-L6083)     Description:CamCtrl Display Thread Start, ThreadId[335541824]     Solution:
Info    2026-05-23 06:00:33  DevID:MV-CS016-10UC(DA5555123)  Source-Line:libMvCameraControl.so(CInterfaceManager.cpp-L1795)     Description:There is no registration callback     Solution:
Info    2026-05-23 06:00:33  DevID:MV-CS016-10UC(DA5555123)  Source-Line:libMvCameraControl.so(CInterfaceManager.cpp-L1800)     Description:[MV_CC_StartGrabbing] return[0x0]     Solution:
Info    2026-05-23 06:00:47  DevID:MV-CS016-10UC(DA5555123)  Source-Line:libMvCameraControl.so(CInterfaceManager.cpp-L1888)     Description:[StopGrabbing] return[0x0]     Solution:
Info    2026-05-23 06:00:47  DevID:MV-CS016-10UC(DA5555123)  Source-Line:libMvCameraControl.so(CInterfaceManager.cpp-L6299)     Description:Display process exit     Solution:
Info    2026-05-23 06:00:47  DevID:MV-CS016-10UC(DA5555123)  Source-Line:libMvCameraControl.so(CInterfaceManager.cpp-L6545)     Description:RecvThread Process Exit     Solution:
Info    2026-05-23 06:00:48  DevID:MV-CS016-10UC(DA5555123)  Source-Line:libMvCameraControl.so(CInterfaceManager.cpp-L1166)     Description:[CloseDevice] return[0x0]     Solution:
Info    2026-05-23 06:01:14  DevID:MV-CS016-10UC(DA5555123)  Source-Line:libMvCameraControl.so(CInterfaceManager.cpp-L0809)     Description:Current dynamic library path[/home/whiteink/RM_PKA_Sentry_RMUC/install/rm_hik_camera_driver/lib/libMvCameraControl.so]     Solution:
Info    2026-05-23 06:01:14  DevID:MV-CS016-10UC(DA5555123)  Source-Line:libMvCameraControl.so(CInterfaceManager.cpp-L0812)     Description:CamCtl_Version: 3.2.1.0     Solution:
Info    2026-05-23 06:01:14  DevID:MV-CS016-10UC(DA5555123)  Source-Line:libMvCameraControl.so(CInterfaceManager.cpp-L0813)     Description:CamCtl_Description: BaseLine Build 20211203     Solution:
Info    2026-05-23 06:01:14  DevID:MV-CS016-10UC(DA5555123)  Source-Line:libMvCameraControl.so(CInterfaceManager.cpp-L0815)     Description:[MV_CC_CreateHandle] return[0x0]     Solution:
Info    2026-05-23 06:01:14  DevID:MV-CS016-10UC(DA5555123)  Source-Line:libMvCameraControl.so(CInterfaceManager.cpp-L6710)     Description:CamCtrl[0x3020100], U3V SDKVersion[0x3020100], DriverVersion[0x0]     Solution:
Info    2026-05-23 06:01:14  DevID:MV-CS016-10UC(DA5555123)  Source-Line:libMvCameraControl.so(CInterfaceManager.cpp-L4236)     Description:[MV_CC_InvalidateNodes] return[0x0]     Solution:
Info    2026-05-23 06:01:14  DevID:MV-CS016-10UC(DA5555123)  Source-Line:libMvCameraControl.so(CInterfaceManager.cpp-L1086)     Description:[MV_CC_OpenDevice] nPrivilegeMode[1], nSwitchoverKey[0], return[0x0]     Solution:
Info    2026-05-23 06:01:14  DevID:MV-CS016-10UC(DA5555123)  Source-Line:libMvCameraControl.so(CInterfaceManager.cpp-L3684)     Description:[MV_CC_GetImageInfo] return[0x0]     Solution:
Info    2026-05-23 06:01:14  DevID:MV-CS016-10UC(DA5555123)  Source-Line:libMvCameraControl.so(CInterfaceManager.cpp-L1703)     Description:U3V, DeviceModelName[MV-CS016-10UC], DeviceFirmwareVersion[V2.1.4 2309271116552 23092502], DeviceMaxThroughput[387500]     Solution:
Info    2026-05-23 06:01:14  DevID:MV-CS016-10UC(DA5555123)  Source-Line:libMvCameraControl.so(CInterfaceManager.cpp-L1708)     Description:U3V, Width[1440], Height[1080], OffsetX[0], OffsetY[0], PixelFormat[0x1080009], AcquisitionMode[2]     Solution:
Info    2026-05-23 06:01:14  DevID:MV-CS016-10UC(DA5555123)  Source-Line:libMvCameraControl.so(CInterfaceManager.cpp-L1713)     Description:U3V, TriggerMode[0], ResultingFrameRate[165.52], ExposureTime[1000.00], ExposureAuto[0], PayloadSize[1555200]     Solution:
Info    2026-05-23 06:01:14  DevID:MV-CS016-10UC(DA5555123)  Source-Line:libMvCameraControl.so(CInterfaceManager.cpp-L6315)     Description:CamCtrl RecvThread Start, ThreadId[-1820334528]     Solution:
Info    2026-05-23 06:01:14  DevID:MV-CS016-10UC(DA5555123)  Source-Line:libMvCameraControl.so(CInterfaceManager.cpp-L6083)     Description:CamCtrl Display Thread Start, ThreadId[-1828727232]     Solution:
Info    2026-05-23 06:01:14  DevID:MV-CS016-10UC(DA5555123)  Source-Line:libMvCameraControl.so(CInterfaceManager.cpp-L1795)     Description:There is no registration callback     Solution:
Info    2026-05-23 06:01:14  DevID:MV-CS016-10UC(DA5555123)  Source-Line:libMvCameraControl.so(CInterfaceManager.cpp-L1800)     Description:[MV_CC_StartGrabbing] return[0x0]     Solution:
Info    2026-05-23 06:01:30  DevID:MV-CS016-10UC(DA5555123)  Source-Line:libMvCameraControl.so(CInterfaceManager.cpp-L1888)     Description:[StopGrabbing] return[0x0]     Solution:
Info    2026-05-23 06:01:30  DevID:MV-CS016-10UC(DA5555123)  Source-Line:libMvCameraControl.so(CInterfaceManager.cpp-L6299)     Description:Display process exit     Solution:
Info    2026-05-23 06:01:30  DevID:MV-CS016-10UC(DA5555123)  Source-Line:libMvCameraControl.so(CInterfaceManager.cpp-L6545)     Description:RecvThread Process Exit     Solution:
Info    2026-05-23 06:01:30  DevID:MV-CS016-10UC(DA5555123)  Source-Line:libMvCameraControl.so(CInterfaceManager.cpp-L1166)     Description:[CloseDevice] return[0x0]     Solution:
Info    2026-05-23 06:02:00  DevID:MV-CS016-10UC(DA5555123)  Source-Line:libMvCameraControl.so(CInterfaceManager.cpp-L0809)     Description:Current dynamic library path[/home/whiteink/RM_PKA_Sentry_RMUC/install/rm_hik_camera_driver/lib/libMvCameraControl.so]     Solution:
Info    2026-05-23 06:02:00  DevID:MV-CS016-10UC(DA5555123)  Source-Line:libMvCameraControl.so(CInterfaceManager.cpp-L0812)     Description:CamCtl_Version: 3.2.1.0     Solution:
Info    2026-05-23 06:02:00  DevID:MV-CS016-10UC(DA5555123)  Source-Line:libMvCameraControl.so(CInterfaceManager.cpp-L0813)     Description:CamCtl_Description: BaseLine Build 20211203     Solution:
Info    2026-05-23 06:02:00  DevID:MV-CS016-10UC(DA5555123)  Source-Line:libMvCameraControl.so(CInterfaceManager.cpp-L0815)     Description:[MV_CC_CreateHandle] return[0x0]     Solution:
Info    2026-05-23 06:02:00  DevID:MV-CS016-10UC(DA5555123)  Source-Line:libMvCameraControl.so(CInterfaceManager.cpp-L6710)     Description:CamCtrl[0x3020100], U3V SDKVersion[0x3020100], DriverVersion[0x0]     Solution:
Info    2026-05-23 06:02:01  DevID:MV-CS016-10UC(DA5555123)  Source-Line:libMvCameraControl.so(CInterfaceManager.cpp-L4236)     Description:[MV_CC_InvalidateNodes] return[0x0]     Solution:
Info    2026-05-23 06:02:01  DevID:MV-CS016-10UC(DA5555123)  Source-Line:libMvCameraControl.so(CInterfaceManager.cpp-L1086)     Description:[MV_CC_OpenDevice] nPrivilegeMode[1], nSwitchoverKey[0], return[0x0]     Solution:
Info    2026-05-23 06:02:01  DevID:MV-CS016-10UC(DA5555123)  Source-Line:libMvCameraControl.so(CInterfaceManager.cpp-L3684)     Description:[MV_CC_GetImageInfo] return[0x0]     Solution:
Info    2026-05-23 06:02:01  DevID:MV-CS016-10UC(DA5555123)  Source-Line:libMvCameraControl.so(CInterfaceManager.cpp-L1703)     Description:U3V, DeviceModelName[MV-CS016-10UC], DeviceFirmwareVersion[V2.1.4 2309271116552 23092502], DeviceMaxThroughput[387500]     Solution:
Info    2026-05-23 06:02:01  DevID:MV-CS016-10UC(DA5555123)  Source-Line:libMvCameraControl.so(CInterfaceManager.cpp-L1708)     Description:U3V, Width[1440], Height[1080], OffsetX[0], OffsetY[0], PixelFormat[0x1080009], AcquisitionMode[2]     Solution:
Info    2026-05-23 06:02:01  DevID:MV-CS016-10UC(DA5555123)  Source-Line:libMvCameraControl.so(CInterfaceManager.cpp-L1713)     Description:U3V, TriggerMode[0], ResultingFrameRate[165.52], ExposureTime[1000.00], ExposureAuto[0], PayloadSize[1555200]     Solution:
Info    2026-05-23 06:02:01  DevID:MV-CS016-10UC(DA5555123)  Source-Line:libMvCameraControl.so(CInterfaceManager.cpp-L6315)     Description:CamCtrl RecvThread Start, ThreadId[1526715968]     Solution:
Info    2026-05-23 06:02:01  DevID:MV-CS016-10UC(DA5555123)  Source-Line:libMvCameraControl.so(CInterfaceManager.cpp-L6083)     Description:CamCtrl Display Thread Start, ThreadId[1518323264]     Solution:
Info    2026-05-23 06:02:01  DevID:MV-CS016-10UC(DA5555123)  Source-Line:libMvCameraControl.so(CInterfaceManager.cpp-L1795)     Description:There is no registration callback     Solution:
Info    2026-05-23 06:02:01  DevID:MV-CS016-10UC(DA5555123)  Source-Line:libMvCameraControl.so(CInterfaceManager.cpp-L1800)     Description:[MV_CC_StartGrabbing] return[0x0]     Solution:
Info    2026-05-23 06:02:33  DevID:MV-CS016-10UC(DA5555123)  Source-Line:libMvCameraControl.so(CInterfaceManager.cpp-L1888)     Description:[StopGrabbing] return[0x0]     Solution:
Info    2026-05-23 06:02:33  DevID:MV-CS016-10UC(DA5555123)  Source-Line:libMvCameraControl.so(CInterfaceManager.cpp-L6545)     Description:RecvThread Process Exit     Solution:
Info    2026-05-23 06:02:33  DevID:MV-CS016-10UC(DA5555123)  Source-Line:libMvCameraControl.so(CInterfaceManager.cpp-L6299)     Description:Display process exit     Solution:
Info    2026-05-23 06:02:34  DevID:MV-CS016-10UC(DA5555123)  Source-Line:libMvCameraControl.so(CInterfaceManager.cpp-L1166)     Description:[CloseDevice] return[0x0]     Solution:
Info    2026-05-23 06:02:52  DevID:MV-CS016-10UC(DA5555123)  Source-Line:libMvCameraControl.so(CInterfaceManager.cpp-L0809)     Description:Current dynamic library path[/home/whiteink/RM_PKA_Sentry_RMUC/install/rm_hik_camera_driver/lib/libMvCameraControl.so]     Solution:
Info    2026-05-23 06:02:52  DevID:MV-CS016-10UC(DA5555123)  Source-Line:libMvCameraControl.so(CInterfaceManager.cpp-L0812)     Description:CamCtl_Version: 3.2.1.0     Solution:
Info    2026-05-23 06:02:52  DevID:MV-CS016-10UC(DA5555123)  Source-Line:libMvCameraControl.so(CInterfaceManager.cpp-L0813)     Description:CamCtl_Description: BaseLine Build 20211203     Solution:
Info    2026-05-23 06:02:52  DevID:MV-CS016-10UC(DA5555123)  Source-Line:libMvCameraControl.so(CInterfaceManager.cpp-L0815)     Description:[MV_CC_CreateHandle] return[0x0]     Solution:
Info    2026-05-23 06:02:52  DevID:MV-CS016-10UC(DA5555123)  Source-Line:libMvCameraControl.so(CInterfaceManager.cpp-L6710)     Description:CamCtrl[0x3020100], U3V SDKVersion[0x3020100], DriverVersion[0x0]     Solution:
Info    2026-05-23 06:02:52  DevID:MV-CS016-10UC(DA5555123)  Source-Line:libMvCameraControl.so(CInterfaceManager.cpp-L4236)     Description:[MV_CC_InvalidateNodes] return[0x0]     Solution:
Info    2026-05-23 06:02:52  DevID:MV-CS016-10UC(DA5555123)  Source-Line:libMvCameraControl.so(CInterfaceManager.cpp-L1086)     Description:[MV_CC_OpenDevice] nPrivilegeMode[1], nSwitchoverKey[0], return[0x0]     Solution:
Info    2026-05-23 06:02:52  DevID:MV-CS016-10UC(DA5555123)  Source-Line:libMvCameraControl.so(CInterfaceManager.cpp-L3684)     Description:[MV_CC_GetImageInfo] return[0x0]     Solution:
Info    2026-05-23 06:02:52  DevID:MV-CS016-10UC(DA5555123)  Source-Line:libMvCameraControl.so(CInterfaceManager.cpp-L1703)     Description:U3V, DeviceModelName[MV-CS016-10UC], DeviceFirmwareVersion[V2.1.4 2309271116552 23092502], DeviceMaxThroughput[387500]     Solution:
Info    2026-05-23 06:02:52  DevID:MV-CS016-10UC(DA5555123)  Source-Line:libMvCameraControl.so(CInterfaceManager.cpp-L1708)     Description:U3V, Width[1440], Height[1080], OffsetX[0], OffsetY[0], PixelFormat[0x1080009], AcquisitionMode[2]     Solution:
Info    2026-05-23 06:02:52  DevID:MV-CS016-10UC(DA5555123)  Source-Line:libMvCameraControl.so(CInterfaceManager.cpp-L1713)     Description:U3V, TriggerMode[0], ResultingFrameRate[165.52], ExposureTime[1000.00], ExposureAuto[0], PayloadSize[1555200]     Solution:
Info    2026-05-23 06:02:52  DevID:MV-CS016-10UC(DA5555123)  Source-Line:libMvCameraControl.so(CInterfaceManager.cpp-L6315)     Description:CamCtrl RecvThread Start, ThreadId[-355453376]     Solution:
Info    2026-05-23 06:02:52  DevID:MV-CS016-10UC(DA5555123)  Source-Line:libMvCameraControl.so(CInterfaceManager.cpp-L6083)     Description:CamCtrl Display Thread Start, ThreadId[-363846080]     Solution:
Info    2026-05-23 06:02:52  DevID:MV-CS016-10UC(DA5555123)  Source-Line:libMvCameraControl.so(CInterfaceManager.cpp-L1795)     Description:There is no registration callback     Solution:
Info    2026-05-23 06:02:52  DevID:MV-CS016-10UC(DA5555123)  Source-Line:libMvCameraControl.so(CInterfaceManager.cpp-L1800)     Description:[MV_CC_StartGrabbing] return[0x0]     Solution:
Info    2026-05-23 06:03:27  DevID:MV-CS016-10UC(DA5555123)  Source-Line:libMvCameraControl.so(CInterfaceManager.cpp-L1888)     Description:[StopGrabbing] return[0x0]     Solution:
Info    2026-05-23 06:03:27  DevID:MV-CS016-10UC(DA5555123)  Source-Line:libMvCameraControl.so(CInterfaceManager.cpp-L6545)     Description:RecvThread Process Exit     Solution:
Info    2026-05-23 06:03:27  DevID:MV-CS016-10UC(DA5555123)  Source-Line:libMvCameraControl.so(CInterfaceManager.cpp-L6299)     Description:Display process exit     Solution:
Info    2026-05-23 06:03:28  DevID:MV-CS016-10UC(DA5555123)  Source-Line:libMvCameraControl.so(CInterfaceManager.cpp-L1166)     Description:[CloseDevice] return[0x0]     Solution:
Info    2026-05-23 06:03:43  DevID:MV-CS016-10UC(DA5555123)  Source-Line:libMvCameraControl.so(CInterfaceManager.cpp-L0809)     Description:Current dynamic library path[/home/whiteink/RM_PKA_Sentry_RMUC/install/rm_hik_camera_driver/lib/libMvCameraControl.so]     Solution:
Info    2026-05-23 06:03:43  DevID:MV-CS016-10UC(DA5555123)  Source-Line:libMvCameraControl.so(CInterfaceManager.cpp-L0812)     Description:CamCtl_Version: 3.2.1.0     Solution:
Info    2026-05-23 06:03:43  DevID:MV-CS016-10UC(DA5555123)  Source-Line:libMvCameraControl.so(CInterfaceManager.cpp-L0813)     Description:CamCtl_Description: BaseLine Build 20211203     Solution:
Info    2026-05-23 06:03:43  DevID:MV-CS016-10UC(DA5555123)  Source-Line:libMvCameraControl.so(CInterfaceManager.cpp-L0815)     Description:[MV_CC_CreateHandle] return[0x0]     Solution:
Info    2026-05-23 06:03:43  DevID:MV-CS016-10UC(DA5555123)  Source-Line:libMvCameraControl.so(CInterfaceManager.cpp-L6710)     Description:CamCtrl[0x3020100], U3V SDKVersion[0x3020100], DriverVersion[0x0]     Solution:
Info    2026-05-23 06:03:43  DevID:MV-CS016-10UC(DA5555123)  Source-Line:libMvCameraControl.so(CInterfaceManager.cpp-L4236)     Description:[MV_CC_InvalidateNodes] return[0x0]     Solution:
Info    2026-05-23 06:03:43  DevID:MV-CS016-10UC(DA5555123)  Source-Line:libMvCameraControl.so(CInterfaceManager.cpp-L1086)     Description:[MV_CC_OpenDevice] nPrivilegeMode[1], nSwitchoverKey[0], return[0x0]     Solution:
Info    2026-05-23 06:03:43  DevID:MV-CS016-10UC(DA5555123)  Source-Line:libMvCameraControl.so(CInterfaceManager.cpp-L3684)     Description:[MV_CC_GetImageInfo] return[0x0]     Solution:
Info    2026-05-23 06:03:43  DevID:MV-CS016-10UC(DA5555123)  Source-Line:libMvCameraControl.so(CInterfaceManager.cpp-L1703)     Description:U3V, DeviceModelName[MV-CS016-10UC], DeviceFirmwareVersion[V2.1.4 2309271116552 23092502], DeviceMaxThroughput[387500]     Solution:
Info    2026-05-23 06:03:43  DevID:MV-CS016-10UC(DA5555123)  Source-Line:libMvCameraControl.so(CInterfaceManager.cpp-L1708)     Description:U3V, Width[1440], Height[1080], OffsetX[0], OffsetY[0], PixelFormat[0x1080009], AcquisitionMode[2]     Solution:
Info    2026-05-23 06:03:43  DevID:MV-CS016-10UC(DA5555123)  Source-Line:libMvCameraControl.so(CInterfaceManager.cpp-L1713)     Description:U3V, TriggerMode[0], ResultingFrameRate[165.52], ExposureTime[1000.00], ExposureAuto[0], PayloadSize[1555200]     Solution:
Info    2026-05-23 06:03:43  DevID:MV-CS016-10UC(DA5555123)  Source-Line:libMvCameraControl.so(CInterfaceManager.cpp-L6315)     Description:CamCtrl RecvThread Start, ThreadId[-1159199168]     Solution:
Info    2026-05-23 06:03:43  DevID:MV-CS016-10UC(DA5555123)  Source-Line:libMvCameraControl.so(CInterfaceManager.cpp-L6083)     Description:CamCtrl Display Thread Start, ThreadId[-1167591872]     Solution:
Info    2026-05-23 06:03:43  DevID:MV-CS016-10UC(DA5555123)  Source-Line:libMvCameraControl.so(CInterfaceManager.cpp-L1795)     Description:There is no registration callback     Solution:
Info    2026-05-23 06:03:43  DevID:MV-CS016-10UC(DA5555123)  Source-Line:libMvCameraControl.so(CInterfaceManager.cpp-L1800)     Description:[MV_CC_StartGrabbing] return[0x0]     Solution:
Info    2026-05-23 06:06:46  DevID:MV-CS016-10UC(DA5555123)  Source-Line:libMvCameraControl.so(CInterfaceManager.cpp-L1888)     Description:[StopGrabbing] return[0x0]     Solution:
Info    2026-05-23 06:06:46  DevID:MV-CS016-10UC(DA5555123)  Source-Line:libMvCameraControl.so(CInterfaceManager.cpp-L6299)     Description:Display process exit     Solution:
Info    2026-05-23 06:06:46  DevID:MV-CS016-10UC(DA5555123)  Source-Line:libMvCameraControl.so(CInterfaceManager.cpp-L6545)     Description:RecvThread Process Exit     Solution:
Info    2026-05-23 06:06:48  DevID:MV-CS016-10UC(DA5555123)  Source-Line:libMvCameraControl.so(CInterfaceManager.cpp-L1166)     Description:[CloseDevice] return[0x0]     Solution:
Info    2026-05-23 06:07:36  DevID:MV-CS016-10UC(DA5555123)  Source-Line:libMvCameraControl.so(CInterfaceManager.cpp-L0809)     Description:Current dynamic library path[/home/whiteink/RM_PKA_Sentry_RMUC/install/rm_hik_camera_driver/lib/libMvCameraControl.so]     Solution:
Info    2026-05-23 06:07:36  DevID:MV-CS016-10UC(DA5555123)  Source-Line:libMvCameraControl.so(CInterfaceManager.cpp-L0812)     Description:CamCtl_Version: 3.2.1.0     Solution:
Info    2026-05-23 06:07:36  DevID:MV-CS016-10UC(DA5555123)  Source-Line:libMvCameraControl.so(CInterfaceManager.cpp-L0813)     Description:CamCtl_Description: BaseLine Build 20211203     Solution:
Info    2026-05-23 06:07:36  DevID:MV-CS016-10UC(DA5555123)  Source-Line:libMvCameraControl.so(CInterfaceManager.cpp-L0815)     Description:[MV_CC_CreateHandle] return[0x0]     Solution:
Info    2026-05-23 06:07:36  DevID:MV-CS016-10UC(DA5555123)  Source-Line:libMvCameraControl.so(CInterfaceManager.cpp-L6710)     Description:CamCtrl[0x3020100], U3V SDKVersion[0x3020100], DriverVersion[0x0]     Solution:
Info    2026-05-23 06:07:37  DevID:MV-CS016-10UC(DA5555123)  Source-Line:libMvCameraControl.so(CInterfaceManager.cpp-L4236)     Description:[MV_CC_InvalidateNodes] return[0x0]     Solution:
Info    2026-05-23 06:07:37  DevID:MV-CS016-10UC(DA5555123)  Source-Line:libMvCameraControl.so(CInterfaceManager.cpp-L1086)     Description:[MV_CC_OpenDevice] nPrivilegeMode[1], nSwitchoverKey[0], return[0x0]     Solution:
Info    2026-05-23 06:07:37  DevID:MV-CS016-10UC(DA5555123)  Source-Line:libMvCameraControl.so(CInterfaceManager.cpp-L3684)     Description:[MV_CC_GetImageInfo] return[0x0]     Solution:
Info    2026-05-23 06:07:37  DevID:MV-CS016-10UC(DA5555123)  Source-Line:libMvCameraControl.so(CInterfaceManager.cpp-L1703)     Description:U3V, DeviceModelName[MV-CS016-10UC], DeviceFirmwareVersion[V2.1.4 2309271116552 23092502], DeviceMaxThroughput[387500]     Solution:
Info    2026-05-23 06:07:37  DevID:MV-CS016-10UC(DA5555123)  Source-Line:libMvCameraControl.so(CInterfaceManager.cpp-L1708)     Description:U3V, Width[1440], Height[1080], OffsetX[0], OffsetY[0], PixelFormat[0x1080009], AcquisitionMode[2]     Solution:
Info    2026-05-23 06:07:37  DevID:MV-CS016-10UC(DA5555123)  Source-Line:libMvCameraControl.so(CInterfaceManager.cpp-L1713)     Description:U3V, TriggerMode[0], ResultingFrameRate[165.52], ExposureTime[1000.00], ExposureAuto[0], PayloadSize[1555200]     Solution:
Info    2026-05-23 06:07:37  DevID:MV-CS016-10UC(DA5555123)  Source-Line:libMvCameraControl.so(CInterfaceManager.cpp-L6315)     Description:CamCtrl RecvThread Start, ThreadId[-1240943040]     Solution:
Info    2026-05-23 06:07:37  DevID:MV-CS016-10UC(DA5555123)  Source-Line:libMvCameraControl.so(CInterfaceManager.cpp-L6083)     Description:CamCtrl Display Thread Start, ThreadId[-1249335744]     Solution:
Info    2026-05-23 06:07:37  DevID:MV-CS016-10UC(DA5555123)  Source-Line:libMvCameraControl.so(CInterfaceManager.cpp-L1795)     Description:There is no registration callback     Solution:
Info    2026-05-23 06:07:37  DevID:MV-CS016-10UC(DA5555123)  Source-Line:libMvCameraControl.so(CInterfaceManager.cpp-L1800)     Description:[MV_CC_StartGrabbing] return[0x0]     Solution:
Info    2026-05-23 06:09:12  DevID:MV-CS016-10UC(DA5555123)  Source-Line:libMvCameraControl.so(CInterfaceManager.cpp-L1888)     Description:[StopGrabbing] return[0x0]     Solution:
Info    2026-05-23 06:09:12  DevID:MV-CS016-10UC(DA5555123)  Source-Line:libMvCameraControl.so(CInterfaceManager.cpp-L6545)     Description:RecvThread Process Exit     Solution:
Info    2026-05-23 06:09:12  DevID:MV-CS016-10UC(DA5555123)  Source-Line:libMvCameraControl.so(CInterfaceManager.cpp-L6299)     Description:Display process exit     Solution:
Info    2026-05-23 06:09:14  DevID:MV-CS016-10UC(DA5555123)  Source-Line:libMvCameraControl.so(CInterfaceManager.cpp-L1166)     Description:[CloseDevice] return[0x0]     Solution:
Info    2026-05-23 06:09:32  DevID:MV-CS016-10UC(DA5555123)  Source-Line:libMvCameraControl.so(CInterfaceManager.cpp-L0809)     Description:Current dynamic library path[/home/whiteink/RM_PKA_Sentry_RMUC/install/rm_hik_camera_driver/lib/libMvCameraControl.so]     Solution:
Info    2026-05-23 06:09:32  DevID:MV-CS016-10UC(DA5555123)  Source-Line:libMvCameraControl.so(CInterfaceManager.cpp-L0812)     Description:CamCtl_Version: 3.2.1.0     Solution:
Info    2026-05-23 06:09:32  DevID:MV-CS016-10UC(DA5555123)  Source-Line:libMvCameraControl.so(CInterfaceManager.cpp-L0813)     Description:CamCtl_Description: BaseLine Build 20211203     Solution:
Info    2026-05-23 06:09:32  DevID:MV-CS016-10UC(DA5555123)  Source-Line:libMvCameraControl.so(CInterfaceManager.cpp-L0815)     Description:[MV_CC_CreateHandle] return[0x0]     Solution:
Info    2026-05-23 06:09:32  DevID:MV-CS016-10UC(DA5555123)  Source-Line:libMvCameraControl.so(CInterfaceManager.cpp-L6710)     Description:CamCtrl[0x3020100], U3V SDKVersion[0x3020100], DriverVersion[0x0]     Solution:
Info    2026-05-23 06:09:32  DevID:MV-CS016-10UC(DA5555123)  Source-Line:libMvCameraControl.so(CInterfaceManager.cpp-L4236)     Description:[MV_CC_InvalidateNodes] return[0x0]     Solution:
Info    2026-05-23 06:09:32  DevID:MV-CS016-10UC(DA5555123)  Source-Line:libMvCameraControl.so(CInterfaceManager.cpp-L1086)     Description:[MV_CC_OpenDevice] nPrivilegeMode[1], nSwitchoverKey[0], return[0x0]     Solution:
Info    2026-05-23 06:09:32  DevID:MV-CS016-10UC(DA5555123)  Source-Line:libMvCameraControl.so(CInterfaceManager.cpp-L3684)     Description:[MV_CC_GetImageInfo] return[0x0]     Solution:
Info    2026-05-23 06:09:32  DevID:MV-CS016-10UC(DA5555123)  Source-Line:libMvCameraControl.so(CInterfaceManager.cpp-L1703)     Description:U3V, DeviceModelName[MV-CS016-10UC], DeviceFirmwareVersion[V2.1.4 2309271116552 23092502], DeviceMaxThroughput[387500]     Solution:
Info    2026-05-23 06:09:32  DevID:MV-CS016-10UC(DA5555123)  Source-Line:libMvCameraControl.so(CInterfaceManager.cpp-L1708)     Description:U3V, Width[1440], Height[1080], OffsetX[0], OffsetY[0], PixelFormat[0x1080009], AcquisitionMode[2]     Solution:
Info    2026-05-23 06:09:32  DevID:MV-CS016-10UC(DA5555123)  Source-Line:libMvCameraControl.so(CInterfaceManager.cpp-L1713)     Description:U3V, TriggerMode[0], ResultingFrameRate[165.52], ExposureTime[1000.00], ExposureAuto[0], PayloadSize[1555200]     Solution:
Info    2026-05-23 06:09:32  DevID:MV-CS016-10UC(DA5555123)  Source-Line:libMvCameraControl.so(CInterfaceManager.cpp-L6315)     Description:CamCtrl RecvThread Start, ThreadId[-1054075328]     Solution:
Info    2026-05-23 06:09:32  DevID:MV-CS016-10UC(DA5555123)  Source-Line:libMvCameraControl.so(CInterfaceManager.cpp-L6083)     Description:CamCtrl Display Thread Start, ThreadId[-1062468032]     Solution:
Info    2026-05-23 06:09:32  DevID:MV-CS016-10UC(DA5555123)  Source-Line:libMvCameraControl.so(CInterfaceManager.cpp-L1795)     Description:There is no registration callback     Solution:
Info    2026-05-23 06:09:32  DevID:MV-CS016-10UC(DA5555123)  Source-Line:libMvCameraControl.so(CInterfaceManager.cpp-L1800)     Description:[MV_CC_StartGrabbing] return[0x0]     Solution:
Info    2026-05-23 06:10:13  DevID:MV-CS016-10UC(DA5555123)  Source-Line:libMvCameraControl.so(CInterfaceManager.cpp-L1888)     Description:[StopGrabbing] return[0x0]     Solution:
Info    2026-05-23 06:10:13  DevID:MV-CS016-10UC(DA5555123)  Source-Line:libMvCameraControl.so(CInterfaceManager.cpp-L6545)     Description:RecvThread Process Exit     Solution:
Info    2026-05-23 06:10:13  DevID:MV-CS016-10UC(DA5555123)  Source-Line:libMvCameraControl.so(CInterfaceManager.cpp-L6299)     Description:Display process exit     Solution:
Info    2026-05-23 06:10:13  DevID:MV-CS016-10UC(DA5555123)  Source-Line:libMvCameraControl.so(CInterfaceManager.cpp-L1166)     Description:[CloseDevice] return[0x0]     Solution:
Info    2026-05-23 06:11:14  DevID:MV-CS016-10UC(DA5555123)  Source-Line:libMvCameraControl.so(CInterfaceManager.cpp-L0809)     Description:Current dynamic library path[/home/whiteink/RM_PKA_Sentry_RMUC/install/rm_hik_camera_driver/lib/libMvCameraControl.so]     Solution:
Info    2026-05-23 06:11:14  DevID:MV-CS016-10UC(DA5555123)  Source-Line:libMvCameraControl.so(CInterfaceManager.cpp-L0812)     Description:CamCtl_Version: 3.2.1.0     Solution:
Info    2026-05-23 06:11:14  DevID:MV-CS016-10UC(DA5555123)  Source-Line:libMvCameraControl.so(CInterfaceManager.cpp-L0813)     Description:CamCtl_Description: BaseLine Build 20211203     Solution:
Info    2026-05-23 06:11:14  DevID:MV-CS016-10UC(DA5555123)  Source-Line:libMvCameraControl.so(CInterfaceManager.cpp-L0815)     Description:[MV_CC_CreateHandle] return[0x0]     Solution:
Info    2026-05-23 06:11:14  DevID:MV-CS016-10UC(DA5555123)  Source-Line:libMvCameraControl.so(CInterfaceManager.cpp-L6710)     Description:CamCtrl[0x3020100], U3V SDKVersion[0x3020100], DriverVersion[0x0]     Solution:
Info    2026-05-23 06:11:14  DevID:MV-CS016-10UC(DA5555123)  Source-Line:libMvCameraControl.so(CInterfaceManager.cpp-L4236)     Description:[MV_CC_InvalidateNodes] return[0x0]     Solution:
Info    2026-05-23 06:11:14  DevID:MV-CS016-10UC(DA5555123)  Source-Line:libMvCameraControl.so(CInterfaceManager.cpp-L1086)     Description:[MV_CC_OpenDevice] nPrivilegeMode[1], nSwitchoverKey[0], return[0x0]     Solution:
Info    2026-05-23 06:11:14  DevID:MV-CS016-10UC(DA5555123)  Source-Line:libMvCameraControl.so(CInterfaceManager.cpp-L3684)     Description:[MV_CC_GetImageInfo] return[0x0]     Solution:
Info    2026-05-23 06:11:14  DevID:MV-CS016-10UC(DA5555123)  Source-Line:libMvCameraControl.so(CInterfaceManager.cpp-L1703)     Description:U3V, DeviceModelName[MV-CS016-10UC], DeviceFirmwareVersion[V2.1.4 2309271116552 23092502], DeviceMaxThroughput[387500]     Solution:
Info    2026-05-23 06:11:14  DevID:MV-CS016-10UC(DA5555123)  Source-Line:libMvCameraControl.so(CInterfaceManager.cpp-L1708)     Description:U3V, Width[1440], Height[1080], OffsetX[0], OffsetY[0], PixelFormat[0x1080009], AcquisitionMode[2]     Solution:
Info    2026-05-23 06:11:14  DevID:MV-CS016-10UC(DA5555123)  Source-Line:libMvCameraControl.so(CInterfaceManager.cpp-L1713)     Description:U3V, TriggerMode[0], ResultingFrameRate[165.52], ExposureTime[1000.00], ExposureAuto[0], PayloadSize[1555200]     Solution:
Info    2026-05-23 06:11:14  DevID:MV-CS016-10UC(DA5555123)  Source-Line:libMvCameraControl.so(CInterfaceManager.cpp-L6315)     Description:CamCtrl RecvThread Start, ThreadId[-1619007936]     Solution:
Info    2026-05-23 06:11:14  DevID:MV-CS016-10UC(DA5555123)  Source-Line:libMvCameraControl.so(CInterfaceManager.cpp-L6083)     Description:CamCtrl Display Thread Start, ThreadId[-1627400640]     Solution:
Info    2026-05-23 06:11:14  DevID:MV-CS016-10UC(DA5555123)  Source-Line:libMvCameraControl.so(CInterfaceManager.cpp-L1795)     Description:There is no registration callback     Solution:
Info    2026-05-23 06:11:14  DevID:MV-CS016-10UC(DA5555123)  Source-Line:libMvCameraControl.so(CInterfaceManager.cpp-L1800)     Description:[MV_CC_StartGrabbing] return[0x0]     Solution:
Info    2026-05-23 06:13:17  DevID:MV-CS016-10UC(DA5555123)  Source-Line:libMvCameraControl.so(CInterfaceManager.cpp-L1888)     Description:[StopGrabbing] return[0x0]     Solution:
Info    2026-05-23 06:13:17  DevID:MV-CS016-10UC(DA5555123)  Source-Line:libMvCameraControl.so(CInterfaceManager.cpp-L6545)     Description:RecvThread Process Exit     Solution:
Info    2026-05-23 06:13:17  DevID:MV-CS016-10UC(DA5555123)  Source-Line:libMvCameraControl.so(CInterfaceManager.cpp-L6299)     Description:Display process exit     Solution:
Info    2026-05-23 06:13:18  DevID:MV-CS016-10UC(DA5555123)  Source-Line:libMvCameraControl.so(CInterfaceManager.cpp-L1166)     Description:[CloseDevice] return[0x0]     Solution:
Info    2026-05-23 09:23:21  DevID:MV-CS016-10UC(DA5555123)  Source-Line:libMvCameraControl.so(CInterfaceManager.cpp-L0809)     Description:Current dynamic library path[/home/whiteink/RM_PKA_Sentry_RMUC/install/rm_hik_camera_driver/lib/libMvCameraControl.so]     Solution:
Info    2026-05-23 09:23:21  DevID:MV-CS016-10UC(DA5555123)  Source-Line:libMvCameraControl.so(CInterfaceManager.cpp-L0812)     Description:CamCtl_Version: 3.2.1.0     Solution:
Info    2026-05-23 09:23:21  DevID:MV-CS016-10UC(DA5555123)  Source-Line:libMvCameraControl.so(CInterfaceManager.cpp-L0813)     Description:CamCtl_Description: BaseLine Build 20211203     Solution:
Info    2026-05-23 09:23:21  DevID:MV-CS016-10UC(DA5555123)  Source-Line:libMvCameraControl.so(CInterfaceManager.cpp-L0815)     Description:[MV_CC_CreateHandle] return[0x0]     Solution:
Info    2026-05-23 09:23:21  DevID:MV-CS016-10UC(DA5555123)  Source-Line:libMvCameraControl.so(CInterfaceManager.cpp-L6710)     Description:CamCtrl[0x3020100], U3V SDKVersion[0x3020100], DriverVersion[0x0]     Solution:
Info    2026-05-23 09:23:22  DevID:MV-CS016-10UC(DA5555123)  Source-Line:libMvCameraControl.so(CInterfaceManager.cpp-L4236)     Description:[MV_CC_InvalidateNodes] return[0x0]     Solution:
Info    2026-05-23 09:23:22  DevID:MV-CS016-10UC(DA5555123)  Source-Line:libMvCameraControl.so(CInterfaceManager.cpp-L1086)     Description:[MV_CC_OpenDevice] nPrivilegeMode[1], nSwitchoverKey[0], return[0x0]     Solution:
Info    2026-05-23 09:23:22  DevID:MV-CS016-10UC(DA5555123)  Source-Line:libMvCameraControl.so(CInterfaceManager.cpp-L3684)     Description:[MV_CC_GetImageInfo] return[0x0]     Solution:
Info    2026-05-23 09:23:22  DevID:MV-CS016-10UC(DA5555123)  Source-Line:libMvCameraControl.so(CInterfaceManager.cpp-L1703)     Description:U3V, DeviceModelName[MV-CS016-10UC], DeviceFirmwareVersion[V2.1.4 2309271116552 23092502], DeviceMaxThroughput[387500]     Solution:
Info    2026-05-23 09:23:22  DevID:MV-CS016-10UC(DA5555123)  Source-Line:libMvCameraControl.so(CInterfaceManager.cpp-L1708)     Description:U3V, Width[1440], Height[1080], OffsetX[0], OffsetY[0], PixelFormat[0x1080009], AcquisitionMode[2]     Solution:
Info    2026-05-23 09:23:22  DevID:MV-CS016-10UC(DA5555123)  Source-Line:libMvCameraControl.so(CInterfaceManager.cpp-L1713)     Description:U3V, TriggerMode[0], ResultingFrameRate[165.52], ExposureTime[1000.00], ExposureAuto[0], PayloadSize[1555200]     Solution:
Info    2026-05-23 09:23:22  DevID:MV-CS016-10UC(DA5555123)  Source-Line:libMvCameraControl.so(CInterfaceManager.cpp-L6315)     Description:CamCtrl RecvThread Start, ThreadId[134215232]     Solution:
Info    2026-05-23 09:23:22  DevID:MV-CS016-10UC(DA5555123)  Source-Line:libMvCameraControl.so(CInterfaceManager.cpp-L6083)     Description:CamCtrl Display Thread Start, ThreadId[125822528]     Solution:
Info    2026-05-23 09:23:22  DevID:MV-CS016-10UC(DA5555123)  Source-Line:libMvCameraControl.so(CInterfaceManager.cpp-L1795)     Description:There is no registration callback     Solution:
Info    2026-05-23 09:23:22  DevID:MV-CS016-10UC(DA5555123)  Source-Line:libMvCameraControl.so(CInterfaceManager.cpp-L1800)     Description:[MV_CC_StartGrabbing] return[0x0]     Solution:
Info    2026-05-23 09:23:53  DevID:MV-CS016-10UC(DA5555123)  Source-Line:libMvCameraControl.so(CInterfaceManager.cpp-L1888)     Description:[StopGrabbing] return[0x0]     Solution:
Info    2026-05-23 09:23:53  DevID:MV-CS016-10UC(DA5555123)  Source-Line:libMvCameraControl.so(CInterfaceManager.cpp-L6299)     Description:Display process exit     Solution:
Info    2026-05-23 09:23:53  DevID:MV-CS016-10UC(DA5555123)  Source-Line:libMvCameraControl.so(CInterfaceManager.cpp-L6545)     Description:RecvThread Process Exit     Solution:
Info    2026-05-23 09:23:54  DevID:MV-CS016-10UC(DA5555123)  Source-Line:libMvCameraControl.so(CInterfaceManager.cpp-L1166)     Description:[CloseDevice] return[0x0]     Solution:
Info    2026-05-23 09:24:38  DevID:MV-CS016-10UC(DA5555123)  Source-Line:libMvCameraControl.so(CInterfaceManager.cpp-L0809)     Description:Current dynamic library path[/home/whiteink/RM_PKA_Sentry_RMUC/install/rm_hik_camera_driver/lib/libMvCameraControl.so]     Solution:
Info    2026-05-23 09:24:38  DevID:MV-CS016-10UC(DA5555123)  Source-Line:libMvCameraControl.so(CInterfaceManager.cpp-L0812)     Description:CamCtl_Version: 3.2.1.0     Solution:
Info    2026-05-23 09:24:38  DevID:MV-CS016-10UC(DA5555123)  Source-Line:libMvCameraControl.so(CInterfaceManager.cpp-L0813)     Description:CamCtl_Description: BaseLine Build 20211203     Solution:
Info    2026-05-23 09:24:38  DevID:MV-CS016-10UC(DA5555123)  Source-Line:libMvCameraControl.so(CInterfaceManager.cpp-L0815)     Description:[MV_CC_CreateHandle] return[0x0]     Solution:
Info    2026-05-23 09:24:38  DevID:MV-CS016-10UC(DA5555123)  Source-Line:libMvCameraControl.so(CInterfaceManager.cpp-L6710)     Description:CamCtrl[0x3020100], U3V SDKVersion[0x3020100], DriverVersion[0x0]     Solution:
Info    2026-05-23 09:24:38  DevID:MV-CS016-10UC(DA5555123)  Source-Line:libMvCameraControl.so(CInterfaceManager.cpp-L4236)     Description:[MV_CC_InvalidateNodes] return[0x0]     Solution:
Info    2026-05-23 09:24:38  DevID:MV-CS016-10UC(DA5555123)  Source-Line:libMvCameraControl.so(CInterfaceManager.cpp-L1086)     Description:[MV_CC_OpenDevice] nPrivilegeMode[1], nSwitchoverKey[0], return[0x0]     Solution:
Info    2026-05-23 09:24:38  DevID:MV-CS016-10UC(DA5555123)  Source-Line:libMvCameraControl.so(CInterfaceManager.cpp-L3684)     Description:[MV_CC_GetImageInfo] return[0x0]     Solution:
Info    2026-05-23 09:24:38  DevID:MV-CS016-10UC(DA5555123)  Source-Line:libMvCameraControl.so(CInterfaceManager.cpp-L1703)     Description:U3V, DeviceModelName[MV-CS016-10UC], DeviceFirmwareVersion[V2.1.4 2309271116552 23092502], DeviceMaxThroughput[387500]     Solution:
Info    2026-05-23 09:24:38  DevID:MV-CS016-10UC(DA5555123)  Source-Line:libMvCameraControl.so(CInterfaceManager.cpp-L1708)     Description:U3V, Width[1440], Height[1080], OffsetX[0], OffsetY[0], PixelFormat[0x1080009], AcquisitionMode[2]     Solution:
Info    2026-05-23 09:24:38  DevID:MV-CS016-10UC(DA5555123)  Source-Line:libMvCameraControl.so(CInterfaceManager.cpp-L1713)     Description:U3V, TriggerMode[0], ResultingFrameRate[165.52], ExposureTime[2500.00], ExposureAuto[0], PayloadSize[1555200]     Solution:
Info    2026-05-23 09:24:38  DevID:MV-CS016-10UC(DA5555123)  Source-Line:libMvCameraControl.so(CInterfaceManager.cpp-L6315)     Description:CamCtrl RecvThread Start, ThreadId[864020032]     Solution:
Info    2026-05-23 09:24:38  DevID:MV-CS016-10UC(DA5555123)  Source-Line:libMvCameraControl.so(CInterfaceManager.cpp-L6083)     Description:CamCtrl Display Thread Start, ThreadId[855627328]     Solution:
Info    2026-05-23 09:24:38  DevID:MV-CS016-10UC(DA5555123)  Source-Line:libMvCameraControl.so(CInterfaceManager.cpp-L1795)     Description:There is no registration callback     Solution:
Info    2026-05-23 09:24:38  DevID:MV-CS016-10UC(DA5555123)  Source-Line:libMvCameraControl.so(CInterfaceManager.cpp-L1800)     Description:[MV_CC_StartGrabbing] return[0x0]     Solution:
Info    2026-05-23 09:25:01  DevID:MV-CS016-10UC(DA5555123)  Source-Line:libMvCameraControl.so(CInterfaceManager.cpp-L1888)     Description:[StopGrabbing] return[0x0]     Solution:
Info    2026-05-23 09:25:01  DevID:MV-CS016-10UC(DA5555123)  Source-Line:libMvCameraControl.so(CInterfaceManager.cpp-L6545)     Description:RecvThread Process Exit     Solution:
Info    2026-05-23 09:25:01  DevID:MV-CS016-10UC(DA5555123)  Source-Line:libMvCameraControl.so(CInterfaceManager.cpp-L6299)     Description:Display process exit     Solution:
Info    2026-05-23 09:25:01  DevID:MV-CS016-10UC(DA5555123)  Source-Line:libMvCameraControl.so(CInterfaceManager.cpp-L1166)     Description:[CloseDevice] return[0x0]     Solution:
Info    2026-05-23 11:26:43  DevID:MV-CS016-10UC(DA5555123)  Source-Line:libMvCameraControl.so(CInterfaceManager.cpp-L0809)     Description:Current dynamic library path[/home/whiteink/RM_PKA_Sentry_RMUC/install/rm_hik_camera_driver/lib/libMvCameraControl.so]     Solution:
Info    2026-05-23 11:26:43  DevID:MV-CS016-10UC(DA5555123)  Source-Line:libMvCameraControl.so(CInterfaceManager.cpp-L0812)     Description:CamCtl_Version: 3.2.1.0     Solution:
Info    2026-05-23 11:26:43  DevID:MV-CS016-10UC(DA5555123)  Source-Line:libMvCameraControl.so(CInterfaceManager.cpp-L0813)     Description:CamCtl_Description: BaseLine Build 20211203     Solution:
Info    2026-05-23 11:26:43  DevID:MV-CS016-10UC(DA5555123)  Source-Line:libMvCameraControl.so(CInterfaceManager.cpp-L0815)     Description:[MV_CC_CreateHandle] return[0x0]     Solution:
Info    2026-05-23 11:26:43  DevID:MV-CS016-10UC(DA5555123)  Source-Line:libMvCameraControl.so(CInterfaceManager.cpp-L6710)     Description:CamCtrl[0x3020100], U3V SDKVersion[0x3020100], DriverVersion[0x0]     Solution:
Info    2026-05-23 11:26:44  DevID:MV-CS016-10UC(DA5555123)  Source-Line:libMvCameraControl.so(CInterfaceManager.cpp-L4236)     Description:[MV_CC_InvalidateNodes] return[0x0]     Solution:
Info    2026-05-23 11:26:44  DevID:MV-CS016-10UC(DA5555123)  Source-Line:libMvCameraControl.so(CInterfaceManager.cpp-L1086)     Description:[MV_CC_OpenDevice] nPrivilegeMode[1], nSwitchoverKey[0], return[0x0]     Solution:
Info    2026-05-23 11:26:44  DevID:MV-CS016-10UC(DA5555123)  Source-Line:libMvCameraControl.so(CInterfaceManager.cpp-L3684)     Description:[MV_CC_GetImageInfo] return[0x0]     Solution:
Info    2026-05-23 11:26:44  DevID:MV-CS016-10UC(DA5555123)  Source-Line:libMvCameraControl.so(CInterfaceManager.cpp-L1703)     Description:U3V, DeviceModelName[MV-CS016-10UC], DeviceFirmwareVersion[V2.1.4 2309271116552 23092502], DeviceMaxThroughput[387500]     Solution:
Info    2026-05-23 11:26:44  DevID:MV-CS016-10UC(DA5555123)  Source-Line:libMvCameraControl.so(CInterfaceManager.cpp-L1708)     Description:U3V, Width[1440], Height[1080], OffsetX[0], OffsetY[0], PixelFormat[0x1080009], AcquisitionMode[2]     Solution:
Info    2026-05-23 11:26:44  DevID:MV-CS016-10UC(DA5555123)  Source-Line:libMvCameraControl.so(CInterfaceManager.cpp-L1713)     Description:U3V, TriggerMode[0], ResultingFrameRate[165.52], ExposureTime[2500.00], ExposureAuto[0], PayloadSize[1555200]     Solution:
Info    2026-05-23 11:26:44  DevID:MV-CS016-10UC(DA5555123)  Source-Line:libMvCameraControl.so(CInterfaceManager.cpp-L6315)     Description:CamCtrl RecvThread Start, ThreadId[1448683072]     Solution:
Info    2026-05-23 11:26:44  DevID:MV-CS016-10UC(DA5555123)  Source-Line:libMvCameraControl.so(CInterfaceManager.cpp-L6083)     Description:CamCtrl Display Thread Start, ThreadId[1440290368]     Solution:
Info    2026-05-23 11:26:44  DevID:MV-CS016-10UC(DA5555123)  Source-Line:libMvCameraControl.so(CInterfaceManager.cpp-L1795)     Description:There is no registration callback     Solution:
Info    2026-05-23 11:26:44  DevID:MV-CS016-10UC(DA5555123)  Source-Line:libMvCameraControl.so(CInterfaceManager.cpp-L1800)     Description:[MV_CC_StartGrabbing] return[0x0]     Solution:
Info    2026-05-23 11:38:27  DevID:MV-CS016-10UC(DA5555123)  Source-Line:libMvCameraControl.so(CInterfaceManager.cpp-L0809)     Description:Current dynamic library path[/home/whiteink/RM_PKA_Sentry_RMUC/install/rm_hik_camera_driver/lib/libMvCameraControl.so]     Solution:
Info    2026-05-23 11:38:27  DevID:MV-CS016-10UC(DA5555123)  Source-Line:libMvCameraControl.so(CInterfaceManager.cpp-L0812)     Description:CamCtl_Version: 3.2.1.0     Solution:
Info    2026-05-23 11:38:27  DevID:MV-CS016-10UC(DA5555123)  Source-Line:libMvCameraControl.so(CInterfaceManager.cpp-L0813)     Description:CamCtl_Description: BaseLine Build 20211203     Solution:
Info    2026-05-23 11:38:27  DevID:MV-CS016-10UC(DA5555123)  Source-Line:libMvCameraControl.so(CInterfaceManager.cpp-L0815)     Description:[MV_CC_CreateHandle] return[0x0]     Solution:
Info    2026-05-23 11:38:27  DevID:MV-CS016-10UC(DA5555123)  Source-Line:libMvCameraControl.so(CInterfaceManager.cpp-L6710)     Description:CamCtrl[0x3020100], U3V SDKVersion[0x3020100], DriverVersion[0x0]     Solution:
Info    2026-05-23 11:38:27  DevID:MV-CS016-10UC(DA5555123)  Source-Line:libMvCameraControl.so(CInterfaceManager.cpp-L4236)     Description:[MV_CC_InvalidateNodes] return[0x0]     Solution:
Info    2026-05-23 11:38:27  DevID:MV-CS016-10UC(DA5555123)  Source-Line:libMvCameraControl.so(CInterfaceManager.cpp-L1086)     Description:[MV_CC_OpenDevice] nPrivilegeMode[1], nSwitchoverKey[0], return[0x0]     Solution:
Info    2026-05-23 11:38:27  DevID:MV-CS016-10UC(DA5555123)  Source-Line:libMvCameraControl.so(CInterfaceManager.cpp-L3684)     Description:[MV_CC_GetImageInfo] return[0x0]     Solution:
Info    2026-05-23 11:38:27  DevID:MV-CS016-10UC(DA5555123)  Source-Line:libMvCameraControl.so(CInterfaceManager.cpp-L1703)     Description:U3V, DeviceModelName[MV-CS016-10UC], DeviceFirmwareVersion[V2.1.4 2309271116552 23092502], DeviceMaxThroughput[387500]     Solution:
Info    2026-05-23 11:38:27  DevID:MV-CS016-10UC(DA5555123)  Source-Line:libMvCameraControl.so(CInterfaceManager.cpp-L1708)     Description:U3V, Width[1440], Height[1080], OffsetX[0], OffsetY[0], PixelFormat[0x1080009], AcquisitionMode[2]     Solution:
Info    2026-05-23 11:38:27  DevID:MV-CS016-10UC(DA5555123)  Source-Line:libMvCameraControl.so(CInterfaceManager.cpp-L1713)     Description:U3V, TriggerMode[0], ResultingFrameRate[165.52], ExposureTime[2500.00], ExposureAuto[0], PayloadSize[1555200]     Solution:
Info    2026-05-23 11:38:27  DevID:MV-CS016-10UC(DA5555123)  Source-Line:libMvCameraControl.so(CInterfaceManager.cpp-L6315)     Description:CamCtrl RecvThread Start, ThreadId[1562814016]     Solution:
Info    2026-05-23 11:38:27  DevID:MV-CS016-10UC(DA5555123)  Source-Line:libMvCameraControl.so(CInterfaceManager.cpp-L6083)     Description:CamCtrl Display Thread Start, ThreadId[1554421312]     Solution:
Info    2026-05-23 11:38:27  DevID:MV-CS016-10UC(DA5555123)  Source-Line:libMvCameraControl.so(CInterfaceManager.cpp-L1795)     Description:There is no registration callback     Solution:
Info    2026-05-23 11:38:27  DevID:MV-CS016-10UC(DA5555123)  Source-Line:libMvCameraControl.so(CInterfaceManager.cpp-L1800)     Description:[MV_CC_StartGrabbing] return[0x0]     Solution:
Info    2026-05-23 19:11:40  DevID:MV-CS016-10UC(DA5555123)  Source-Line:libMvCameraControl.so(CInterfaceManager.cpp-L0809)     Description:Current dynamic library path[/home/whiteink/RM_PKA_Sentry_RMUC/install/rm_hik_camera_driver/lib/libMvCameraControl.so]     Solution:
Info    2026-05-23 19:11:40  DevID:MV-CS016-10UC(DA5555123)  Source-Line:libMvCameraControl.so(CInterfaceManager.cpp-L0812)     Description:CamCtl_Version: 3.2.1.0     Solution:
Info    2026-05-23 19:11:40  DevID:MV-CS016-10UC(DA5555123)  Source-Line:libMvCameraControl.so(CInterfaceManager.cpp-L0813)     Description:CamCtl_Description: BaseLine Build 20211203     Solution:
Info    2026-05-23 19:11:40  DevID:MV-CS016-10UC(DA5555123)  Source-Line:libMvCameraControl.so(CInterfaceManager.cpp-L0815)     Description:[MV_CC_CreateHandle] return[0x0]     Solution:
Info    2026-05-23 19:11:40  DevID:MV-CS016-10UC(DA5555123)  Source-Line:libMvCameraControl.so(CInterfaceManager.cpp-L6710)     Description:CamCtrl[0x3020100], U3V SDKVersion[0x3020100], DriverVersion[0x0]     Solution:
Info    2026-05-23 19:11:41  DevID:MV-CS016-10UC(DA5555123)  Source-Line:libMvCameraControl.so(CInterfaceManager.cpp-L4236)     Description:[MV_CC_InvalidateNodes] return[0x0]     Solution:
Info    2026-05-23 19:11:41  DevID:MV-CS016-10UC(DA5555123)  Source-Line:libMvCameraControl.so(CInterfaceManager.cpp-L1086)     Description:[MV_CC_OpenDevice] nPrivilegeMode[1], nSwitchoverKey[0], return[0x0]     Solution:
Info    2026-05-23 19:11:41  DevID:MV-CS016-10UC(DA5555123)  Source-Line:libMvCameraControl.so(CInterfaceManager.cpp-L3684)     Description:[MV_CC_GetImageInfo] return[0x0]     Solution:
Info    2026-05-23 19:11:41  DevID:MV-CS016-10UC(DA5555123)  Source-Line:libMvCameraControl.so(CInterfaceManager.cpp-L1703)     Description:U3V, DeviceModelName[MV-CS016-10UC], DeviceFirmwareVersion[V2.1.4 2309271116552 23092502], DeviceMaxThroughput[387500]     Solution:
Info    2026-05-23 19:11:41  DevID:MV-CS016-10UC(DA5555123)  Source-Line:libMvCameraControl.so(CInterfaceManager.cpp-L1708)     Description:U3V, Width[1440], Height[1080], OffsetX[0], OffsetY[0], PixelFormat[0x1080009], AcquisitionMode[2]     Solution:
Info    2026-05-23 19:11:41  DevID:MV-CS016-10UC(DA5555123)  Source-Line:libMvCameraControl.so(CInterfaceManager.cpp-L1713)     Description:U3V, TriggerMode[0], ResultingFrameRate[165.52], ExposureTime[2500.00], ExposureAuto[0], PayloadSize[1555200]     Solution:
Info    2026-05-23 19:11:41  DevID:MV-CS016-10UC(DA5555123)  Source-Line:libMvCameraControl.so(CInterfaceManager.cpp-L6315)     Description:CamCtrl RecvThread Start, ThreadId[1920005696]     Solution:
Info    2026-05-23 19:11:41  DevID:MV-CS016-10UC(DA5555123)  Source-Line:libMvCameraControl.so(CInterfaceManager.cpp-L6083)     Description:CamCtrl Display Thread Start, ThreadId[1911612992]     Solution:
Info    2026-05-23 19:11:41  DevID:MV-CS016-10UC(DA5555123)  Source-Line:libMvCameraControl.so(CInterfaceManager.cpp-L1795)     Description:There is no registration callback     Solution:
Info    2026-05-23 19:11:41  DevID:MV-CS016-10UC(DA5555123)  Source-Line:libMvCameraControl.so(CInterfaceManager.cpp-L1800)     Description:[MV_CC_StartGrabbing] return[0x0]     Solution:
Info    2026-05-23 19:13:14  DevID:MV-CS016-10UC(DA5555123)  Source-Line:libMvCameraControl.so(CInterfaceManager.cpp-L1888)     Description:[StopGrabbing] return[0x0]     Solution:
Info    2026-05-23 19:13:14  DevID:MV-CS016-10UC(DA5555123)  Source-Line:libMvCameraControl.so(CInterfaceManager.cpp-L6299)     Description:Display process exit     Solution:
Info    2026-05-23 19:13:14  DevID:MV-CS016-10UC(DA5555123)  Source-Line:libMvCameraControl.so(CInterfaceManager.cpp-L6545)     Description:RecvThread Process Exit     Solution:
Info    2026-05-23 19:13:15  DevID:MV-CS016-10UC(DA5555123)  Source-Line:libMvCameraControl.so(CInterfaceManager.cpp-L1166)     Description:[CloseDevice] return[0x0]     Solution:
Info    2026-05-23 19:13:36  DevID:MV-CS016-10UC(DA5555123)  Source-Line:libMvCameraControl.so(CInterfaceManager.cpp-L0809)     Description:Current dynamic library path[/home/whiteink/RM_PKA_Sentry_RMUC/install/rm_hik_camera_driver/lib/libMvCameraControl.so]     Solution:
Info    2026-05-23 19:13:36  DevID:MV-CS016-10UC(DA5555123)  Source-Line:libMvCameraControl.so(CInterfaceManager.cpp-L0812)     Description:CamCtl_Version: 3.2.1.0     Solution:
Info    2026-05-23 19:13:36  DevID:MV-CS016-10UC(DA5555123)  Source-Line:libMvCameraControl.so(CInterfaceManager.cpp-L0813)     Description:CamCtl_Description: BaseLine Build 20211203     Solution:
Info    2026-05-23 19:13:36  DevID:MV-CS016-10UC(DA5555123)  Source-Line:libMvCameraControl.so(CInterfaceManager.cpp-L0815)     Description:[MV_CC_CreateHandle] return[0x0]     Solution:
Info    2026-05-23 19:13:36  DevID:MV-CS016-10UC(DA5555123)  Source-Line:libMvCameraControl.so(CInterfaceManager.cpp-L6710)     Description:CamCtrl[0x3020100], U3V SDKVersion[0x3020100], DriverVersion[0x0]     Solution:
Info    2026-05-23 19:13:37  DevID:MV-CS016-10UC(DA5555123)  Source-Line:libMvCameraControl.so(CInterfaceManager.cpp-L4236)     Description:[MV_CC_InvalidateNodes] return[0x0]     Solution:
Info    2026-05-23 19:13:37  DevID:MV-CS016-10UC(DA5555123)  Source-Line:libMvCameraControl.so(CInterfaceManager.cpp-L1086)     Description:[MV_CC_OpenDevice] nPrivilegeMode[1], nSwitchoverKey[0], return[0x0]     Solution:
Info    2026-05-23 19:13:37  DevID:MV-CS016-10UC(DA5555123)  Source-Line:libMvCameraControl.so(CInterfaceManager.cpp-L3684)     Description:[MV_CC_GetImageInfo] return[0x0]     Solution:
Info    2026-05-23 19:13:37  DevID:MV-CS016-10UC(DA5555123)  Source-Line:libMvCameraControl.so(CInterfaceManager.cpp-L1703)     Description:U3V, DeviceModelName[MV-CS016-10UC], DeviceFirmwareVersion[V2.1.4 2309271116552 23092502], DeviceMaxThroughput[387500]     Solution:
Info    2026-05-23 19:13:37  DevID:MV-CS016-10UC(DA5555123)  Source-Line:libMvCameraControl.so(CInterfaceManager.cpp-L1708)     Description:U3V, Width[1440], Height[1080], OffsetX[0], OffsetY[0], PixelFormat[0x1080009], AcquisitionMode[2]     Solution:
Info    2026-05-23 19:13:37  DevID:MV-CS016-10UC(DA5555123)  Source-Line:libMvCameraControl.so(CInterfaceManager.cpp-L1713)     Description:U3V, TriggerMode[0], ResultingFrameRate[165.52], ExposureTime[2500.00], ExposureAuto[0], PayloadSize[1555200]     Solution:
Info    2026-05-23 19:13:37  DevID:MV-CS016-10UC(DA5555123)  Source-Line:libMvCameraControl.so(CInterfaceManager.cpp-L6315)     Description:CamCtrl RecvThread Start, ThreadId[-422562240]     Solution:
Info    2026-05-23 19:13:37  DevID:MV-CS016-10UC(DA5555123)  Source-Line:libMvCameraControl.so(CInterfaceManager.cpp-L6083)     Description:CamCtrl Display Thread Start, ThreadId[-430954944]     Solution:
Info    2026-05-23 19:13:37  DevID:MV-CS016-10UC(DA5555123)  Source-Line:libMvCameraControl.so(CInterfaceManager.cpp-L1795)     Description:There is no registration callback     Solution:
Info    2026-05-23 19:13:37  DevID:MV-CS016-10UC(DA5555123)  Source-Line:libMvCameraControl.so(CInterfaceManager.cpp-L1800)     Description:[MV_CC_StartGrabbing] return[0x0]     Solution:
Info    2026-05-23 19:13:58  DevID:MV-CS016-10UC(DA5555123)  Source-Line:libMvCameraControl.so(CInterfaceManager.cpp-L1888)     Description:[StopGrabbing] return[0x0]     Solution:
Info    2026-05-23 19:13:58  DevID:MV-CS016-10UC(DA5555123)  Source-Line:libMvCameraControl.so(CInterfaceManager.cpp-L6299)     Description:Display process exit     Solution:
Info    2026-05-23 19:13:58  DevID:MV-CS016-10UC(DA5555123)  Source-Line:libMvCameraControl.so(CInterfaceManager.cpp-L6545)     Description:RecvThread Process Exit     Solution:
Info    2026-05-23 19:13:58  DevID:MV-CS016-10UC(DA5555123)  Source-Line:libMvCameraControl.so(CInterfaceManager.cpp-L1166)     Description:[CloseDevice] return[0x0]     Solution:
Info    2026-05-23 21:16:04  DevID:MV-CS016-10UC(DA5555123)  Source-Line:libMvCameraControl.so(CInterfaceManager.cpp-L0809)     Description:Current dynamic library path[/home/whiteink/RM_PKA_Sentry_RMUC/install/rm_hik_camera_driver/lib/libMvCameraControl.so]     Solution:
Info    2026-05-23 21:16:04  DevID:MV-CS016-10UC(DA5555123)  Source-Line:libMvCameraControl.so(CInterfaceManager.cpp-L0812)     Description:CamCtl_Version: 3.2.1.0     Solution:
Info    2026-05-23 21:16:04  DevID:MV-CS016-10UC(DA5555123)  Source-Line:libMvCameraControl.so(CInterfaceManager.cpp-L0813)     Description:CamCtl_Description: BaseLine Build 20211203     Solution:
Info    2026-05-23 21:16:04  DevID:MV-CS016-10UC(DA5555123)  Source-Line:libMvCameraControl.so(CInterfaceManager.cpp-L0815)     Description:[MV_CC_CreateHandle] return[0x0]     Solution:
Info    2026-05-23 21:16:04  DevID:MV-CS016-10UC(DA5555123)  Source-Line:libMvCameraControl.so(CInterfaceManager.cpp-L6710)     Description:CamCtrl[0x3020100], U3V SDKVersion[0x3020100], DriverVersion[0x0]     Solution:
Info    2026-05-23 21:16:05  DevID:MV-CS016-10UC(DA5555123)  Source-Line:libMvCameraControl.so(CInterfaceManager.cpp-L4236)     Description:[MV_CC_InvalidateNodes] return[0x0]     Solution:
Info    2026-05-23 21:16:05  DevID:MV-CS016-10UC(DA5555123)  Source-Line:libMvCameraControl.so(CInterfaceManager.cpp-L1086)     Description:[MV_CC_OpenDevice] nPrivilegeMode[1], nSwitchoverKey[0], return[0x0]     Solution:
Info    2026-05-23 21:16:05  DevID:MV-CS016-10UC(DA5555123)  Source-Line:libMvCameraControl.so(CInterfaceManager.cpp-L3684)     Description:[MV_CC_GetImageInfo] return[0x0]     Solution:
Info    2026-05-23 21:16:05  DevID:MV-CS016-10UC(DA5555123)  Source-Line:libMvCameraControl.so(CInterfaceManager.cpp-L1703)     Description:U3V, DeviceModelName[MV-CS016-10UC], DeviceFirmwareVersion[V2.1.4 2309271116552 23092502], DeviceMaxThroughput[387500]     Solution:
Info    2026-05-23 21:16:05  DevID:MV-CS016-10UC(DA5555123)  Source-Line:libMvCameraControl.so(CInterfaceManager.cpp-L1708)     Description:U3V, Width[1440], Height[1080], OffsetX[0], OffsetY[0], PixelFormat[0x1080009], AcquisitionMode[2]     Solution:
Info    2026-05-23 21:16:05  DevID:MV-CS016-10UC(DA5555123)  Source-Line:libMvCameraControl.so(CInterfaceManager.cpp-L1713)     Description:U3V, TriggerMode[0], ResultingFrameRate[165.52], ExposureTime[2500.00], ExposureAuto[0], PayloadSize[1555200]     Solution:
Info    2026-05-23 21:16:05  DevID:MV-CS016-10UC(DA5555123)  Source-Line:libMvCameraControl.so(CInterfaceManager.cpp-L6315)     Description:CamCtrl RecvThread Start, ThreadId[1285502528]     Solution:
Info    2026-05-23 21:16:05  DevID:MV-CS016-10UC(DA5555123)  Source-Line:libMvCameraControl.so(CInterfaceManager.cpp-L6083)     Description:CamCtrl Display Thread Start, ThreadId[872412736]     Solution:
Info    2026-05-23 21:16:05  DevID:MV-CS016-10UC(DA5555123)  Source-Line:libMvCameraControl.so(CInterfaceManager.cpp-L1795)     Description:There is no registration callback     Solution:
Info    2026-05-23 21:16:05  DevID:MV-CS016-10UC(DA5555123)  Source-Line:libMvCameraControl.so(CInterfaceManager.cpp-L1800)     Description:[MV_CC_StartGrabbing] return[0x0]     Solution:
Error   2026-05-23 21:27:43  DevID:MV-CS016-10UC(DA5555123)  Source-Line:libMvCameraControl.so(CInterfaceManager.cpp-L4492)     Description:[MV_CC_ReadMemory]Address[0x0x30808], Length[4], return[0x80000301]     Solution:
Error   2026-05-23 21:27:43  DevID:MV-CS016-10UC(DA5555123)  Source-Line:libMvCameraControl.so(XmlParse.cpp-L3943)     Description:Set Acquisition Stop Execute Failed, ErrorCode[0x80000301]     Solution:
Info    2026-05-23 21:28:59  DevID:MV-CS016-10UC(DA5555123)  Source-Line:libMvCameraControl.so(CInterfaceManager.cpp-L0809)     Description:Current dynamic library path[/home/whiteink/RM_PKA_Sentry_RMUC/install/rm_hik_camera_driver/lib/libMvCameraControl.so]     Solution:
Info    2026-05-23 21:28:59  DevID:MV-CS016-10UC(DA5555123)  Source-Line:libMvCameraControl.so(CInterfaceManager.cpp-L0812)     Description:CamCtl_Version: 3.2.1.0     Solution:
Info    2026-05-23 21:28:59  DevID:MV-CS016-10UC(DA5555123)  Source-Line:libMvCameraControl.so(CInterfaceManager.cpp-L0813)     Description:CamCtl_Description: BaseLine Build 20211203     Solution:
Info    2026-05-23 21:28:59  DevID:MV-CS016-10UC(DA5555123)  Source-Line:libMvCameraControl.so(CInterfaceManager.cpp-L0815)     Description:[MV_CC_CreateHandle] return[0x0]     Solution:
Info    2026-05-23 21:28:59  DevID:MV-CS016-10UC(DA5555123)  Source-Line:libMvCameraControl.so(CInterfaceManager.cpp-L6710)     Description:CamCtrl[0x3020100], U3V SDKVersion[0x3020100], DriverVersion[0x0]     Solution:
Info    2026-05-23 21:29:00  DevID:MV-CS016-10UC(DA5555123)  Source-Line:libMvCameraControl.so(CInterfaceManager.cpp-L4236)     Description:[MV_CC_InvalidateNodes] return[0x0]     Solution:
Info    2026-05-23 21:29:00  DevID:MV-CS016-10UC(DA5555123)  Source-Line:libMvCameraControl.so(CInterfaceManager.cpp-L1086)     Description:[MV_CC_OpenDevice] nPrivilegeMode[1], nSwitchoverKey[0], return[0x0]     Solution:
Info    2026-05-23 21:29:00  DevID:MV-CS016-10UC(DA5555123)  Source-Line:libMvCameraControl.so(CInterfaceManager.cpp-L3684)     Description:[MV_CC_GetImageInfo] return[0x0]     Solution:
Info    2026-05-23 21:29:00  DevID:MV-CS016-10UC(DA5555123)  Source-Line:libMvCameraControl.so(CInterfaceManager.cpp-L1703)     Description:U3V, DeviceModelName[MV-CS016-10UC], DeviceFirmwareVersion[V2.1.4 2309271116552 23092502], DeviceMaxThroughput[387500]     Solution:
Info    2026-05-23 21:29:00  DevID:MV-CS016-10UC(DA5555123)  Source-Line:libMvCameraControl.so(CInterfaceManager.cpp-L1708)     Description:U3V, Width[1440], Height[1080], OffsetX[0], OffsetY[0], PixelFormat[0x1080009], AcquisitionMode[2]     Solution:
Info    2026-05-23 21:29:00  DevID:MV-CS016-10UC(DA5555123)  Source-Line:libMvCameraControl.so(CInterfaceManager.cpp-L1713)     Description:U3V, TriggerMode[0], ResultingFrameRate[165.52], ExposureTime[2500.00], ExposureAuto[0], PayloadSize[1555200]     Solution:
Info    2026-05-23 21:29:00  DevID:MV-CS016-10UC(DA5555123)  Source-Line:libMvCameraControl.so(CInterfaceManager.cpp-L6315)     Description:CamCtrl RecvThread Start, ThreadId[181417536]     Solution:
Info    2026-05-23 21:29:00  DevID:MV-CS016-10UC(DA5555123)  Source-Line:libMvCameraControl.so(CInterfaceManager.cpp-L6083)     Description:CamCtrl Display Thread Start, ThreadId[173024832]     Solution:
Info    2026-05-23 21:29:00  DevID:MV-CS016-10UC(DA5555123)  Source-Line:libMvCameraControl.so(CInterfaceManager.cpp-L1795)     Description:There is no registration callback     Solution:
Info    2026-05-23 21:29:00  DevID:MV-CS016-10UC(DA5555123)  Source-Line:libMvCameraControl.so(CInterfaceManager.cpp-L1800)     Description:[MV_CC_StartGrabbing] return[0x0]     Solution:
Info    2026-05-23 21:29:59  DevID:MV-CS016-10UC(DA5555123)  Source-Line:libMvCameraControl.so(CInterfaceManager.cpp-L1888)     Description:[StopGrabbing] return[0x0]     Solution:
Info    2026-05-23 21:29:59  DevID:MV-CS016-10UC(DA5555123)  Source-Line:libMvCameraControl.so(CInterfaceManager.cpp-L1703)     Description:U3V, DeviceModelName[MV-CS016-10UC], DeviceFirmwareVersion[V2.1.4 2309271116552 23092502], DeviceMaxThroughput[387500]     Solution:
Info    2026-05-23 21:29:59  DevID:MV-CS016-10UC(DA5555123)  Source-Line:libMvCameraControl.so(CInterfaceManager.cpp-L1708)     Description:U3V, Width[1440], Height[1080], OffsetX[0], OffsetY[0], PixelFormat[0x1080009], AcquisitionMode[2]     Solution:
Info    2026-05-23 21:29:59  DevID:MV-CS016-10UC(DA5555123)  Source-Line:libMvCameraControl.so(CInterfaceManager.cpp-L1713)     Description:U3V, TriggerMode[0], ResultingFrameRate[165.52], ExposureTime[2500.00], ExposureAuto[0], PayloadSize[1555200]     Solution:
Info    2026-05-23 21:29:59  DevID:MV-CS016-10UC(DA5555123)  Source-Line:libMvCameraControl.so(CInterfaceManager.cpp-L1795)     Description:There is no registration callback     Solution:
Info    2026-05-23 21:29:59  DevID:MV-CS016-10UC(DA5555123)  Source-Line:libMvCameraControl.so(CInterfaceManager.cpp-L1800)     Description:[MV_CC_StartGrabbing] return[0x0]     Solution:
